month,conventional,bias_corrected,se_rbc_hc3,ci_low_hc3,ci_high_hc3,p_hc3,high_income_units,eligible_low_income_units,warnings,joint_se,joint_ci_low,joint_ci_high,joint_p,full_joint_se,hc3_p_holm_53_pre
2019-01-01,-0.9320260609963542,0.11975410868546277,0.6909681804057339,-1.2345186393729504,1.474026856743876,0.8624050185468762,79,119,Mass points detected in the running variable.,0.6685130931877069,-1.2419625013682236,1.4814707187391563,0.8589611047640916,0.3550354567928479,1.0
2019-02-01,0.20123937122461566,0.26517985370796704,0.3477513507700431,-0.4164002693764727,0.9467599767924068,0.4457282772483653,79,119,Mass points detected in the running variable.,0.32830214534136326,-0.40354973286734075,0.9339094402832735,0.42520924204791777,0.24538601900452495,1.0
2019-03-01,0.19861958609648145,0.12583715923531913,0.37887052541928723,-0.616735425390251,0.8684097438608892,0.739785335102551,79,119,Mass points detected in the running variable.,0.33915706980969623,-0.5650031849302801,0.8166775034009108,0.7130609401128258,0.18016736878621997,1.0
2019-04-01,-0.26841236376471844,-0.5197322274311256,0.356939217210131,-1.2193202378329018,0.17985578297065064,0.1453703724290422,79,119,Mass points detected in the running variable.,0.2722378382459603,-1.074262557505826,0.03479810264356209,0.06524980168840402,0.27804911168158175,1.0
2019-05-01,0.47451948741778116,0.6558475200921476,0.543553274919902,-0.40949732242965897,1.7211923626139543,0.22758896396517603,79,119,Mass points detected in the running variable.,0.5470371324701251,-0.45843065514705406,1.7701256953313422,0.23936663455541327,0.24678847590458614,1.0
2019-06-01,0.18471359897591055,0.12283303163133841,0.29541495266161333,-0.4561696360800287,0.7018356993427055,0.6775576115598732,79,119,Mass points detected in the running variable.,0.2347021101154227,-0.35523952224321304,0.6009055855058845,0.6043313820502472,0.09358528834046403,1.0
2019-07-01,-0.09390889016761594,-0.39514245921450697,0.42727501600443946,-1.2325861020769835,0.44230118364796955,0.35507174735188407,79,119,Mass points detected in the running variable.,0.471621442715119,-1.3558039013717027,0.5655189829426652,0.40833608840139723,0.3622420240227701,1.0
2019-08-01,0.5486137387073649,0.6993196840437528,0.4109019315518418,-0.1060333029757996,1.5046726710633052,0.08877152101472756,79,119,Mass points detected in the running variable.,0.3152849307695734,0.05710529586869684,1.3415340722188043,0.033770680204749826,0.15835385638762656,1.0
2019-09-01,0.17830016197809906,0.07173303959148658,0.4465451638067846,-0.8034793989403501,0.9469454781233233,0.8723769053847207,79,119,Mass points detected in the running variable.,0.45185553797257494,-0.8486665721319576,0.9921326513149219,0.8748618284039861,0.10709349649641789,1.0
2019-10-01,0.18171222776360985,0.27193088202523885,0.45500062622421766,-0.6198539583173986,1.1637157223678765,0.5500738496599795,79,119,Mass points detected in the running variable.,0.47143665470287177,-0.6883541592683456,1.232215923318786,0.5681015376570593,0.24318788931071356,1.0
2019-11-01,-0.018625720950399938,-0.32268224598223183,0.29848114415879773,-0.9076945385977833,0.2623300466333196,0.27966115556547155,79,119,Mass points detected in the running variable.,0.2623856487664798,-0.8571443228000875,0.21177983083561935,0.2277368187628671,0.2357851876991037,1.0
2019-12-01,0.16864304526920204,0.2077983775879153,0.30954900719384904,-0.39890652796215886,0.8145032831379895,0.502033284265625,79,119,Mass points detected in the running variable.,0.2727428646348534,-0.34776065757764707,0.7633574127534684,0.45170847195849606,0.1622920771227918,1.0
2020-01-01,-0.7102130947217269,0.9696495386618533,1.152139030226673,-1.2885014657653304,3.227800543089037,0.4000073545717068,79,119,Mass points detected in the running variable.,0.8150055308483435,-0.6904624022275518,2.62976147955123,0.2428989634724518,0.5292328115368421,1.0
2020-02-01,0.06965578343488188,-0.18789287165493063,0.3373656504400805,-0.8491173961384179,0.4733316528285566,0.5775675201205512,79,119,Mass points detected in the running variable.,0.21293383988789136,-0.6216249100735786,0.2458391667637022,0.38414115759897427,0.29931999982883206,1.0
2020-03-01,-0.05448061770988755,0.37144920645695745,0.3800242077486495,-0.3733845539837629,1.116282966897678,0.3283535236473223,79,119,Mass points detected in the running variable.,0.229370680701796,-0.09576358107666405,0.8386619939905932,0.11517039254733603,0.14035801630689287,1.0
2020-04-01,0.4768586004191142,0.44527335797584044,0.3687721032407997,-0.27750668287921343,1.1680533988308943,0.22725943047575548,79,119,Mass points detected in the running variable.,0.2660249349664596,-0.09660170224914888,0.9871484182008242,0.10391823894584572,0.1662611891422309,1.0
2020-05-01,0.03721594670784967,-0.3377844987317671,0.29232889762205977,-0.9107386097113008,0.23516961224776667,0.2478878921257538,79,119,Mass points detected in the running variable.,0.2871750808633838,-0.9227409963532559,0.24717199888969865,0.24817864117630237,0.16276265017592043,1.0
2020-06-01,0.07332102264323215,-0.17316959858114522,0.31951396667825405,-0.799405465828054,0.4530662686657636,0.5878335366160587,79,119,Mass points detected in the running variable.,0.2316950263724434,-0.6451169233130427,0.2987777261507522,0.4602774459865455,0.10530409793374414,1.0
2020-07-01,0.45515423232859975,-0.003920527918611194,0.44528995492979134,-0.8766728022584661,0.8688317464212437,0.9929751653998795,79,119,Mass points detected in the running variable.,0.39796790774559765,-0.8145546288326687,0.8067135729954539,0.9922010355208937,0.32023291553556177,1.0
2020-08-01,0.2956642944526835,0.2646740841833708,0.3411986211848146,-0.40406292491359086,0.9334110932803324,0.4379152114999991,79,119,Mass points detected in the running variable.,0.3891123526338657,-0.5279218412487551,1.0572700096154968,0.501269948895174,0.2342786921253255,1.0
2020-09-01,0.1757535376307473,0.3015575793404808,0.390786363342379,-0.4643696184599656,1.067484777140927,0.4403107123350657,79,119,Mass points detected in the running variable.,0.3265738985112521,-0.363651683640846,0.9667668423218031,0.36271073051565195,0.19649291185256956,1.0
2020-10-01,0.4252964773600012,0.7827081576339574,0.3994750634626075,-0.0002485794746057701,1.5656648947425205,0.05007278104788459,79,119,Mass points detected in the running variable.,0.42770736745995497,-0.08850324038876722,1.6539195556566813,0.07657795904452683,0.22739465410869839,1.0
2020-11-01,0.18304799282677608,0.6998676887647541,0.43734333586363383,-0.1573094984065727,1.5570448759360809,0.10953856285537422,79,119,Mass points detected in the running variable.,0.3920444672313474,-0.0987007586578259,1.498436136187339,0.08371552777337306,0.22246373666009608,1.0
2020-12-01,0.2202688351981772,-0.48178099081227455,0.5969309371093907,-1.6517441288044243,0.6881821471798752,0.4196107719180088,79,119,Mass points detected in the running variable.,0.6728293777522902,-1.8522895848154344,0.8887276031908693,0.47915227151944173,0.7808070828978647,1.0
2021-01-01,-0.2459145171083028,-0.2987350495030796,0.5223696343559945,-1.3225607194581857,0.7250906204520264,0.567400287353574,79,119,Mass points detected in the running variable.,0.4985805465845236,-1.3143103892416792,0.7168402902354774,0.5532774948432635,0.42216037437434145,1.0
2021-02-01,0.10029474512601677,0.0667604418824248,0.4021333354528211,-0.7214064125880686,0.8549272963529182,0.8681446051755982,79,119,Mass points detected in the running variable.,0.4249260026805838,-0.7987855014808846,0.9323063852457102,0.8761446916312703,0.16379728964184312,1.0
2021-03-01,0.243451807213654,0.2983910507260079,0.40481602943412,-0.49503378732937364,1.0918158887813894,0.46105980358400656,79,119,Mass points detected in the running variable.,0.34893138374454524,-0.4123589194029327,1.0091410208549396,0.3988219653304256,0.11310645445204973,1.0
2021-04-01,-0.2577457041888107,0.128751034011382,0.41123847088513577,-0.6772615579808077,0.9347636260035717,0.754218971739353,79,119,Mass points detected in the running variable.,0.35995445651065583,-0.6044522005822357,0.8619542686049917,0.7229260773248456,0.13917394476128842,1.0
2021-05-01,0.44587307552712874,0.6746605774963172,0.5940639830517039,-0.4896834337974356,1.8390045887900701,0.2560947471922954,79,119,Mass points detected in the running variable.,0.5290669801111585,-0.4030135952158387,1.752334750208483,0.21142295933638616,0.08475043737541511,1.0
2021-06-01,-0.11012375378461714,-0.1310758107087322,0.49665396810672846,-1.1044997009768247,0.8423480795593602,0.7918432778561638,79,119,Mass points detected in the running variable.,0.4727151285640943,-1.0939650180389724,0.831813396621492,0.7833463665508488,0.12240446196579856,1.0
2021-07-01,-0.6883669178107281,-0.8627283317078955,0.40411901847666243,-1.6547870533898306,-0.0706696100259605,0.032774306892239216,79,119,Mass points detected in the running variable.,0.39381100961432725,-1.664895108213016,-0.0605615552027966,0.03587119814510284,0.331805579950646,1.0
2021-08-01,0.45121978533435314,0.2191783927702442,0.5370491567226943,-0.8334186123338436,1.271775397874332,0.6831884604541295,79,119,Mass points detected in the running variable.,0.47265889611546247,-0.743596272810396,1.181953058350863,0.6459918224284111,0.33979685765884104,1.0
2021-09-01,-0.04966315737737004,-0.34992926074829356,0.3823529940820643,-1.099327358530196,0.3994688370336089,0.36008691842933616,79,119,Mass points detected in the running variable.,0.32082680241628747,-1.003432072065726,0.3035735505691175,0.2835451909485751,0.2506882138689966,1.0
2021-10-01,0.059923281054763855,-0.14943456505772623,0.5415512508320821,-1.2108555124712241,0.9119863823557717,0.782595692410103,79,119,Mass points detected in the running variable.,0.5998950178715283,-1.3713807295358285,1.0725115994203902,0.8048744739402676,0.2750409938316211,1.0
2021-11-01,-0.03445844010430177,0.3684635494513304,0.4558833822549693,-0.5250514609187158,1.2619785598213766,0.41895197482296065,79,119,Mass points detected in the running variable.,0.5766497269911022,-0.8061335069540165,1.543060605856664,0.5273881599581958,0.15269458737758876,1.0
2021-12-01,0.33016435536232613,0.6894522713956079,0.42517132072708724,-0.1438682044888112,1.522772747280027,0.10489181561266325,79,119,Mass points detected in the running variable.,0.39055784558256845,-0.10608802682146934,1.4849925696126807,0.08705541416609734,0.1698141395822998,1.0
2022-01-01,-0.18288039383354082,0.3069421808155468,0.6478654650541861,-0.9628507975179508,1.5767351591490444,0.6356606720713294,79,119,Mass points detected in the running variable.,0.5587494756703871,-0.8311932568182743,1.445077618449446,0.5865871456963805,0.6034142199293048,1.0
2022-02-01,0.6577899805235701,0.6895377903575834,0.3675535613436923,-0.030853952265486928,1.4099295329806538,0.06065254926489895,79,119,Mass points detected in the running variable.,0.3861874081423379,-0.09710021811197422,1.4761757988271518,0.08366162561710132,0.20518310662441858,1.0
2022-03-01,3.2893442227333636,1.657971757749537,2.3717870145647364,-2.9906453697971234,6.306588885296197,0.4845276227826164,79,119,Mass points detected in the running variable.,2.5672418223359577,-3.5713287108918585,6.8872722263909125,0.5230015807681356,3.4868398625553017,1.0
2022-04-01,0.013571655465022925,-0.2905746154752369,0.37909158080169186,-1.0335804606889087,0.45243122973843497,0.44337741030588773,79,119,Mass points detected in the running variable.,0.31184717699952136,-0.9257865283694636,0.3446372974189943,0.3584247172492261,0.146185586171819,1.0
2022-05-01,0.05168374550118804,-0.14269026385089156,0.3784362844812105,-0.8844117518772183,0.5990312241754352,0.706134753448507,79,119,Mass points detected in the running variable.,0.297964554764604,-0.7496242006201628,0.46424367291836766,0.63527781202395,0.09688827346328183,1.0
2022-06-01,0.7029105957066211,0.8880588467409773,0.7209720421134937,-0.5250203896617656,2.3011380831437203,0.21804169103712945,79,119,Mass points detected in the running variable.,0.6140145549272227,-0.362647873560102,2.138765567042045,0.1578132554204571,0.23863678276010714,1.0
2022-07-01,0.36119320125297927,0.3898208798713272,0.3921668092158619,-0.3788119421237527,1.158453701866407,0.3202140887904753,79,119,Mass points detected in the running variable.,0.4130565989795071,-0.45154787932625573,1.2311896390689154,0.35237039172274986,0.2827331422101637,1.0
2022-08-01,0.0761282677067121,-0.0992908898981888,0.27131262588622096,-0.6310538651861715,0.43247208538979387,0.71439128944339,79,119,Mass points detected in the running variable.,0.22705697403281225,-0.5617908111707828,0.36320903137439636,0.6648345254396439,0.14227806297194778,1.0
2022-09-01,0.36695630603018303,-0.09353667831236434,0.40319111546260666,-0.8837767435056039,0.6967033868808752,0.8165450652656064,79,119,Mass points detected in the running variable.,0.33255244476274237,-0.7709238414987789,0.583850484874028,0.7803149283329681,0.15580453670076133,1.0
2022-10-01,0.10001560166250734,-0.17493914478917771,0.44121644917367175,-1.0397074945562217,0.6898292049778663,0.6917415192724544,79,119,Mass points detected in the running variable.,0.4095544325171612,-1.0091742243452708,0.6592959347669003,0.6721341444343546,0.2359904142868339,1.0
2022-11-01,0.11246220795761097,-0.22893235789844057,0.32917912900609886,-0.8741115952126586,0.4162468794157774,0.48676432822886917,79,119,Mass points detected in the running variable.,0.2874114601846204,-0.8143703444410557,0.35650562864416124,0.4315931522373443,0.14124568450388358,1.0
2022-12-01,0.01968965315017357,-0.3564850438623397,0.266510977624048,-0.878836961490034,0.16586687376535458,0.18102691317071729,79,119,Mass points detected in the running variable.,0.18443152412633132,-0.7321597649404354,0.019189677215745327,0.062140967904562014,0.07716129831557646,1.0
2023-01-01,-0.170222439215153,0.0678645839967249,0.49215805534984425,-0.8967474791902403,1.0324766471836901,0.8903258928359539,79,119,Mass points detected in the running variable.,0.4726903359824489,-0.8949741224972958,1.0307032904907207,0.8867396197660822,0.2263586953728516,1.0
2023-02-01,0.4230743916748292,0.751862663425193,0.4704854641634476,-0.17027190158477457,1.6739972284351605,0.11003025718119976,79,119,Mass points detected in the running variable.,0.5233657896285393,-0.3141985642954981,1.8179238911458948,0.1605397983390598,0.5413284174194232,1.0
2023-03-01,0.6457912816458689,0.17042006565112322,0.4333572478976308,-0.6789445326676292,1.0197846639698755,0.6941308764502572,79,119,Mass points detected in the running variable.,0.33595977058406107,-0.513907593112767,0.854747724414993,0.6154483291359478,0.12590080745954488,1.0
2023-04-01,0.36219620166282285,0.2845259633481536,0.5351611872936415,-0.764370689671078,1.3334226163673852,0.5949586962531419,79,119,Mass points detected in the running variable.,0.5158759173180424,-0.7662788937250384,1.335330820421335,0.5850950611808732,0.24284097251714185,1.0
2023-05-01,-0.1916874676388347,-0.13641169046264867,0.3213709901865822,-0.766287256904325,0.49346387597902763,0.6712245628749129,79,119,Mass points detected in the running variable.,0.25489954714211904,-0.6556250772693109,0.3828016963440135,0.5962399088328565,0.16668868929014716,1.0
2023-06-01,0.7470105465773966,1.477525138570266,0.4806769939015454,0.5354155423262578,2.419634734814274,0.0021132130910205284,79,119,Mass points detected in the running variable.,0.4229201006359558,0.616065083965397,2.338985193175157,0.0014169195121910539,0.23093715925849262,
2023-07-01,-0.05994113674405055,0.2228548307078566,0.3961662750094131,-0.5536168001999835,0.9993264616156967,0.5737559737676607,79,119,Mass points detected in the running variable.,0.2634829991646236,-0.31384247572544977,0.7595521371411337,0.4039428384420345,0.32051927435587685,
2023-08-01,-0.18214476594376583,-0.2786091651059155,0.29411988805657696,-0.8550735528337587,0.29785522262192776,0.3435042989592795,79,119,Mass points detected in the running variable.,0.23824568044850153,-0.7638997355468099,0.20668140533497625,0.2508717649498936,0.23758604987508306,
2023-09-01,0.4900241046256495,0.367902019606988,0.4486754285785219,-0.5114856611549882,1.247289700368964,0.4122311404774177,79,119,Mass points detected in the running variable.,0.3629313678890835,-0.3713649850338593,1.1071690242478582,0.3183316270101734,0.21460908507351825,
2023-10-01,0.5174387841129948,0.764767015322017,0.45661661438628676,-0.13018510361771896,1.6597191342617528,0.0939625145557765,79,119,Mass points detected in the running variable.,0.38677933169257345,-0.023076701963800517,1.5526107326078336,0.056679613967189686,0.2901005720874917,
2023-11-01,0.5595771319103418,0.46402184847432437,0.3699583189564725,-0.26108313246134374,1.1891268294099926,0.2097495534445054,79,119,Mass points detected in the running variable.,0.3265610179211097,-0.2011611776034592,1.1292048745521008,0.16500775242438992,0.2261550814439423,
2023-12-01,0.1776840880908166,0.021100270723241943,0.3303671861527453,-0.6264075158099784,0.6686080572564623,0.9490744183939229,79,119,Mass points detected in the running variable.,0.26613416022035674,-0.5209972740633656,0.5631978155098295,0.9373002069489128,0.09151875536555133,
2024-01-01,0.42262340020753264,0.8392220194588429,0.8937881332791617,-0.9125705315775998,2.5910145704952856,0.34775661625433163,79,119,Mass points detected in the running variable.,0.7582793303607165,-0.7053424322094926,2.383786471127189,0.2766548055672732,0.4120004940825751,
2024-02-01,0.20069247041140814,0.3237993732614244,0.3526713063733276,-0.3674236856109889,1.0150224321338377,0.35854893027842294,79,119,Mass points detected in the running variable.,0.3303308320763684,-0.34906251296783897,0.9966612594907095,0.3343270232230887,0.3255674409976306,
2024-03-01,0.2762673626870167,0.7224521358976479,0.38581420081816453,-0.03372980243005841,1.4786340742253543,0.06113207225183042,79,119,Mass points detected in the running variable.,0.45785914330832167,-0.2101764197151409,1.6550806915104537,0.1244262287202769,0.11839807727012695,
2024-04-01,0.34996934098625143,0.470899738561275,0.47741979602304735,-0.4648258671503568,1.4066253442729066,0.32396475919674417,79,119,Mass points detected in the running variable.,0.5449970853745344,-0.6392229967266851,1.581022473849236,0.39399613408178136,0.3407707640990622,
2024-05-01,0.3074122254048137,0.589990766839426,0.5402428988872938,-0.4688658578831839,1.6488473915620359,0.2747960668090178,79,119,Mass points detected in the running variable.,0.47775913439066414,-0.38317274414356217,1.5631542778223964,0.2258540261847761,0.23438385689694338,
2024-06-01,0.756291818236408,0.9639694232842704,0.9406187091853784,-0.8796093699036263,2.807548216472167,0.3054458409488152,79,119,Mass points detected in the running variable.,0.8694495826246965,-0.8070414220214333,2.7349802685899918,0.2758178109945222,0.20964600700983524,
2024-07-01,0.31262727742788865,0.9370986074580845,0.7322996681216775,-0.49818236795103776,2.3723795828672065,0.20066280951159954,79,119,Mass points detected in the running variable.,0.5959150762009162,-0.2767406811261306,2.1509378960422962,0.12566249877179725,0.417433365967375,
2024-08-01,0.27105046365388397,-0.1544213435090782,0.29236994822298323,-0.7274559121879657,0.41861322516980926,0.597380618442273,79,119,Mass points detected in the running variable.,0.24950351617363992,-0.6626433749137117,0.35380068789553576,0.5403540276948564,0.15147044998576742,
2024-09-01,0.25714534465276007,0.4871780919130284,0.2992731759924967,-0.09938655457118228,1.073742738397239,0.10355226465484882,79,119,Mass points detected in the running variable.,0.23820840544127467,0.0019634481772352053,0.9723927356488251,0.049133738068503845,0.11611327943413964,
2024-10-01,0.4613246643243585,0.6334644127546589,0.7598842006888791,-0.8558812530165505,2.1228100785258683,0.4044879225877396,79,119,Mass points detected in the running variable.,0.7575648826005206,-0.9096447564487908,2.176573581958084,0.4092516185041474,0.2788090760202185,
2024-11-01,0.4224072818279425,0.46565651666921726,0.26858849075990837,-0.060767251882172246,0.9920802852206068,0.08296825299691112,79,119,Mass points detected in the running variable.,0.3323449471842791,-0.21130798778093107,1.1426210211193575,0.1708009587248508,0.20875976892537232,
2024-12-01,-0.19716522257463476,0.29530199836058424,0.6761252180477838,-1.029879078052363,1.6204830747735315,0.6622880409237466,79,119,Mass points detected in the running variable.,0.4807895271722086,-0.6840342207229113,1.2746382174440647,0.5434241275844452,0.19327616415104346,
2025-01-01,-0.23880184401584437,-0.07448505783056181,0.567384021702257,-1.186537305770478,1.0375671901093544,0.8955553692038485,79,119,Mass points detected in the running variable.,0.43909230581821995,-0.96888681640848,0.8199167007473439,0.8663657153100693,0.5182812394404086,
2025-02-01,0.179409214002348,0.5523365097570734,0.4709105150760829,-0.37063113973325523,1.4753041592474019,0.2408311686525907,79,119,Mass points detected in the running variable.,0.5287123611007746,-0.5246153276686125,1.6292883471827575,0.3039976116380388,0.3424710284944295,
2025-03-01,-0.03873190333012699,-0.17857738803424583,0.341235643654681,-0.8473869598387644,0.4902321837702728,0.6007476072684205,79,119,Mass points detected in the running variable.,0.3003302692632007,-0.7903301275468253,0.43317535147830255,0.5562898546585571,0.20910199392982456,
2025-04-01,0.15883638350484297,0.9299883396223656,0.6608589312252018,-0.36527136444066244,2.2252480436853936,0.1593556882359629,79,119,Mass points detected in the running variable.,0.3526952140563502,0.21157169803219877,1.6484049812125536,0.0128060818069822,0.3091728357024616,
2025-05-01,-0.1156331192489568,-0.21644633274572067,0.33662969122340947,-0.8762284036704423,0.44333573817900096,0.5202367422839568,79,119,Mass points detected in the running variable.,0.2965400766609558,-0.8204787025686355,0.3875860370771951,0.4707575853199337,0.14301952422598907,
2025-06-01,1.1793770521049356,0.41111730507235844,1.2914148615871215,-2.1200093127381785,2.9422439228828954,0.750222172081088,79,119,Mass points detected in the running variable.,1.2424599433738492,-2.119690781499401,2.941925391644084,0.7428847262888405,1.2561661540822817,
2025-07-01,-0.1212727038920649,-0.1842742881409043,0.41553964057284287,-0.9987170178123953,0.6301684415305867,0.657434648095123,79,119,Mass points detected in the running variable.,0.3332161311211297,-0.8630133362003144,0.4944647599184898,0.5840946533189733,0.19993753918998783,
2025-08-01,-0.33479930850515327,-0.5479048369083046,0.27827842693973076,-1.0933205313846375,-0.002489142431971625,0.04896356762240347,79,119,Mass points detected in the running variable.,0.24436057456133395,-1.045651039059359,-0.0501586347572604,0.03200812421952549,0.15351961918912102,
2025-09-01,0.02651821623217998,-0.18932040908959102,0.4854157324046619,-1.1407177621318607,0.7620769439526788,0.6965239436529758,79,119,Mass points detected in the running variable.,0.3869867946087339,-0.9775867145068811,0.5989458963276706,0.6280249278851946,0.14631075515086253,
2025-10-01,0.4358250785455229,0.09872093870750254,0.41514973002386135,-0.7149575803307925,0.9123994577457976,0.812039333365575,79,119,Mass points detected in the running variable.,0.2434259695188086,-0.39712153526945515,0.5945634126844718,0.6877735469620123,0.16435167454528798,
2025-11-01,-0.6295301240711275,-0.06406858865727916,0.499676097001969,-1.043415742716681,0.9152785654021226,0.8979746837409082,79,119,Mass points detected in the running variable.,0.4103516918277654,-0.8999276322865458,0.7717904549719324,0.8769106491089667,0.18880928603982464,
2025-12-01,-0.09808426657545821,-0.14771323143215564,0.3101512326535284,-0.7555984771937745,0.4601720143294632,0.6338877682535995,79,119,Mass points detected in the running variable.,0.3004571283597675,-0.7597243744684421,0.4642979116041219,0.6263376186823015,0.17727049770213552,
2026-01-01,0.11432469907485476,-0.04729975787231,0.5006654460745077,-1.0285860004820258,0.9339864847374056,0.9247328087438738,79,119,Mass points detected in the running variable.,0.44889267701207025,-0.9616642193132682,0.8670647035686349,0.9167400701057306,0.45902073126728987,
2026-02-01,0.34290894815066997,0.2702093679355797,0.37254319992314966,-0.45996188659909865,1.000380622470258,0.4682617741600965,79,119,Mass points detected in the running variable.,0.36521263035130985,-0.4737044162797732,1.01412315215093,0.46477346900046024,0.13818391524428264,
2026-03-01,-0.02449098099531577,0.17801652331833795,0.4645485652266253,-0.7324819335956038,1.0885149802322798,0.7015690631367014,79,119,Mass points detected in the running variable.,0.3817995146910559,-0.5996836386727519,0.9557166853094411,0.6441903881361752,0.16095518127647238,
2026-04-01,0.44861347976900845,0.1529060260010806,0.5479321307637383,-0.9210212162681377,1.226833268270299,0.7801986596525083,79,119,Mass points detected in the running variable.,0.5543115654032251,-0.9761896842343207,1.2820017362364668,0.7844380490537496,0.1732136790679921,
2026-05-01,0.16191405526936453,0.09678353992784183,0.3891473380059639,-0.6659312272434824,0.8594983070991661,0.8035876863292138,79,119,Mass points detected in the running variable.,0.3292178335592496,-0.5738112425106903,0.7673783223663766,0.770671464485438,0.42950095707928204,
2026-06-01,-0.10150359048439084,-0.14335054084728638,0.33921200572004506,-0.8081938551821695,0.5214927734875967,0.6725881006295362,79,119,Mass points detected in the running variable.,0.3177054623103769,-0.790495390426691,0.5037943087321352,0.654884239721748,0.25370692883516643,
