bandwidth,scope,kind,groups,max_group_units,max_group_share,size_concentration_equivalent_groups,cross_cutoff_groups
500,selected,epci,74,8,0.07920792079207921,51.78172588832487,10
500,selected,department,36,10,0.09900990099009901,23.55889145496536,15
500,selected,joint,36,10,0.09900990099009901,23.55889145496536,15
500,full,epci,45,12,0.1188118811881188,26.223650385604113,15
500,full,department,15,44,0.43564356435643564,4.2275176129299625,6
500,full,joint,15,44,0.43564356435643564,4.2275176129299625,6
750,selected,epci,93,9,0.056962025316455694,58.60093896713615,17
750,selected,department,37,19,0.12025316455696203,20.803333333333335,19
750,selected,joint,37,19,0.12025316455696203,20.803333333333335,19
750,full,epci,51,20,0.12658227848101267,19.687697160883282,16
750,full,department,11,94,0.5949367088607594,2.5359609914668835,6
750,full,joint,11,94,0.5949367088607594,2.5359609914668835,6
1000,selected,epci,110,11,0.05555555555555555,66.90102389078498,19
1000,selected,department,33,35,0.17676767676767677,12.367192429022081,17
1000,selected,joint,33,35,0.17676767676767677,12.367192429022081,17
1000,full,epci,56,24,0.12121212121212122,18.81190019193858,17
1000,full,department,10,157,0.7929292929292929,1.571554557844945,6
1000,full,joint,10,157,0.7929292929292929,1.571554557844945,6
1500,selected,epci,130,12,0.04460966542750929,74.5221421215242,22
1500,selected,department,36,80,0.29739776951672864,8.193975767183785,19
1500,selected,joint,36,80,0.29739776951672864,8.193975767183785,19
1500,full,epci,56,33,0.12267657992565056,16.119625751837827,17
1500,full,department,10,200,0.7434944237918215,1.7672731713273904,6
1500,full,joint,10,200,0.7434944237918215,1.7672731713273904,6
