period,bandwidth,conventional,bias_corrected,se_rbc_hc3,ci_low_hc3,ci_high_hc3,p_hc3,high_income_units,eligible_low_income_units,warnings,joint_se,joint_ci_low,joint_ci_high,joint_p,full_joint_se,full_joint_ci_low,full_joint_ci_high,full_joint_p,full_joint_groups,joint_groups,max_leverage,eligible_distinct_scores,high_income_distinct_scores
primary_2024H2,500,0.4128536078323881,0.15320816186206,0.31563457363354447,-0.4654242347353429,0.7718405584594629,0.6273945651494122,41,60,Mass points detected in the running variable.,0.2935421705937481,-0.4427141259361288,0.7491304496602363,0.6050074753845469,0.42478849579354616,-0.7578725490961997,1.0642888728203073,0.7237305437795571,15,36,0.3539142566444222,33,30
placebo_2019H2,500,0.02501114768656043,-0.03625356617080833,0.2641562274473127,-0.5539902582595121,0.48148312591789544,0.8908388040216525,41,60,Mass points detected in the running variable.,0.26272316904576604,-0.5696099545856675,0.49710282224406155,0.8910379767116494,0.15323544110454826,-0.36491090036891644,0.29240376802731044,0.816403485098549,15,36,0.3539142566444222,33,30
placebo_2020H2,500,0.27256470142097955,0.08270246022434158,0.26570631682647783,-0.43807235122034394,0.6034772716690271,0.7556066579840243,41,60,Mass points detected in the running variable.,0.21952243143478758,-0.3629517682602147,0.5283566887088943,0.7086427236029693,0.14316412350979424,-0.22435404606676168,0.3897589665154413,0.5726573467567746,15,36,0.3539142566444222,33,30
placebo_2021H2,500,-0.07340161205468831,-0.509593853372446,0.290403530664487,-1.0787743144581137,0.05958660771322166,0.07929721346506134,41,60,Mass points detected in the running variable.,0.24054531320085365,-0.997926800804969,-0.021260905939939456,0.04130541033768583,0.11956114199611213,-0.766026999117861,-0.25316070762704745,0.0007892480577741408,15,36,0.3539142566444222,33,30
placebo_2022H2,500,-0.13922563351486694,-0.4662254238521282,0.26614603873389636,-0.9878620743985672,0.05541122669431087,0.07981415481398664,41,60,Mass points detected in the running variable.,0.1850140905780883,-0.8418239959727305,-0.09062685173152235,0.016452505435226788,0.1768133812326175,-0.845452410165425,-0.08699843753882774,0.01952490101322157,15,36,0.3539142566444222,33,30
primary_2024H2,750,0.33611654173163696,0.46599032056777334,0.2530991219673224,-0.030074843006889063,0.9620554841424358,0.06560139072101831,62,96,Mass points detected in the running variable.,0.21479631940598728,0.030363193747830752,0.9016174473877576,0.03672919874228314,0.150701378701044,0.13020672363931662,0.8017739174962718,0.011402243902031987,11,37,0.2218568470092223,52,43
placebo_2019H2,750,0.14191356919213716,-0.019285807304121327,0.19160855661411844,-0.3948316773974974,0.35626006278925476,0.9198266215079814,62,96,Mass points detected in the running variable.,0.20652834593714428,-0.43814470673164724,0.3995730921234277,0.9261187220612059,0.09765415270124456,-0.23687281899346962,0.19830120438525006,0.8473999270752717,11,37,0.2218568470092223,52,43
placebo_2020H2,750,0.28149957240963985,0.23308231425649328,0.21448084324827996,-0.18729241388391626,0.6534570423969028,0.27715708435272335,62,96,Mass points detected in the running variable.,0.19461793095628208,-0.16162114399914584,0.6277857725121804,0.2388832832850398,0.20263891724876812,-0.21842533018557114,0.6845899586986057,0.27681061655624695,11,37,0.2218568470092223,52,43
placebo_2021H2,750,0.02889334876138916,-0.1488065775368339,0.24119000965467288,-0.6215303098908607,0.32391715481719285,0.5372556696730295,62,96,Mass points detected in the running variable.,0.217638354443378,-0.590197618566703,0.2925844634930406,0.498521255793998,0.20136850960736974,-0.5974835773552867,0.29987042228162425,0.4769083082208876,11,37,0.2218568470092223,52,43
placebo_2022H2,750,0.09218943176315442,-0.2987087342685375,0.21473164260975477,-0.7195750201247832,0.1221575515877083,0.16420139362917074,62,96,Mass points detected in the running variable.,0.15661869358323466,-0.6163461671660693,0.018928698629037788,0.06449379026319865,0.1481411959403585,-0.6287878885197791,0.031370419982747644,0.07141065874172683,11,37,0.2218568470092223,52,43
primary_2024H2,1000,0.25456496821870545,0.4440463806077477,0.23867436852624388,-0.023746785736530496,0.911839546952026,0.0628191311907854,79,119,Mass points detected in the running variable.,0.1544165633737725,0.1295101338891947,0.7585826273263088,0.007115824091970303,0.0852460640925428,0.25120638612532836,0.636886375090175,0.0005573202734388426,10,33,0.1623157990151068,67,56
placebo_2019H2,1000,0.16078909376670758,0.08882621300860372,0.1667698224053899,-0.23803663261410146,0.4156890586313089,0.5942913812263277,79,119,Mass points detected in the running variable.,0.14043330633207887,-0.19722707119155786,0.3748794972087582,0.5315441936630563,0.06489565239178291,-0.05797795188022112,0.23563037789742144,0.20426499447633512,10,33,0.1623157990151068,67,56
placebo_2020H2,1000,0.2925308949661649,0.2605176651986154,0.21903643407949486,-0.16878585689927622,0.689821187296507,0.23428996762184728,79,119,Mass points detected in the running variable.,0.230517416746438,-0.2090309472205018,0.7300662776177131,0.2668160100039911,0.20691990847579575,-0.20756768787362612,0.7286030182708374,0.23969472673240047,10,33,0.1623157990151068,67,56
placebo_2021H2,1000,0.011469817743171795,-0.014166323982784945,0.22709180621554592,-0.45925808534940415,0.43092543738383426,0.9502590394915258,79,119,Mass points detected in the running variable.,0.26695283964770283,-0.557931464192545,0.5295988162269822,0.9580086193711992,0.18838949718030315,-0.440332974414378,0.41200032644881524,0.9417029226134186,10,33,0.1623157990151068,67,56
placebo_2022H2,1000,0.17274087296002616,-0.09389387248152703,0.19278266487776688,-0.47174095248560494,0.2839532075225509,0.6262262964101535,79,119,Mass points detected in the running variable.,0.13545740982183327,-0.3698115871663728,0.1820238422032912,0.4932088316178006,0.09947102672049495,-0.318912968062509,0.1311252230994274,0.36985288415069106,10,33,0.1623157990151068,67,56
primary_2024H2,1500,0.33021385853574214,0.20216268462160025,0.18631116029303385,-0.16300047947061508,0.5673258487138155,0.2778858185227334,100,169,Mass points detected in the running variable.,0.1484532091466792,-0.0992133522412817,0.5035387214844778,0.18196458254181996,0.12906220779380015,-0.08979631317831321,0.4941216824215093,0.15169759624311743,10,36,0.10333261553039606,99,72
placebo_2019H2,1500,0.3713872543623338,-0.0526581557968564,0.18442631309477578,-0.41412708726412467,0.3088107756704119,0.7752426486318442,100,169,Mass points detected in the running variable.,0.15184121573813816,-0.3609122117020276,0.25559590010830235,0.7308199583682689,0.13956228424815145,-0.3683699767573127,0.26305366516358747,0.7146871406699709,10,36,0.10333261553039606,99,72
placebo_2020H2,1500,0.49380378831779037,0.1352058702902066,0.20104549891476264,-0.2588360668366147,0.5292478074170279,0.5012566645997585,100,169,Mass points detected in the running variable.,0.17881119478117455,-0.22780015389498232,0.49821189447537506,0.4546262014828828,0.16719614078510786,-0.2430180771694866,0.5134298177498793,0.43955973395233805,10,36,0.10333261553039606,99,72
placebo_2021H2,1500,0.14331159929920378,-0.13854961716902858,0.196987173298825,-0.5246373822510758,0.24753814791301865,0.48184180512219277,100,169,Mass points detected in the running variable.,0.21618125691007542,-0.5774209007612928,0.30032166642324365,0.5257650044143788,0.22460800836065573,-0.6466482320910705,0.3695489977530213,0.5526157803773084,10,36,0.10333261553039606,99,72
placebo_2022H2,1500,0.3662313451627899,-0.05053711291750629,0.19953071631536287,-0.4416101307050961,0.3405359048700835,0.8000519542460307,100,169,Mass points detected in the running variable.,0.19664106058017908,-0.44973968902089306,0.34866546318586183,0.7986822263481701,0.166592595393349,-0.427395745846192,0.32632152001116077,0.7685128925655078,10,36,0.10333261553039606,99,72
