month,event_month,coefficient,se,ci_low,ci_high,reference,clustering
2019-01,-66,-0.2791131032117929,0.17526129593263104,-0.6259235792767068,0.06769737285312111,2023-05,EPCI_components
2019-02,-65,-0.0283100567566144,0.14381993318312422,-0.3129037500158279,0.25628363650259905,2023-05,EPCI_components
2019-03,-64,-0.09020985135666137,0.14188055646308526,-0.3709658680771571,0.19054616536383434,2023-05,EPCI_components
2019-04,-63,-0.17270705463160071,0.1347236813987019,-0.43930090716742665,0.09388679790422524,2023-05,EPCI_components
2019-05,-62,-0.25258224662240175,0.13243953231832117,-0.5146561803378478,0.009491687093044321,2023-05,EPCI_components
2019-06,-61,-0.04789790356471545,0.12285043767097376,-0.29099674947209003,0.19520094234265917,2023-05,EPCI_components
2019-07,-60,0.0030561517117625525,0.15428716011287216,-0.3022502946699701,0.3083625980934952,2023-05,EPCI_components
2019-08,-59,-0.3574438354215452,0.14040853828510344,-0.6352869938160457,-0.07960067702704471,2023-05,EPCI_components
2019-09,-58,-0.13769772686056606,0.12812772925909108,-0.39123938045271234,0.11584392673158025,2023-05,EPCI_components
2019-10,-57,-0.20862356545364585,0.1359729463424104,-0.4776894878640738,0.06044235695678207,2023-05,EPCI_components
2019-11,-56,-0.07764149291510332,0.13464754913804355,-0.3440846934463192,0.1888017076161126,2023-05,EPCI_components
2019-12,-55,-0.06732663553912281,0.13548897053843914,-0.33543485717433974,0.2007815860960941,2023-05,EPCI_components
2020-01,-54,-0.06726748980611318,0.1575689170548268,-0.3790679409326591,0.24453296132043273,2023-05,EPCI_components
2020-02,-53,-0.18572656771247514,0.12929948120865953,-0.4415869069522275,0.07013377152727723,2023-05,EPCI_components
2020-03,-52,-0.2194200000631528,0.12059197142647514,-0.45804974884749694,0.019209748721191383,2023-05,EPCI_components
2020-04,-51,-0.10248122365650368,0.11478091018719883,-0.32961193094334307,0.12464948363033572,2023-05,EPCI_components
2020-05,-50,-0.09985247467308388,0.14712514216953046,-0.3909865800407996,0.19128163069463183,2023-05,EPCI_components
2020-06,-49,-0.11282548632607511,0.14414811482725282,-0.39806859183361376,0.17241761918146356,2023-05,EPCI_components
2020-07,-48,-0.04421418229254001,0.13457412713026212,-0.3105120939204825,0.22208372933540252,2023-05,EPCI_components
2020-08,-47,-0.11244301975354859,0.12312468255946162,-0.35608454680354923,0.13119850729645205,2023-05,EPCI_components
2020-09,-46,-0.044314582395749716,0.15337521915384772,-0.34781646219328954,0.25918729740179014,2023-05,EPCI_components
2020-10,-45,0.11782936340928171,0.1466705086462694,-0.1724051042614844,0.40806383108004785,2023-05,EPCI_components
2020-11,-44,-0.14448505931253888,0.14884762497943424,-0.43902764731264354,0.1500575286875658,2023-05,EPCI_components
2020-12,-43,-0.13585178923405336,0.1506051709504869,-0.43387224353477605,0.16216866506666935,2023-05,EPCI_components
2021-01,-42,-0.13483334161693705,0.20027871439741132,-0.5311487740472354,0.2614820908133613,2023-05,EPCI_components
2021-02,-41,-0.3551267509891076,0.14612569326519345,-0.6442831273410062,-0.065970374637209,2023-05,EPCI_components
2021-03,-40,-0.10723554938288704,0.13382802021906476,-0.37205705007999207,0.157585951314218,2023-05,EPCI_components
2021-04,-39,-0.17625803393296027,0.1578867840498157,-0.4886874864786205,0.1361714186126999,2023-05,EPCI_components
2021-05,-38,-0.07728826345858024,0.1279741954063983,-0.33052610126378335,0.17594957434662284,2023-05,EPCI_components
2021-06,-37,-0.2044114913736438,0.14795288492116984,-0.49718355026799377,0.08836056752070612,2023-05,EPCI_components
2021-07,-36,-0.15523295160279907,0.15489087407099833,-0.46173403895823106,0.15126813575263295,2023-05,EPCI_components
2021-08,-35,-0.1451121351257066,0.1223956015043625,-0.38731094234151164,0.09708667209009844,2023-05,EPCI_components
2021-09,-34,-0.2570140944191715,0.1662436787512795,-0.5859803334493563,0.07195214461101335,2023-05,EPCI_components
2021-10,-33,-0.2816492162492636,0.13455279719338786,-0.5479049197814458,-0.015393512717081337,2023-05,EPCI_components
2021-11,-32,-0.15048327582425974,0.1571297255441739,-0.46141464621005984,0.16044809456154036,2023-05,EPCI_components
2021-12,-31,-0.017304051811246918,0.1350103286708968,-0.2844651275688551,0.24985702394636125,2023-05,EPCI_components
2022-01,-30,-0.34705586462144,0.19746849419557205,-0.737810378419585,0.04369864917670496,2023-05,EPCI_components
2022-02,-29,-0.22226050596179706,0.14403985999559582,-0.5072893946937294,0.06276838277013522,2023-05,EPCI_components
2022-03,-28,-0.07116413574528302,0.19134775752712518,-0.44980681625727,0.30747854476670394,2023-05,EPCI_components
2022-04,-27,-0.0045812883296865335,0.14005726915352393,-0.28172934850468717,0.27256677184531414,2023-05,EPCI_components
2022-05,-26,-0.1513971653352472,0.13592106565791653,-0.4203604252337261,0.11756609456323172,2023-05,EPCI_components
2022-06,-25,-0.157375863140345,0.11220753109584793,-0.3794143176110808,0.06466259133039085,2023-05,EPCI_components
2022-07,-24,-0.15140410286137418,0.11939144999398363,-0.38765823638330155,0.08485003066055316,2023-05,EPCI_components
2022-08,-23,-0.09309097669003573,0.14410690656545627,-0.3782525384841412,0.1920705851040697,2023-05,EPCI_components
2022-09,-22,-0.04775967764089482,0.13879629663536783,-0.3224125007642729,0.22689314548248327,2023-05,EPCI_components
2022-10,-21,-0.15126849579813442,0.1469145617109866,-0.4419859004408616,0.13944890884459274,2023-05,EPCI_components
2022-11,-20,-0.06265580034427996,0.12733664008483903,-0.3146320312247421,0.18932043053618214,2023-05,EPCI_components
2022-12,-19,-0.12897337082478189,0.15064479508181094,-0.4270722341306134,0.16912549248104963,2023-05,EPCI_components
2023-01,-18,-0.31717427034000645,0.20784865191719293,-0.7284692430107597,0.09412070233074676,2023-05,EPCI_components
2023-02,-17,-0.029624773875502046,0.15790054366017522,-0.3420814542069312,0.2828319064559271,2023-05,EPCI_components
2023-03,-16,-0.1950717544289456,0.12639701200631345,-0.44518863091228694,0.05504512205439577,2023-05,EPCI_components
2023-04,-15,-0.2892114914672683,0.15412671211774917,-0.5942004402219513,0.015777457287414642,2023-05,EPCI_components
2023-05,-14,0.0,0.0,0.0,0.0,2023-05,EPCI_components
2023-06,-13,-0.09834128105105829,0.14522187450474966,-0.38570916318397996,0.18902660108186342,2023-05,EPCI_components
2023-07,-12,-0.2003023577562394,0.13874492018310464,-0.47485351615225646,0.07424880063977768,2023-05,EPCI_components
2023-08,-11,-0.17105083759861395,0.12290617251360254,-0.41425997270134474,0.07215829750411684,2023-05,EPCI_components
2023-09,-10,-0.1580644806734674,0.1603202328397446,-0.4753092892212835,0.15918032787434871,2023-05,EPCI_components
2023-10,-9,-0.22377111770875888,0.1377180897276205,-0.49629036394065906,0.04874812852314134,2023-05,EPCI_components
2023-11,-8,-0.2572067608340169,0.14506153391245577,-0.5442573578707052,0.029843836202671392,2023-05,EPCI_components
2023-12,-7,-0.283803396906586,0.15922927979870635,-0.5988894062653766,0.03128261245220454,2023-05,EPCI_components
2024-01,-6,-0.09751351159755181,0.19291084207957326,-0.4792492543562804,0.28422223116117673,2023-05,EPCI_components
2024-02,-5,-0.09386383953732007,0.15405597578013341,-0.39871281384531726,0.2109851347706771,2023-05,EPCI_components
2024-03,-4,-0.0965694909368611,0.14374602143815784,-0.3810169261912928,0.18787794431757057,2023-05,EPCI_components
2024-04,-3,0.0941952079879256,0.1488322975784614,-0.20031704985171814,0.3887074658275693,2023-05,EPCI_components
2024-05,-2,-0.15009281768700689,0.12986512232006733,-0.4070724586076314,0.10688682323361764,2023-05,EPCI_components
2024-06,-1,-0.17622865142220634,0.15523582721717016,-0.4834123388018327,0.13095503595742003,2023-05,EPCI_components
2024-07,0,0.06164188305586529,0.15394968167985218,-0.2429967544100741,0.3662805205218047,2023-05,EPCI_components
2024-08,1,0.08086551107274907,0.12011683581157782,-0.15682403007521384,0.318555052220712,2023-05,EPCI_components
2024-09,2,0.004754949054411752,0.15082463124041673,-0.2936997775551108,0.3032096756639343,2023-05,EPCI_components
2024-10,3,0.20228982920614988,0.14235000277181462,-0.07939513704054316,0.48397479545284294,2023-05,EPCI_components
2024-11,4,-0.07198262322471884,0.1232029114765788,-0.3157789511840879,0.17181370473465019,2023-05,EPCI_components
2024-12,5,-0.1141633526068244,0.14231313130222198,-0.39577535686921517,0.16744865165556633,2023-05,EPCI_components
2025-01,6,-0.04235313283095743,0.18402702297268458,-0.40650940079840664,0.3218031351364918,2023-05,EPCI_components
2025-02,7,-0.013811439591716152,0.16028712406516588,-0.3309907318496266,0.30336785266619426,2023-05,EPCI_components
2025-03,8,0.04826777630411448,0.1275147387168455,-0.20406087962846187,0.30059643223669086,2023-05,EPCI_components
2025-04,9,-0.27914894668657814,0.1586308257180422,-0.5930507234199411,0.03475283004678492,2023-05,EPCI_components
2025-05,10,0.09135809373709536,0.12481356845728593,-0.1556254337193665,0.3383416211935572,2023-05,EPCI_components
2025-06,11,0.03224842078450818,0.18381411416595458,-0.33148653907707815,0.3959833806460945,2023-05,EPCI_components
2025-07,12,0.06925629307645574,0.120429349436131,-0.16905165613662682,0.3075642422895383,2023-05,EPCI_components
2025-08,13,-0.166383652533632,0.12728104160199957,-0.41824986405015274,0.08548255898288878,2023-05,EPCI_components
2025-09,14,-0.108980010057257,0.12556455756599905,-0.3574496094323727,0.13948958931785865,2023-05,EPCI_components
2025-10,15,-0.2810782721451886,0.16408592143758188,-0.6057746988519288,0.04361815456155166,2023-05,EPCI_components
2025-11,16,0.008691556722049135,0.13111252718913327,-0.25075647332113865,0.2681395867652369,2023-05,EPCI_components
2025-12,17,-0.10878116676200854,0.13576139713250013,-0.3774284714633198,0.1598661379393027,2023-05,EPCI_components
2026-01,18,-0.010192494004028042,0.17807787771226136,-0.36257647711549973,0.3421914891074436,2023-05,EPCI_components
2026-02,19,0.05904961813646659,0.1362219767660089,-0.21050909054090783,0.328608326813841,2023-05,EPCI_components
2026-03,20,-0.11635940259102112,0.14826384550093644,-0.4097467963551288,0.17702799117308654,2023-05,EPCI_components
2026-04,21,-0.19244440922626996,0.1664172784025039,-0.5217541706375114,0.13686535218497145,2023-05,EPCI_components
2026-05,22,0.014323276452866312,0.1288625730662226,-0.24067250041977087,0.2693190533255035,2023-05,EPCI_components
2026-06,23,0.08573953329023434,0.15679226851004305,-0.2245240705243123,0.39600313710478097,2023-05,EPCI_components
