month,treated_per1000,control_per1000,pair_total_entries
2019-01,1.8680643113162945,2.0340830832347185,3535.0
2019-02,1.2601113487461681,1.1753270742094135,2194.0
2019-03,1.310690048440073,1.2878055685033631,2349.0
2019-04,1.3708161907341085,1.4304289140723365,2569.0
2019-05,0.9703024355841494,1.1097903509131817,1980.0
2019-06,1.0739563516543051,1.0087599239256506,2128.0
2019-07,1.3995294718872313,1.2833789888820981,2525.0
2019-08,0.7500013737118055,0.9943508778399798,1616.0
2019-09,1.168969761863147,1.1935731574303425,2498.0
2019-10,1.3295517535873034,1.4250809877475814,2712.0
2019-11,1.1602837496827016,1.124830911304436,2135.0
2019-12,1.1859700282602,1.1402023325059532,2067.0
2020-01,2.2316504785003994,2.185823637013144,3943.0
2020-02,1.1576509589419588,1.2302831953610638,2367.0
2020-03,1.1373271013337094,1.243652770103493,2064.0
2020-04,0.7655650643152276,0.7549519566783613,1455.0
2020-05,1.0072265371281859,0.9939846805078987,1778.0
2020-06,1.2992588632393207,1.298990018272025,2406.0
2020-07,1.501273696926068,1.432393547925237,2863.0
2020-08,0.9430182541720606,0.9423669426322394,1805.0
2020-09,1.5370513810885005,1.4682716321908822,2874.0
2020-10,1.720932401500839,1.4900087067981873,3102.0
2020-11,1.2945590074456474,1.3259497354648164,2566.0
2020-12,1.1272933712679583,1.150050829208642,2114.0
2021-01,2.3139530504971977,2.3356920608207643,4321.0
2021-02,1.1989247664391776,1.4409571861349153,2621.0
2021-03,1.6190964074493415,1.613237625538859,3045.0
2021-04,1.7712387290973908,1.8344024317369811,3216.0
2021-05,1.476161814875986,1.440355747041197,2741.0
2021-06,1.4404415145292777,1.5317586746095502,2838.0
2021-07,1.594714201657821,1.6368528219672516,3002.0
2021-08,1.0811996389874607,1.1132174428197954,2004.0
2021-09,1.6027635841551588,1.7466833472809582,3113.0
2021-10,1.672119931306862,1.8406748162627564,3183.0
2021-11,1.4081524392702678,1.445541383801158,2672.0
2021-12,1.2733530987900903,1.1775628193079664,2332.0
2022-01,2.404307327006343,2.63826886033441,4677.0
2022-02,1.472695880897458,1.5818620555658855,2936.0
2022-03,1.6809756621474436,1.6390454665993586,3129.0
2022-04,1.8241608444284936,1.7156478014648098,3209.0
2022-05,1.3911106685133208,1.4294135025551968,2746.0
2022-06,1.4745102299284443,1.5187917617754216,2909.0
2022-07,1.5296676347247364,1.5679774062927418,2901.0
2022-08,1.071465659091573,1.051462304488238,2085.0
2022-09,1.641779646343171,1.5764449926906963,3251.0
2022-10,1.5714687310521687,1.6096428955569333,3258.0
2022-11,1.411450974619669,1.3610124436705788,2609.0
2022-12,1.2153519922802756,1.231231031811687,2363.0
2023-01,2.367819580061857,2.5718995191084932,4579.0
2023-02,1.509512319327593,1.4260427619097262,2694.0
2023-03,1.6820105885553414,1.763988011690917,3121.0
2023-04,1.7348465000722848,1.9109636602461844,3257.0
2023-05,1.4756124928324026,1.3625181615390327,2632.0
2023-06,1.5384323177154426,1.5236792674731312,2907.0
2023-07,1.5045296650775761,1.5917376915404449,2981.0
2023-08,1.0542646359145058,1.1122211422197488,2051.0
2023-09,1.5680087856118914,1.6129789349919874,3204.0
2023-10,1.6861929126925745,1.796869699107962,3318.0
2023-11,1.2744867423031927,1.4185991718438402,2558.0
2023-12,1.0471227814730812,1.217831847086297,2194.0
2024-01,2.6859192582947,2.670338438598885,4959.0
2024-02,1.4620015357992269,1.4427710440431754,2802.0
2024-03,1.5664071745009494,1.5498823341444397,2961.0
2024-04,2.066401462600924,1.859111923319633,3462.0
2024-05,1.437667960023392,1.474666446417029,2780.0
2024-06,1.4676336311781981,1.530767951307037,2926.0
2024-07,1.878840696575,1.7041044822257654,3327.0
2024-08,1.1927989367353031,0.9988390943691843,2047.0
2024-09,1.7402824290419066,1.622433148694127,3272.0
2024-10,1.9372786054140776,1.621894444914558,3483.0
2024-11,1.4744795296366264,1.4333678215679768,2763.0
2024-12,1.2680680874616153,1.26913710877507,2386.0
2025-01,2.735469126159791,2.6647279276973816,5102.0
2025-02,1.7054711419044417,1.6061882502027882,3059.0
2025-03,1.8345718694267823,1.6732097618292971,3258.0
2025-04,1.813901977958695,1.9799565933519003,3418.0
2025-05,1.6412957909154267,1.436843365884962,2823.0
2025-06,1.6499578313430687,1.5046150792651904,2909.0
2025-07,1.8430657626927043,1.6607151383228769,3403.0
2025-08,1.0917954078058802,1.1450847290461423,2199.0
2025-09,1.8903766448734083,1.8862623236372977,3723.0
2025-10,1.8309241876667717,1.9989081285185915,3604.0
2025-11,1.6983745786652191,1.5765886906498034,3067.0
2025-12,1.348667152463836,1.3443539879324746,2656.0
2026-01,2.5845437452754676,2.481641907986127,4760.0
2026-02,1.6633290610821816,1.491185111652342,3150.0
2026-03,1.7810631953317104,1.7843282666293627,3365.0
2026-04,1.8611485120182871,1.9404985899511893,3666.0
2026-05,1.603254062014145,1.4758364542679108,2837.0
2026-06,1.8875450158155178,1.6887111512319137,3293.0
