month,treated_per1000,control_per1000
2019-01,2.026684813250293,2.148754271688887
2019-02,1.1841717082735213,1.2440812972310202
2019-03,1.317698979976809,1.3524048281335732
2019-04,1.2772042986991554,1.525938656341504
2019-05,1.000148549794823,1.1847690457636557
2019-06,1.0928284166420512,1.2638775987458999
2019-07,1.387891632530406,1.48127684677632
2019-08,0.8583225165263312,0.9317492232720909
2019-09,1.254256216652005,1.528955189796873
2019-10,1.3832335228949775,1.5631858124855713
2019-11,1.1294143852074496,1.275367557536367
2019-12,1.2407017145614085,1.3256019258555212
2020-01,2.196210276888096,2.237564346890219
2020-02,1.1992344931880174,1.393621634469526
2020-03,1.081126891890806,1.1789797507050892
2020-04,0.7515927670982625,0.8435162392772106
2020-05,0.9386277651572386,1.0353593773592462
2020-06,1.2275819496601157,1.4656232984187516
2020-07,1.5151536806232972,1.6258683951904092
2020-08,1.0304576787402993,1.1268017860072683
2020-09,1.5405879056710174,1.7590509594999242
2020-10,1.5900605646320352,1.7535992016726385
2020-11,1.2695978550877287,1.5527695214551243
2020-12,1.2321787979590502,1.2855214267863608
2021-01,2.344768697394938,2.548199327629399
2021-02,1.3683378673142528,1.574372093144663
2021-03,1.6470223821636076,1.785569199301168
2021-04,1.646657039652215,1.8274758529512782
2021-05,1.6217823281372248,1.59151838952904
2021-06,1.5310690883608682,1.682995736722103
2021-07,1.6277867468983847,1.7122992291811594
2021-08,1.0375496830736373,1.1299578609744665
2021-09,1.6366161083329749,1.8588317734406385
2021-10,1.6282044530039002,1.8294781421456403
2021-11,1.423006865368193,1.5673902842167875
2021-12,1.279531127609167,1.3445022294883286
2022-01,2.5002134338401056,2.737580614919887
2022-02,1.4173827297997166,1.7040795379805507
2022-03,1.6938207293885272,1.7887602081094551
2022-04,1.6856791111285712,1.8154800981213852
2022-05,1.4610096005662603,1.5803798506661442
2022-06,1.5201906892356045,1.660357031502757
2022-07,1.4661801407280743,1.6889110453442107
2022-08,1.0215080099555967,1.1806296730789339
2022-09,1.7438413921029567,1.8971305863312815
2022-10,1.6823631919576458,1.8434042166869666
2022-11,1.286385234819913,1.5878887764914646
2022-12,1.2023140735233175,1.3602781985508197
2023-01,2.4942927653297113,2.71032591207805
2023-02,1.4870141922122155,1.5415250879115707
2023-03,1.5827221676163794,1.7711457216370805
2023-04,1.8267874729742282,1.7896418216436263
2023-05,1.4451346018861622,1.5131450676916647
2023-06,1.608450083716363,1.6264357302861572
2023-07,1.5828356380807098,1.7312296859032927
2023-08,1.0360020581131093,1.1879836574083877
2023-09,1.540507275630085,1.8486042788663835
2023-10,1.6958571414356605,1.8606834174925087
2023-11,1.3204406563408932,1.5373130052867958
2023-12,1.2549189305810364,1.2592488236180486
2024-01,2.5927704950477115,2.794044216314414
2024-02,1.3963055631343493,1.638793633112796
2024-03,1.4927699788842512,1.6736682821106663
2024-04,1.8656881342219198,1.9663935344121974
2024-05,1.3478286446509293,1.5733296303988367
2024-06,1.4585071662614555,1.6440426122475884
2024-07,1.758148453942497,1.9619654214791897
2024-08,1.1693225939951946,1.227242458585284
2024-09,1.7441550409898747,1.938559465442922
2024-10,1.9304463503816172,2.063886767303401
2024-11,1.4275361569861995,1.6545150522670882
2024-12,1.212473828306887,1.372115373780388
2025-01,2.9084717792491883,2.988950127191098
2025-02,1.5168065109500262,1.697788812075413
2025-03,1.7652285224805544,1.8428587735328
2025-04,1.8857323173014369,2.01995066923828
2025-05,1.557727771686442,1.5981747032114089
2025-06,1.5702360887151339,1.6868563852726528
2025-07,1.727015146024484,1.9546874866017656
2025-08,1.1419260329998742,1.2699738073224842
2025-09,1.9255795494196684,2.1632244755486214
2025-10,1.745517377686194,2.0908209060743257
2025-11,1.6780779085905577,1.7446821736920468
2025-12,1.3823792640886552,1.5538104899215412
2026-01,2.5961246184611784,2.817519223160217
2026-02,1.5644169738381455,1.7520285563265425
2026-03,1.7083658344172783,1.9123972947113912
2026-04,1.7129326587351237,2.002984860640361
2026-05,1.4920560577786235,1.5964417718378325
2026-06,1.8267579069806517,1.8339343168153233
