month,coefficient,se,ci_low,ci_high
2019-01,-0.05405899263308844,0.10057238630631588,-0.251507784413309,0.14338979914713212
2019-02,0.008100876848010252,0.07512667918561054,-0.13939161667282313,0.15559337036884363
2019-03,0.03330461764874368,0.08958160353513527,-0.1425665139148952,0.20917574921238255
2019-04,-0.18072389183684306,0.08162990465958112,-0.34098384628476397,-0.02046393738892216
2019-05,-0.11661003016332921,0.06655346114523036,-0.2472711487321381,0.014051088405479667
2019-06,-0.10303871629834185,0.07773039921068832,-0.25564296456584856,0.049565531969164855
2019-07,-0.025374748440411335,0.07974799129156858,-0.18194003545131443,0.1311905385704918
2019-08,-0.00541624094025539,0.08506197694978418,-0.1724142131671222,0.1615817312866114
2019-09,-0.20668850733936023,0.08590937896307221,-0.37535014202687744,-0.03802687265184301
2019-10,-0.11194182378509425,0.07971972846443134,-0.2684516237853427,0.04456797621515422
2019-11,-0.0779427065234106,0.07555589822629666,-0.2262778645578851,0.07039245151106391
2019-12,-0.016889745488601754,0.09517644805244702,-0.20374495857514294,0.16996546759793943
2020-01,0.02665639580338397,0.1280687324198008,-0.22477461234727003,0.27808740395403797
2020-02,-0.12637667547599624,0.07626872735639659,-0.2761112956854588,0.023357944733466335
2020-03,-0.029842393008785884,0.08787226655198226,-0.2023576678162685,0.14267288179869672
2020-04,-0.023913006373445622,0.07674437706439755,-0.17458144612925325,0.126755433382362
2020-05,-0.02872114639650475,0.0810029541127268,-0.1877502398444162,0.1303079470514067
2020-06,-0.17003088295312851,0.0763734130787948,-0.3199710274636772,-0.02009073844257983
2020-07,-0.04270424876160919,0.08788613876010659,-0.2152467581891905,0.12983826066597212
2020-08,-0.02833364146146433,0.07084533271959938,-0.16742077921862192,0.11075349629569325
2020-09,-0.15045258802339928,0.09180668834798789,-0.3306921185486394,0.02978694250184083
2020-10,-0.09552817123509824,0.08482376157357717,-0.26205846699585944,0.07100212452566296
2020-11,-0.21516120056188798,0.07858990001988075,-0.3694528642576444,-0.06086953686613156
2020-12,0.0146678369781916,0.08842799623628157,-0.158938474432391,0.1882741483887742
2021-01,-0.13542016442896587,0.10295818526656401,-0.33755287730753586,0.06671254844960411
2021-02,-0.13802376002490663,0.08244122609640281,-0.2998765417222271,0.023829021672413825
2021-03,-0.07053635133204861,0.08792506969790714,-0.24315529194431096,0.10208258928021374
2021-04,-0.1128083474935484,0.08095523421523926,-0.2717437548269225,0.04612705983982565
2021-05,0.098274404413698,0.10643005343143845,-0.11067445551627808,0.3072232643436741
2021-06,-0.08391618255572456,0.08420194932389367,-0.24922570508117436,0.08139333996972525
2021-07,-0.01650201647727023,0.09140857617790098,-0.1959599530693879,0.16295592011484744
2021-08,-0.024397712095322877,0.06921999607069866,-0.16029390679795133,0.11149848260730558
2021-09,-0.1542051993021506,0.08481268547843185,-0.32071374991313056,0.012303351308829369
2021-10,-0.13326322333623405,0.09035731902511117,-0.3106572787548807,0.044130832082412585
2021-11,-0.07637295304308864,0.08850096495657821,-0.2501225203332368,0.09737661424705954
2021-12,0.0030393639263471828,0.07358362606561902,-0.14142372972256637,0.14750245757526073
2022-01,-0.16935671527427143,0.13525364440867127,-0.43489350577087543,0.09618007522233257
2022-02,-0.21868634237532994,0.082442961934354,-0.38054253195744636,-0.05683015279321349
2022-03,-0.026929012915417827,0.0976102107485714,-0.21856231193069425,0.1647042860998586
2022-04,-0.06179052118730291,0.08410823714582964,-0.22691606322851246,0.10333502085390664
2022-05,-0.05135978429437081,0.08117392834942525,-0.21072454300490046,0.10800497441615885
2022-06,-0.07215587646165747,0.07996283505333025,-0.22914295560397285,0.08483120268065791
2022-07,-0.15472043881062442,0.08508128084207991,-0.3217563094144755,0.012315431793226694
2022-08,-0.09111119731783585,0.08686235106896639,-0.26164375500737835,0.07942136037170663
2022-09,-0.08527872842280698,0.08834676074229932,-0.25872555420591714,0.08816809736030315
2022-10,-0.0930305589238235,0.0926640464486317,-0.27495329820359704,0.08889218035595
2022-11,-0.23349307586604803,0.07968438344697193,-0.38993348474166356,-0.07705266699043248
2022-12,-0.08995365922200288,0.08584080382166061,-0.2584806637260755,0.07857334528206975
2023-01,-0.14802268094283688,0.13504841973481027,-0.41315656398754924,0.11711120210187548
2023-02,0.013499570106150046,0.07965358126576123,-0.1428803663705535,0.1698795065828536
2023-03,-0.12041308821519667,0.08370910951566538,-0.28475504272073804,0.043928866290344676
2023-04,0.10515611713610679,0.08462499481180195,-0.06098394967215595,0.2712961839443695
2023-05,0.0,0.0,0.0,0.0
2023-06,0.05002481923571378,0.10663710610709173,-0.1593305369716608,0.25938017544308833
2023-07,-0.08038358201708037,0.09748745614430089,-0.27177588298916777,0.11100871895500702
2023-08,-0.08397113348977464,0.08676781380477137,-0.2543180908442842,0.08637582386473491
2023-09,-0.24008653743079034,0.08472299685734565,-0.4064190068079417,-0.07375406805363899
2023-10,-0.0968158102513415,0.08179145830820352,-0.2573929349872481,0.06376131448456507
2023-11,-0.148861883140393,0.07861914879112299,-0.30321096950210114,0.005487203221315129
2023-12,0.06368057276849381,0.08318108884682898,-0.0996247448735332,0.22698589041052084
2024-01,-0.13326325546118922,0.11052570957346793,-0.35025291452590923,0.08372640360353081
2024-02,-0.17447760417294622,0.08161413483077182,-0.33470659849593287,-0.014248609849959543
2024-03,-0.11288783742090575,0.07679157684582762,-0.26364894217311974,0.037873267331308275
2024-04,-0.03269493438476939,0.08020012776935444,-0.1901478785800877,0.12475800981054891
2024-05,-0.15749051994239602,0.07754855254219278,-0.3097377576396817,-0.005243282245110309
2024-06,-0.11752498018062936,0.0900049835994897,-0.29422731288446996,0.05917735252321123
2024-07,-0.13580650173118985,0.11112963386334135,-0.35398181548445484,0.0823688120220751
2024-08,0.010090601215418049,0.07107532410238626,-0.1294480672483176,0.1496292696791537
2024-09,-0.1263939586475381,0.084568260320729,-0.2924226414355341,0.03963472414045788
2024-10,-0.06542995111627303,0.104597292883118,-0.27078064290906134,0.13992074067651525
2024-11,-0.15896842947538745,0.07063732576940696,-0.2976471974751417,-0.020289661475633186
2024-12,-0.09163107966800582,0.08403913307657383,-0.25662095310789473,0.07335879377188309
2025-01,-0.01246788213639638,0.1553839335053766,-0.3175254735835234,0.29258970931073064
2025-02,-0.11297183531987519,0.07110004678748233,-0.2525590406084895,0.02661536996873913
2025-03,-0.009619785246737955,0.09787900174117306,-0.2017807883235344,0.1825412178300585
2025-04,-0.06620788613133666,0.10535803394378838,-0.27305210322270423,0.1406363309600309
2025-05,0.027563534280538843,0.08040552022252749,-0.13029264675949623,0.1854197153205739
2025-06,-0.04860983075200695,0.08694329309327199,-0.21930129791452055,0.12208163641050665
2025-07,-0.15966187477177712,0.08318643865195754,-0.3229776954216146,0.003653945878060366
2025-08,-0.06003730851710176,0.07635963448402179,-0.2099504021940143,0.08987578515981079
2025-09,-0.16963446032345214,0.098287708826224,-0.3625978578059012,0.02332893715899692
2025-10,-0.2772930625826228,0.07218768619774385,-0.4190155765313559,-0.1355705486338897
2025-11,0.0014062007040120394,0.07452917446222683,-0.14491324134565742,0.1477256427536815
2025-12,-0.10342076002738625,0.08953072901572862,-0.2791920121632998,0.07235049210852733
2026-01,-0.15338413889352687,0.10333814533340388,-0.3562628085787074,0.04949453079165367
2026-02,-0.11960111668288838,0.08641066361260458,-0.2892468987295691,0.05004466536379236
2026-03,-0.1360209944886085,0.08223493027799576,-0.2974687658089282,0.02542677683171124
2026-04,-0.22204173609973116,0.08198754374060652,-0.3830038256667968,-0.06107964653266551
2026-05,-0.036375248253703356,0.08089911610063645,-0.19520048166824883,0.1224499851608421
2026-06,0.06083405597082536,0.09671561817030147,-0.12904293368159112,0.25071104562324187
