sample,variable,treated_mean,control_mean,standardised_difference
broad,population_2021,1020.4563060935286,2232.780168511942,-0.4003143237330707
matched,population_2021,947.6588050314464,955.1865828092244,-0.0046087945521805
broad,density_2021,66.25618833890175,255.918266172485,-0.3632727194459266
matched,density_2021,63.886091777636125,69.79835660525487,-0.0507214746395211
broad,pre_entries_per1000,1.3527976457691575,1.508768744261047,-0.1811658648882766
matched,pre_entries_per1000,1.3220264604656993,1.3000190162626777,0.0289052496484103
border,population_2021,1089.9250645994832,1289.5426356589148,-0.10138563056235812
border,density_2021,55.8475614059477,72.74434477390787,-0.202262127794723
border,pre_entries_per1000,1.341330074319697,1.3470317648283818,-0.008499787264095537
