coefficient,se,ci_low,ci_high,p_value,clusters,minimum_detectable_80pct,excluded_department,pairs
0.14571467972104335,0.04815568446613912,0.05041599584493617,0.24101336359715053,0.0030058229243481436,127,0.1358275304400472,01,771
0.13737778251121494,0.04801578441559046,0.04234858594258546,0.23240697907984442,0.004950292455039416,126,0.13544030027944984,02,749
0.14661341393257832,0.048009610510056866,0.05161105880287456,0.24161576906228208,0.0027531610914973085,128,0.13540826275053297,03,773
0.1506851590743427,0.04779779888656939,0.05609472023907208,0.24527559790961334,0.0020231077028871505,127,0.13481808129625522,04,772
0.1388695497622192,0.04760182825092424,0.0446669310537392,0.23307216847069923,0.0041816989592966215,127,0.13426532812134886,06,773
0.13970526473948613,0.048316683321479995,0.04408796886170896,0.2353225606172633,0.004518046586486675,127,0.13628164249695301,07,765
0.14221263698956804,0.0480572076808861,0.047108835776452834,0.23731643820268325,0.0036850612086161776,127,0.1355497676235723,08,771
0.14200308676268356,0.04764944577390016,0.04771343264858975,0.23629274087677737,0.0034532481661681937,128,0.13439243944538934,09,772
0.14548219096211595,0.04821012809035622,0.05006836414124824,0.24089601778298367,0.003087512780004216,126,0.13598849429498153,10,770
0.14933504203087028,0.04830146580220457,0.053740446542386106,0.24492963751935445,0.0024542541283326383,126,0.13624613472031552,11,758
0.14322538396689352,0.04798727428214816,0.04825997889397636,0.23819078903981067,0.0034109869190840957,127,0.13535251405006046,13,773
0.15314766571841323,0.04800320779030729,0.058143359852096566,0.2481519715847299,0.001796727641124052,126,0.13540482482225202,14,761
0.13872836667145136,0.04789246941539498,0.04395057764276217,0.23350615570014055,0.004448317316638027,127,0.13508510821692696,16,768
0.14854694730881296,0.04883988198180396,0.05187914000613009,0.24521475461149583,0.0028732179795360243,125,0.13777248902376427,17,759
0.15473742529900666,0.04764599420454967,0.060432656335270715,0.2490421942627426,0.0014971541206967045,125,0.134404649380977,18,768
0.1457308896351829,0.04815555125455832,0.050432469380877976,0.24102930988948784,0.0030026304406255955,127,0.13582715470455,19,771
0.1605732305139136,0.04661859820728517,0.06832343770191539,0.2528230233259118,0.0007759919849748606,128,0.1314849949426536,21,759
0.15350605100119974,0.0485681280029734,0.0573836979221084,0.24962840408029108,0.001975259795241315,126,0.136998320881281,22,758
0.14825142429385396,0.04859686991168341,0.05207218741028449,0.24443066117742343,0.0027889754746373246,126,0.1370793944864229,24,763
0.14539232943586464,0.04846621733178639,0.049479110147696806,0.24130554872403248,0.0032560264537838104,127,0.13670341690555884,26,766
0.1494073200466903,0.04923141409616442,0.051987236113254204,0.2468274039801264,0.0029202776017466805,128,0.13885428739558894,27,752
0.14835086569385625,0.04793829837761287,0.053482382496219186,0.24321934889149333,0.0024282850768369505,127,0.13521437301359002,28,773
0.15103924416182068,0.0486088008760127,0.05482110327311812,0.24725738505052325,0.002345620751935431,124,0.13712833984447254,29,760
0.14518731842069815,0.04803246205775804,0.050132488068280745,0.24024214877311556,0.003035740404518738,127,0.13547997032101192,2B,773
0.14921088140989083,0.048414143673125125,0.05338572947644224,0.24503603334333943,0.0025342459780282644,125,0.13657152325400046,30,765
0.14087815204978538,0.047974864087668746,0.04593730638690767,0.23581899771266307,0.003947258846711291,127,0.13531750995683436,31,767
0.14538150435499114,0.04828246745577685,0.04983192066956135,0.24093108804042093,0.003146213965185564,127,0.1361851335055048,32,769
0.1448255612590542,0.04860440486376046,0.04863141177016585,0.24101971074794254,0.0034679356868944507,126,0.13710064866740376,33,763
0.14128903705069767,0.04869751052020458,0.044910619912419306,0.23766745418897606,0.0043919341730798474,126,0.1373632760142229,34,761
0.15285790587871811,0.049459197426184404,0.05496429983108231,0.2507515119263539,0.0024670080966551823,125,0.13951951679698743,35,740
0.1442304932634809,0.04806065123736205,0.049112499686171124,0.23934848684079066,0.003249327940663307,126,0.13556685815801603,37,772
0.14469592198025807,0.04912315620635426,0.04746743563738326,0.2419244083231329,0.0038510186033013333,125,0.13857157766626166,38,755
0.14442431450523519,0.048710622225120924,0.04802742511818134,0.24082120389228903,0.0036217971537750248,127,0.13739278335226432,39,766
0.14611258785251563,0.04802626506859299,0.051070021159476564,0.2411551545455547,0.002857127410381839,127,0.13546249114396805,41,773
0.1489955643236656,0.04939696311774991,0.05124042648717092,0.24675070216016026,0.0030961007236665976,127,0.1393286708704111,42,745
0.1439822609598808,0.048076299049258676,0.048840678490004924,0.23912384342975665,0.0033062120221560884,127,0.13560361658133327,43,772
0.147524500422047,0.0481849318298498,0.052160540127814264,0.24288846071627976,0.0026955102370658803,126,0.13591742206049773,44,767
0.13041592067090593,0.04884751363555845,0.03375550646828977,0.22707633487352208,0.00858033481075119,128,0.1377715188855446,45,743
0.14087789429652126,0.048060708243511205,0.045759787896967316,0.23599600069607518,0.004015489104420944,126,0.1355670189578458,47,769
0.1492522745031244,0.04871549696881849,0.05283825995075177,0.24566628905549703,0.0026778063160700707,126,0.1374140112053872,49,759
0.12897754466179856,0.04819158031906048,0.03359290794972941,0.2243621813738677,0.008449124568024977,125,0.135943693988025,50,752
0.14649872891381693,0.04811269386728118,0.05127023058722206,0.2417272272404118,0.0028432059340945206,125,0.13572116308969207,54,770
0.148431366799271,0.04849538257386639,0.052445420324892425,0.24441731327364957,0.0027072590624390848,125,0.1368006901787864,56,765
0.14984007099038538,0.047645555530784985,0.055550917280556944,0.2441292247002138,0.0020728443092362897,127,0.13438866492991447,57,762
0.1495593510879547,0.048147442156961644,0.05426958750918842,0.244849114666721,0.002344945194423268,126,0.1358116732402889,59,769
0.15632251412078516,0.0524687792993259,0.05248834236630387,0.2601566858752664,0.003466643758988558,127,0.14799301051244493,60,757
0.14528650828215928,0.048282485873381374,0.049736888148831565,0.240836128415487,0.003165277951589503,127,0.13618518545404973,61,769
0.15972170860934856,0.04784009704102684,0.06502516982897644,0.2544182473897207,0.0011143802652128867,124,0.13495978026628908,62,729
0.14553522364240612,0.048679335062724954,0.049185183664434445,0.2418852636203778,0.0033687297487176152,125,0.13731960200297147,63,762
0.14940249587893076,0.04788976925464755,0.054622698953473256,0.24418229280438825,0.002248009007104809,126,0.1350848436010762,64,770
0.15230956501647697,0.048046987430019686,0.057218613809704666,0.24740051622324927,0.0019172296256133683,126,0.1355283160370878,65,768
0.15050143569620758,0.04800441716579524,0.0555021053605199,0.24550076603189525,0.002137646640901395,127,0.13540086712771304,66,769
0.15535663862737367,0.04660673448539618,0.06313032198000343,0.24758295527474392,0.001124640746192159,128,0.13145153401777465,67,765
0.14690950152301824,0.04797675001481628,0.05197217138321583,0.24184683166282064,0.002683416269000403,128,0.13531558167009142,68,773
0.14997928944092492,0.048158595831242615,0.05468211924727816,0.24527645963457168,0.00227939514893646,128,0.1358284670242766,69,763
0.1478859053767886,0.04827735740020656,0.052346434341106834,0.2434253764124704,0.0026778254601425707,127,0.13617072012448408,70,768
0.14116166946569048,0.048150518653435156,0.0458732085810597,0.23645013035032125,0.004005050659991012,127,0.1358129597909105,71,770
0.14530343125540612,0.04883173086045544,0.0486517573051362,0.24195510520567604,0.003516280496383145,125,0.137749495514547,72,760
0.1432632848186792,0.04849074361310916,0.04730152874079803,0.23922504089656038,0.0037389318026750645,127,0.136772595534414,73,765
0.14908242178166464,0.04891492536035254,0.052273713691508183,0.2458911298718211,0.002813664959526496,126,0.1379765479120634,76,757
0.14104479769868242,0.04839760273161762,0.045259935295393225,0.2368296601019716,0.004225241914709542,126,0.13651731251624505,77,762
0.14337044034686058,0.0483974770805877,0.047585826622554075,0.2391550540711671,0.0036553915949168,126,0.13651695808668757,79,766
0.11745080333084434,0.048327938616850925,0.021811233554411627,0.21309037310727708,0.016495447913175698,127,0.13631338909118285,80,721
0.14622832283217674,0.04821135701960554,0.050819464609423035,0.24163718105493043,0.0029402047653567694,127,0.1359845599898183,81,770
0.1492749161779841,0.048310366575598056,0.053662704954284574,0.24488712740168364,0.0024682103506213087,126,0.13627124153541406,82,766
0.14460736845434516,0.048288422751804914,0.04903858678136705,0.24017615012732327,0.00331304924547838,126,0.13620934359664255,83,769
0.14671316482080085,0.04801280680245399,0.05169723164080432,0.2417290980007974,0.002741309832603013,127,0.13542453086837586,84,773
0.14588483896616955,0.04929295850860827,0.04832026630269391,0.24344941162964517,0.003691729435817884,125,0.139050573209949,85,750
0.14982681043372226,0.04826059374322995,0.05432051418237867,0.24533310668506586,0.0023539875395022897,127,0.13612343669048205,86,766
0.146817491132917,0.04807190001348064,0.05168461422552288,0.24195036804031111,0.002754827270806095,127,0.1355912086969335,87,772
0.13057652508902265,0.04789478012244303,0.035786811034302105,0.2253662391437432,0.0073248093525873515,126,0.13509897798307455,88,742
0.15075350138880686,0.049166405231282996,0.05345463083168195,0.24805237194593177,0.0026535208749800645,127,0.13867836117822308,89,770
