coefficient,se,ci_low,ci_high,p_value,clusters,minimum_detectable_80pct,sample,outcome,scale,specification,clustering,pairs,treated_pre_mean,control_pre_mean
0.14603038789499379,0.04796399100619365,0.05111830553069699,0.24094247025929058,0.002833229131643551,128,0.13527959564200964,disjoint_borders,establishment_births,per1000,first_6_months_same_seasons,EPCI_components,774,1.341330074319697,1.347031764828382
0.14603038789499379,0.05032019836072506,0.04485484820770089,0.24720592758228668,0.0055834445374197935,49,0.14352608710528006,disjoint_borders,establishment_births,per1000,first_6_months_same_seasons,department_components,774,1.341330074319697,1.347031764828382
0.14603038789499379,0.049691532315119455,0.04594650446155876,0.2461142713284288,0.005183566417715104,46,0.1419053321586142,disjoint_borders,establishment_births,per1000,first_6_months_same_seasons,EPCI_department_joint_components,774,1.341330074319697,1.347031764828382
0.14603038789499379,0.04871329452394737,0.05040435773082344,0.24165641805916413,0.0028069155632239823,774,0.1366241731928156,disjoint_borders,establishment_births,per1000,first_6_months_same_seasons,independent_pairs,774,1.341330074319697,1.347031764828382
0.10509367688314122,0.036795074549830484,0.032282864583910595,0.17790448918237184,0.0050106043594997166,128,0.1037783283312663,disjoint_borders,legal_unit_births,per1000,first_6_months_same_seasons,EPCI_components,774,0.8335810194950742,0.8588178732722068
0.10509367688314122,0.03868170734520701,0.02731889172387124,0.1828684620424112,0.009137221628789598,49,0.11033013141184958,disjoint_borders,legal_unit_births,per1000,first_6_months_same_seasons,department_components,774,0.8335810194950742,0.8588178732722068
0.10509367688314122,0.03914193163106887,0.0262577798960921,0.18392957387019035,0.010120237372710244,46,0.11177857777081597,disjoint_borders,legal_unit_births,per1000,first_6_months_same_seasons,EPCI_department_joint_components,774,0.8335810194950742,0.8588178732722068
0.10509367688314122,0.036260821633814486,0.03391231957157326,0.1762750341947092,0.0038584369630138044,774,0.10169923474538632,disjoint_borders,legal_unit_births,per1000,first_6_months_same_seasons,independent_pairs,774,0.8335810194950742,0.8588178732722068
0.02337528147206662,0.009287041586770076,0.0049979021607756136,0.041752660783357626,0.013081589743415828,128,0.02619355070779139,disjoint_borders,establishment_births,log1p,first_6_months_same_seasons,EPCI_components,774,0.598781213007682,0.6769853472135182
0.02337528147206662,0.009136940912453205,0.005004230521880353,0.04174633242225288,0.013728400768924485,49,0.026060894432007962,disjoint_borders,establishment_births,log1p,first_6_months_same_seasons,department_components,774,0.598781213007682,0.6769853472135182
0.02337528147206662,0.008515647522705679,0.006223886972537871,0.04052667597159537,0.008664423490240217,46,0.02431834427226043,disjoint_borders,establishment_births,log1p,first_6_months_same_seasons,EPCI_department_joint_components,774,0.598781213007682,0.6769853472135182
0.02337528147206662,0.010407669316987842,0.002944634976668338,0.0438059279674649,0.02498781531784947,774,0.029189961984580556,disjoint_borders,establishment_births,log1p,first_6_months_same_seasons,independent_pairs,774,0.598781213007682,0.6769853472135182
0.019502258706424098,0.011095360155938603,-0.002453456714463117,0.04145797412731131,0.08120881780672524,128,0.03129380612226402,disjoint_borders,employer_births,per1000,first_6_months_same_seasons,EPCI_components,774,0.07249619219339297,0.08422078359066452
0.019502258706424098,0.011544359174294302,-0.0037092310701107856,0.04271374848295898,0.0976421873843434,49,0.03292746758561324,disjoint_borders,employer_births,per1000,first_6_months_same_seasons,department_components,774,0.07249619219339297,0.08422078359066452
0.019502258706424098,0.011548576480309223,-0.0037577682725728583,0.04276228568542105,0.09819300142205933,46,0.03297955416236595,disjoint_borders,employer_births,per1000,first_6_months_same_seasons,EPCI_department_joint_components,774,0.07249619219339297,0.08422078359066452
0.019502258706424098,0.008972465349905586,0.001888971603141585,0.03711554580970661,0.030040505303564693,774,0.025164704459260282,disjoint_borders,employer_births,per1000,first_6_months_same_seasons,independent_pairs,774,0.07249619219339297,0.08422078359066452
0.13009022523862115,0.03920051023302113,0.05251948982007529,0.20766096065716702,0.0011807561871662285,128,0.11056271719754875,disjoint_borders,births_without_recorded_continuity,per1000,first_6_months_same_seasons,EPCI_components,774,1.100726452651117,1.1122615209462503
0.13009022523862115,0.04117465481183115,0.04730303326132422,0.21287741721591807,0.00273480348176521,49,0.1174406557519692,disjoint_borders,births_without_recorded_continuity,per1000,first_6_months_same_seasons,department_components,774,1.100726452651117,1.1122615209462503
0.13009022523862115,0.04121622999128367,0.047076476903109246,0.21310397357413308,0.0028494697964840826,46,0.11770220266400101,disjoint_borders,births_without_recorded_continuity,per1000,first_6_months_same_seasons,EPCI_department_joint_components,774,1.100726452651117,1.1122615209462503
0.13009022523862115,0.04472960185027394,0.04228433369369791,0.2178961167835444,0.0037373051739068935,774,0.12545127423137611,disjoint_borders,births_without_recorded_continuity,per1000,first_6_months_same_seasons,independent_pairs,774,1.100726452651117,1.1122615209462503
