coefficient,se,ci_low,ci_high,p_value,clusters,minimum_detectable_80pct,check,pairs
-0.06703625633396039,0.04182545541184136,-0.14980128454982117,0.01572877188190039,0.11147145544623402,128,0.11796621959432362,placebo_2021_07,774
0.017249712589517435,0.04807691185409313,-0.07788581975447553,0.1123852449335104,0.7203448958380287,128,0.1355980822050111,placebo_2022_07,774
0.1330931034528557,0.053757655399640045,0.026716404809424193,0.23946980209628718,0.014610643895123867,128,0.15162028289486418,last_pre_announcement_year,774
0.13234525851800746,0.03662063138910914,0.05980006979057377,0.20489044724544114,0.00045017152732458983,115,0.10336588969135471,first_year_excluding_frr_plus,683
0.08552997996782685,0.0403520344466106,0.005680585940772531,0.16537937399488117,0.03598644316708566,128,0.11381052303518746,population_weighted,774
0.14376659570858497,0.04999087236483606,0.04482065602639221,0.24271253539077772,0.004744413209864724,125,0.1410193193492722,same_department,717
0.14742137597160937,0.04806943196271252,0.05229338326412952,0.24254936867908922,0.0026481357356582095,127,0.13558424733308722,excluding_pop_25000_plus,772
0.16818055017264238,0.05686383920482587,0.05565727433720091,0.28070382600808386,0.0036984081487974694,128,0.16038109033269887,excluding_covid_baselines,774
-0.0969038034442256,0.04908669655993224,-0.19403751748995463,0.00022991060150343023,0.05053654943735097,128,0.13844612015651853,2023_07_announcement_period_not_clean_placebo,774
