month,coefficient,se,ci_low,ci_high,normalisation
2019-01,-0.07204565339772212,0.11060517946394505,-0.29091334315782136,0.1468220363623771,2019–2022 mean for each calendar month
2019-02,0.1695459135983841,0.06864780402759582,0.03370429797565738,0.30538752922111084,2019–2022 mean for each calendar month
2019-03,0.03179753278033476,0.09136083772317469,-0.14898907761106034,0.21258414317172986,2019–2022 mean for each calendar month
2019-04,-0.05870015449391275,0.10323219525159474,-0.26297803906572215,0.14557773007789662,2019–2022 mean for each calendar month
2019-05,-0.1073022091000736,0.07656842203273594,-0.25881729835811385,0.04421288015796665,2019–2022 mean for each calendar month
2019-06,0.08272978253647921,0.069366397281793,-0.05453379945514254,0.21999336452810098,2019–2022 mean for each calendar month
2019-07,0.09000492297300015,0.09280328538486673,-0.09363603102910541,0.27364587697510573,2019–2022 mean for each calendar month
2019-08,-0.18042134367383622,0.07349516974328713,-0.32585502126651356,-0.034987666081158914,2019–2022 mean for each calendar month
2019-09,-0.01600120653147051,0.08395809609062074,-0.1821391271701751,0.15013671410723406,2019–2022 mean for each calendar month
2019-10,-0.07769558693070537,0.07404342058302481,-0.22421415399496059,0.06882298013354986,2019–2022 mean for each calendar month
2019-11,0.031174914183942196,0.07654128296472934,-0.12028647175617357,0.18263630012405796,2019–2022 mean for each calendar month
2019-12,0.020037326313178387,0.06947774476674264,-0.11744659225679924,0.15752124488315603,2019–2022 mean for each calendar month
2020-01,0.1397999600079576,0.13436896672790855,-0.12609197620806475,0.40569189622397994,2019–2022 mean for each calendar month
2020-02,0.01212940264252358,0.07192125948373644,-0.13018979058272076,0.1544485958677679,2019–2022 mean for each calendar month
2020-03,-0.09741261592615695,0.08197804469948478,-0.2596323721924103,0.06480714034009642,2019–2022 mean for each calendar month
2020-04,0.011525676481183997,0.060357304958644574,-0.10791053763165134,0.13096189059401933,2019–2022 mean for each calendar month
2020-05,0.045427562849244235,0.08647046266556649,-0.12568187784624138,0.21653700354472985,2019–2022 mean for each calendar month
2020-06,0.017802199775119522,0.07583738135758449,-0.13226629191428502,0.16787069146452405,2019–2022 mean for each calendar month
2020-07,0.04273458896869766,0.09955023469182603,-0.15425736012151814,0.23972653805891347,2019–2022 mean for each calendar month
2020-08,0.06457947199416045,0.06130512698650913,-0.05673231086281379,0.18589125485113467,2019–2022 mean for each calendar month
2020-09,0.07738193793334579,0.07880475033278722,-0.07855844145079484,0.23332231731748643,2019–2022 mean for each calendar month
2020-10,0.248757341932222,0.0813233724649438,0.08783306387249123,0.40968161999195274,2019–2022 mean for each calendar month
2020-11,-0.035668652213493315,0.08723092006273282,-0.20828290086178397,0.1369455964347973,2019–2022 mean for each calendar month
2020-12,-0.04848782738175209,0.09252545113545432,-0.23157899754371705,0.13460334278021288,2019–2022 mean for each calendar month
2021-01,0.0722341081971336,0.11519703893001561,-0.1557200427749337,0.3001882591692009,2019–2022 mean for each calendar month
2021-02,-0.157270780634109,0.07508396580211496,-0.30584839890461823,-0.008693162363599738,2019–2022 mean for each calendar month
2021-03,0.014771834754109148,0.08981067477339637,-0.16294728291032662,0.19249095241854491,2019–2022 mean for each calendar month
2021-04,-0.06225113379527243,0.1066782138045689,-0.27334806719657856,0.14884579960603372,2019–2022 mean for each calendar month
2021-05,0.06799177406374797,0.09524910092168655,-0.12048900750084175,0.2564725556283377,2019–2022 mean for each calendar month
2021-06,-0.0737838052724489,0.0919206759847833,-0.2556782345521767,0.10811062400727889,2019–2022 mean for each calendar month
2021-07,-0.06828418034156133,0.10412369774908185,-0.27432618747061466,0.137757826787492,2019–2022 mean for each calendar month
2021-08,0.031910356622002554,0.07575408446895153,-0.11799330555699697,0.1818140188010021,2019–2022 mean for each calendar month
2021-09,-0.13531757409007608,0.08388558458188561,-0.3013120075388064,0.030676859358654246,2019–2022 mean for each calendar month
2021-10,-0.15072123772632293,0.08301378727117303,-0.3149905416263333,0.013548066173687423,2019–2022 mean for each calendar month
2021-11,-0.04166686872521425,0.09450713155201199,-0.22867942680695735,0.14534568935652886,2019–2022 mean for each calendar month
2021-12,0.07005991004105429,0.07338354925395721,-0.07515289074686639,0.21527271082897498,2019–2022 mean for each calendar month
2022-01,-0.13998841480736876,0.10646770295087384,-0.3506687852191208,0.0706919556043833,2019–2022 mean for each calendar month
2022-02,-0.02440453560679862,0.07661782852147866,-0.17601739138990294,0.1272083201763057,2019–2022 mean for each calendar month
2022-03,0.05084324839171282,0.13440390867730342,-0.2151178316363519,0.31680432841977757,2019–2022 mean for each calendar month
2022-04,0.109425611808001,0.08601138136964877,-0.06077538985111616,0.27962661346711815,2019–2022 mean for each calendar month
2022-05,-0.00611712781291867,0.09065481299635134,-0.18550664268290823,0.17327238705707088,2019–2022 mean for each calendar month
2022-06,-0.026748177039149855,0.06709865359636857,-0.15952430352640537,0.10602794944810565,2019–2022 mean for each calendar month
2022-07,-0.06445533160013656,0.07380632037187435,-0.21050472013489038,0.08159405693461727,2019–2022 mean for each calendar month
2022-08,0.08393151505767354,0.07760621534184928,-0.06963717987340093,0.23750020998874802,2019–2022 mean for each calendar month
2022-09,0.07393684268820072,0.0955971904048266,-0.11523274514544338,0.2631064305218448,2019–2022 mean for each calendar month
2022-10,-0.020340517275194,0.0808377600831766,-0.1803038560676011,0.13962282151721309,2019–2022 mean for each calendar month
2022-11,0.046160606754765576,0.08575009756682889,-0.12352336141123602,0.21584457492076717,2019–2022 mean for each calendar month
2022-12,-0.04160940897248063,0.07844546381625558,-0.19683882517916113,0.11362000723419985,2019–2022 mean for each calendar month
2023-01,-0.11010682052593625,0.17613384088537629,-0.4586439055882294,0.2384302645363569,2019–2022 mean for each calendar month
2023-02,0.16823119647949633,0.10535109929134678,-0.04023961679828783,0.3767020097572805,2019–2022 mean for each calendar month
2023-03,-0.07306437029194975,0.11441925372967535,-0.29947942471579836,0.15335068413189884,2019–2022 mean for each calendar month
2023-04,-0.17520459132958038,0.13588256585243916,-0.44409166706089925,0.09368248440173849,2019–2022 mean for each calendar month
2023-05,0.145280037522328,0.10417223412050051,-0.0608580143266311,0.35141808937128705,2019–2022 mean for each calendar month
2023-06,0.03228640505013636,0.12408789098124398,-0.21326113764085602,0.27783394774112874,2019–2022 mean for each calendar month
2023-07,-0.11335358649500171,0.12144325312426979,-0.35366786813245793,0.1269606951424545,2019–2022 mean for each calendar month
2023-08,0.005971654149095045,0.07983487113756454,-0.15200714840661977,0.16395045670480984,2019–2022 mean for each calendar month
2023-09,-0.0363679603443716,0.11624350568067882,-0.2663928801650449,0.1936569594763017,2019–2022 mean for each calendar month
2023-10,-0.09284313918581868,0.127975871734043,-0.3460842941409117,0.1603980157692743,2019–2022 mean for each calendar month
2023-11,-0.14839035373497103,0.09593970906904728,-0.3382377241923677,0.04145701672242563,2019–2022 mean for each calendar month
2023-12,-0.19643943505428482,0.11355295585910946,-0.4211402423290055,0.02826137222043587,2019–2022 mean for each calendar month
2024-01,0.10955393821651854,0.1657857799453375,-0.21850620171156138,0.43761407814459846,2019–2022 mean for each calendar month
2024-02,0.10399213081767841,0.0950306450431385,-0.08405636598697463,0.29204062762233146,2019–2022 mean for each calendar month
2024-03,0.025437893200134884,0.12023705125928583,-0.212489532624123,0.26336531902439275,2019–2022 mean for each calendar month
2024-04,0.20820210812561404,0.13398518359394612,-0.05693039052784257,0.4733346067790707,2019–2022 mean for each calendar month
2024-05,-0.0048127801646787325,0.0974420388162952,-0.19763299007346125,0.18800742974410378,2019–2022 mean for each calendar month
2024-06,-0.04560096532101173,0.14081436069953723,-0.32424717303680495,0.2330452423947815,2019–2022 mean for each calendar month
2024-07,0.14859065431710283,0.1452041147174048,-0.13874208440168906,0.4359233930358947,2019–2022 mean for each calendar month
2024-08,0.25788800282045826,0.07661169634121295,0.10628728151545391,0.4094887241254626,2019–2022 mean for each calendar month
2024-09,0.12645146938350726,0.12335639673503886,-0.11764857820358801,0.3705515169706025,2019–2022 mean for each calendar month
2024-10,0.33321780772909065,0.11708549218447768,0.1015267485667628,0.5649088668914185,2019–2022 mean for each calendar month
2024-11,0.03683378387432681,0.10955021300824327,-0.17994631765479707,0.2536138854034507,2019–2022 mean for each calendar month
2024-12,-0.026799390754523065,0.13419865429713904,-0.2923543094055398,0.23875552789649365,2019–2022 mean for each calendar month
2025-01,0.1647143169831129,0.16396175398197335,-0.1597364047368976,0.4891650387031234,2019–2022 mean for each calendar month
2025-02,0.18404453076328228,0.13846042571425626,-0.0899436644202691,0.45803272594683364,2019–2022 mean for each calendar month
2025-03,0.17027516044111055,0.1214869487172136,-0.07012558688924236,0.41067590777146346,2019–2022 mean for each calendar month
2025-04,-0.16514204654889086,0.13090963033249314,-0.42418858032863394,0.09390448723085221,2019–2022 mean for each calendar month
2025-05,0.23663813125942354,0.10684417705079458,0.025212786544447058,0.4480634759744,2019–2022 mean for each calendar month
2025-06,0.16287610688570303,0.14447820779484744,-0.12302019303437256,0.4487724068057786,2019–2022 mean for each calendar month
2025-07,0.15620506433769352,0.12613396779632174,-0.09339129512443164,0.40580142379981865,2019–2022 mean for each calendar month
2025-08,0.010638839214077047,0.09401527669763306,-0.17540042687359358,0.19667810530174767,2019–2022 mean for each calendar month
2025-09,0.012716510271838517,0.1102654312140877,-0.20547887901456946,0.23091189955824648,2019–2022 mean for each calendar month
2025-10,-0.15015029362224788,0.16078018780383743,-0.4683052700380842,0.1680046827935884,2019–2022 mean for each calendar month
2025-11,0.1175079638210948,0.11140755299914791,-0.10294747836457452,0.3379634060067641,2019–2022 mean for each calendar month
2025-12,-0.021417204909707322,0.11040295448150528,-0.2398847279241543,0.19705031810473964,2019–2022 mean for each calendar month
2026-01,0.19687495581004233,0.17048029543066606,-0.14047478306626598,0.5342246946863507,2019–2022 mean for each calendar month
2026-02,0.2569055884914652,0.12026407917793318,0.0189246792938062,0.49488649768912424,2019–2022 mean for each calendar month
2026-03,0.005647981545974926,0.14270332858461585,-0.27673615272119606,0.28803211581314586,2019–2022 mean for each calendar month
2026-04,-0.07843750908858227,0.1292764129276487,-0.3342522003632389,0.17737718218607434,2019–2022 mean for each calendar month
2026-05,0.15960331397519453,0.11769804731608907,-0.07329988124763476,0.3925065091980238,2019–2022 mean for each calendar month
2026-06,0.21636721939142922,0.1463209617609049,-0.07317555807429088,0.5059099968571493,2019–2022 mean for each calendar month
