bassin_2022_cog2023,sample_population,sample_communes,income,density,x
01034,21821.0,31,22020.0,60.83084647813936,-420.0
01093,16865.0,17,23350.0,60.34421067697152,-1750.0
01185,2208.0,7,22440.0,24.62391774891775,-840.0
01305,18528.0,25,22200.0,54.44988081796512,-600.0
01443,8954.0,10,24320.0,47.13872071597789,-2720.0
02408,41049.0,34,20380.0,61.22727605178257,1220.0
02558,505.0,2,19610.0,53.11979891987364,1990.0
02810,25612.0,43,22010.0,54.13600129559318,-410.0
03118,7381.0,9,21510.0,47.11875198981216,90.0
03185,21963.0,9,20810.0,62.06276587206035,790.0
04094,5171.0,2,22150.0,38.505939650063134,-550.0
06033,34191.0,26,22760.0,31.66076505275098,-1160.0
06099,119.0,1,20260.0,8.811146060325193,1340.0
07042,12616.0,6,21220.0,59.46735800141409,380.0
07064,97.0,1,20640.0,21.54480110510173,960.0
07129,825.0,2,19610.0,32.59214396954491,1990.0
07186,24535.0,18,21980.0,65.02987899538523,-380.0
08185,5757.0,4,19460.0,50.659978880675816,2140.0
08363,6037.0,2,19240.0,44.85039933245917,2360.0
09167,3567.0,5,21280.0,38.97023903751781,320.0
10003,3460.0,4,21110.0,25.23031895433532,490.0
10268,1136.0,3,21590.0,40.57480138470351,10.0
10323,18739.0,6,20330.0,45.0796102661597,1270.0
11049,2784.0,4,20330.0,53.32284971967729,1270.0
11203,5648.0,9,19370.0,45.41442824251727,2230.0
11206,628.0,2,20050.0,43.58764294248165,1550.0
11379,9581.0,4,20070.0,32.67670282232726,1530.0
14174,5926.0,12,20660.0,63.08334387251802,940.0
14258,4488.0,8,21250.0,55.57565929845524,350.0
14371,6343.0,2,19890.0,33.72859725619483,1710.0
14478,2689.0,4,19970.0,46.208992441362106,1630.0
14689,11754.0,20,22110.0,56.39110022453562,-510.0
14752,523.0,2,21840.0,61.71519717640671,-240.0
16028,386.0,1,21160.0,36.95092313830752,440.0
16090,5631.0,8,21520.0,42.10314748562929,80.0
16167,12737.0,13,22260.0,55.77993244392603,-660.0
16366,4246.0,6,22850.0,39.2246835443038,-1250.0
17131,10862.0,12,20780.0,56.018161569433744,820.0
17218,11811.0,4,21550.0,57.32041557779336,50.0
17224,449.0,1,20350.0,30.03061723312836,1250.0
17240,925.0,1,20010.0,39.30474005521639,1590.0
17283,1184.0,2,21270.0,50.91290852656564,330.0
17434,33869.0,27,21250.0,58.164873260996806,350.0
18087,240.0,1,21270.0,20.69834722580276,330.0
18109,1614.0,1,21420.0,22.757737039227283,180.0
18141,12750.0,5,22710.0,63.828525437370274,-1110.0
18207,990.0,1,21940.0,49.721508986766736,-340.0
18223,4990.0,5,23160.0,57.18542287416916,-1560.0
18279,27756.0,5,20350.0,53.85594424604891,1250.0
19153,12044.0,17,21400.0,49.71733544178692,200.0
21038,21189.0,29,21500.0,58.981604905358566,100.0
21317,13051.0,22,22520.0,17.883429252745742,-920.0
21416,3433.0,10,23290.0,38.16140506891952,-1690.0
21464,14637.0,30,24530.0,54.38029424877396,-2930.0
22004,11519.0,9,20420.0,50.383116010216426,1180.0
22020,14090.0,14,20860.0,43.01896009525845,740.0
22136,7008.0,5,21020.0,52.581014817183664,580.0
22203,5699.0,2,21060.0,46.594718338647695,540.0
24294,184.0,1,20220.0,40.99282296650718,1380.0
24299,2082.0,5,20210.0,37.697253068381066,1390.0
24309,7179.0,8,20890.0,46.44826123833758,710.0
24396,369.0,1,19280.0,43.44478662560493,2320.0
24520,15737.0,12,21030.0,43.720845976178616,570.0
24547,2934.0,3,20250.0,62.72928526249209,1350.0
25047,9606.0,31,21760.0,35.71842410196987,-160.0
25356,13772.0,19,28390.0,51.73996878156276,-6790.0
25434,9065.0,16,23050.0,39.05559311456654,-1450.0
25462,41588.0,29,27910.0,57.04807313925927,-6310.0
25578,13733.0,26,23340.0,35.804716256117786,-1740.0
26176,3663.0,4,22420.0,43.58309940257684,-820.0
26307,3657.0,7,21340.0,25.56784631736409,260.0
27056,318.0,1,21310.0,53.733823861619385,290.0
27165,12604.0,19,21980.0,58.54518615712646,-380.0
27170,1149.0,2,21550.0,53.66643209007741,50.0
27198,229.0,1,22950.0,49.45504087193461,-1350.0
27226,11140.0,19,21730.0,59.89542483660131,-130.0
27507,9060.0,13,22280.0,65.64266048398783,-680.0
27679,826.0,2,20790.0,47.37445102157724,810.0
28015,15957.0,19,23940.0,61.79078014184397,-2340.0
28051,10265.0,17,22380.0,39.39201553572096,-780.0
28089,8575.0,11,23220.0,37.044362814354336,-1620.0
28116,12803.0,18,23510.0,47.83485895759387,-1910.0
28196,9578.0,16,22450.0,41.29539356837849,-850.0
28199,3628.0,4,22340.0,32.57814661134163,-740.0
28422,1062.0,2,22410.0,26.090755056655723,-810.0
29026,4729.0,2,21520.0,59.57929096019585,80.0
29199,2433.0,3,21120.0,35.07114487332742,480.0
29218,4416.0,4,21250.0,56.1118170266836,350.0
29274,5245.0,1,20430.0,36.08156028368794,1170.0
2A130,9146.0,13,24150.0,18.682327668347103,-2550.0
2B042,15502.0,3,20520.0,62.66080211880439,1080.0
30029,400.0,2,19960.0,23.333075495049503,1640.0
30132,10624.0,6,17510.0,37.53591309032142,4090.0
30269,2436.0,1,17530.0,15.896707628101089,4070.0
30334,1066.0,1,21380.0,65.70048309178743,220.0
31106,2524.0,1,23890.0,46.29064127896533,-2290.0
31107,11185.0,9,21510.0,53.72408059467919,90.0
31135,9935.0,14,20970.0,45.25545282124229,630.0
31324,4258.0,7,21380.0,61.58523344191097,220.0
32160,749.0,2,24580.0,57.63755290496344,-2980.0
33042,12565.0,3,22990.0,27.41005594238106,-1390.0
33138,22095.0,13,19750.0,58.83821358940253,1850.0
33213,15919.0,6,26230.0,65.71581902245707,-4630.0
33236,8334.0,1,24880.0,34.47988606132266,-3280.0
33402,21976.0,24,19530.0,56.39733499424343,2070.0
33498,8641.0,2,24370.0,43.17909254447331,-2770.0
34028,222.0,2,19170.0,30.86258266114381,2430.0
34111,6457.0,11,20870.0,38.39473986888012,730.0
34189,8587.0,8,18810.0,45.34606205250597,2790.0
35085,14363.0,11,21050.0,58.32607835377919,550.0
35125,14819.0,13,20910.0,54.5437423486204,690.0
35162,5599.0,5,20110.0,45.502848116413766,1490.0
35168,4227.0,5,20780.0,53.80309515969707,820.0
35219,6990.0,5,20810.0,54.29969704031695,790.0
35223,9013.0,5,22230.0,43.35863377609108,-630.0
35239,13254.0,9,21170.0,56.07785064522953,430.0
35257,1556.0,2,20870.0,58.74119586392927,730.0
35297,8788.0,5,21090.0,56.72627678427582,510.0
37063,14570.0,15,21800.0,45.87747716195313,-200.0
37072,9605.0,3,21830.0,57.26644911588373,-230.0
37115,1703.0,3,20410.0,40.77207826546801,1190.0
37123,6365.0,6,21750.0,46.68761406611601,-150.0
37226,1348.0,2,20950.0,46.14184567382696,650.0
38006,4828.0,3,23840.0,50.394667602175055,-2240.0
38034,20841.0,19,21330.0,62.47019551740582,270.0
38412,14184.0,12,22960.0,48.08189525584751,-1360.0
38545,13997.0,5,25300.0,58.62299872161686,-3700.0
38548,10713.0,5,24450.0,39.61259956553221,-2850.0
39013,5808.0,13,22300.0,45.09666899604006,-700.0
39056,7800.0,13,22080.0,46.15556548949486,-480.0
39097,15890.0,29,22460.0,40.12576478585996,-860.0
39128,1555.0,3,21110.0,43.3094773368033,490.0
39154,52.0,1,22030.0,24.90653733454582,-430.0
39333,4334.0,8,21840.0,46.1702354319804,-240.0
39368,8016.0,3,25060.0,63.896184149544254,-3460.0
39397,71.0,1,22560.0,21.570199347977123,-960.0
39434,5883.0,27,22280.0,35.832741422439085,-680.0
39475,4176.0,8,21580.0,38.43047752808989,20.0
39478,3215.0,6,22230.0,47.81179763368814,-630.0
39500,4084.0,13,21820.0,31.81093070518564,-220.0
40184,831.0,1,21860.0,26.56157049375372,-260.0
40224,1201.0,1,21700.0,56.68034655722754,-100.0
40310,15520.0,6,22630.0,46.34428840306935,-1030.0
41106,702.0,1,22040.0,23.61995369700477,-440.0
41149,553.0,1,21600.0,31.50010968004764,0.0
41151,1754.0,4,21810.0,52.31676226896112,-210.0
41167,2853.0,4,22240.0,58.08488901272406,-640.0
41173,544.0,1,22390.0,24.89650340742628,-790.0
41194,27989.0,9,21230.0,50.063238933186696,370.0
41242,1056.0,1,20580.0,44.01768519271978,1020.0
41269,31074.0,18,21910.0,49.04504614507972,-310.0
42011,11110.0,14,21340.0,60.66481994459834,260.0
42019,10873.0,10,20920.0,48.64855451062347,680.0
42023,6527.0,8,21190.0,44.458824330767655,410.0
42182,15617.0,13,22300.0,41.50196838592354,-700.0
42204,6712.0,11,21690.0,50.69486404833837,-90.0
42230,924.0,3,20520.0,29.302048290252525,1080.0
43080,4028.0,6,20310.0,19.451261720470708,1290.0
43162,646.0,2,20530.0,41.168587510050926,1070.0
44067,13644.0,5,20170.0,45.772946859903385,1430.0
44180,751.0,1,20510.0,32.36584678555614,1090.0
44213,7533.0,1,20900.0,63.68785931687521,700.0
45028,20003.0,9,22760.0,65.39045708554234,-1160.0
45030,11658.0,18,21310.0,43.45136041744316,290.0
45031,6368.0,11,21950.0,41.70906638876969,-350.0
45053,413.0,1,21200.0,38.16258588529738,400.0
45082,21207.0,14,23450.0,55.43444165621079,-1850.0
45085,11003.0,13,21480.0,28.69967672163174,120.0
45115,2499.0,5,21410.0,39.7017707362535,190.0
45145,8007.0,5,22410.0,65.60657118786858,-810.0
45146,13659.0,5,24530.0,37.79595350839431,-2930.0
45155,22905.0,8,21240.0,62.39701893584121,360.0
45187,194.0,2,21990.0,33.724910814024724,-390.0
45224,19154.0,12,24260.0,62.2662136209189,-2660.0
45248,5128.0,10,22560.0,25.18529241459178,-960.0
45252,23350.0,21,21490.0,62.98377484249192,110.0
45258,7504.0,16,22990.0,44.759687666715166,-1390.0
45315,19911.0,14,22440.0,43.10973060151724,-840.0
47310,19640.0,12,19500.0,64.35289221806076,2100.0
49018,122.0,1,20690.0,43.85373291889038,910.0
49125,15590.0,7,20850.0,56.75282125955588,750.0
49127,1711.0,1,21060.0,59.08783020997968,540.0
49215,6441.0,4,20380.0,55.90613718411552,1220.0
49228,808.0,1,18850.0,18.71273948023384,2750.0
49248,428.0,1,19990.0,41.05884548975687,1610.0
49261,1097.0,1,21000.0,61.723382315029646,600.0
49373,12302.0,8,20620.0,38.06118754525706,980.0
50031,4883.0,10,23220.0,61.91200710029162,-1620.0
50099,801.0,1,20630.0,52.92121059744178,970.0
50236,6180.0,19,20800.0,46.72375448204911,800.0
50341,5565.0,18,20830.0,56.80890159248673,770.0
50394,715.0,1,19880.0,47.22222222222222,1720.0
50410,5263.0,7,20410.0,48.65556422933472,1190.0
50487,2579.0,3,20540.0,49.13629982298725,1060.0
50601,6835.0,9,21130.0,60.87136286112977,470.0
50639,3590.0,11,20400.0,46.99855894803206,1200.0
51217,8916.0,13,23160.0,35.109148158322945,-1560.0
51250,9811.0,15,21700.0,47.30868665977249,-100.0
51380,889.0,5,21420.0,26.09136412595831,180.0
51388,686.0,1,22330.0,43.83679767631842,-730.0
53062,1960.0,3,21420.0,62.067824040017655,180.0
54039,7865.0,15,20700.0,43.98661472380382,900.0
54273,18537.0,21,21770.0,57.24793209057805,-170.0
54322,12952.0,20,21790.0,30.88091405485592,-190.0
54329,28381.0,16,21130.0,63.66354526039099,470.0
54563,7478.0,29,23060.0,34.787078407338576,-1460.0
55181,87.0,1,20420.0,32.279718801205135,1180.0
55351,39.0,1,21850.0,32.668107988247684,-250.0
56057,1665.0,1,20000.0,34.47034299791548,1600.0
56061,3092.0,2,20850.0,56.31852279284478,750.0
56117,8495.0,5,21190.0,60.58584735627537,410.0
56152,5528.0,4,22330.0,64.55681420063063,-730.0
56166,17244.0,9,21000.0,46.05187063481472,600.0
57089,20342.0,31,21830.0,53.138632742091374,-230.0
57132,132.0,2,22150.0,29.73239942528736,-550.0
57177,101.0,1,20800.0,25.52350232812216,800.0
57483,8540.0,21,20600.0,38.342976732734215,1000.0
57572,9087.0,24,23640.0,48.07955134549225,-2040.0
57630,46785.0,67,21640.0,52.54622883626484,-40.0
58086,5618.0,6,21490.0,30.877385608954565,110.0
59601,6437.0,7,18960.0,62.879749926736345,2640.0
60104,1441.0,7,21110.0,52.014426460239264,490.0
60286,208.0,1,21220.0,51.60195264280103,380.0
61508,781.0,2,19550.0,33.40407470288625,2050.0
62080,16607.0,40,20860.0,59.45883971566155,740.0
62268,14075.0,19,20320.0,61.07706310679611,1280.0
62361,1312.0,7,18740.0,50.08869043978225,2860.0
62588,10379.0,19,21010.0,60.99297944340623,590.0
62767,263.0,1,20550.0,62.52625456425501,1050.0
63040,12198.0,13,22550.0,65.75957083638137,-950.0
63178,469.0,1,21470.0,55.2788890634095,130.0
63430,5443.0,4,20430.0,49.6105408750091,1170.0
64063,49.0,1,21140.0,29.126080395115928,460.0
64233,457.0,2,20830.0,23.696344535817843,770.0
64256,12112.0,8,21650.0,59.53516366498449,-50.0
64430,24450.0,28,22010.0,57.88751946908648,-410.0
64499,2512.0,3,20900.0,49.27536231884058,700.0
65059,1099.0,4,21340.0,39.9733263369627,260.0
65258,231.0,2,21350.0,38.88236281255245,250.0
66003,47.0,1,18490.0,20.2754854867184,3110.0
66088,9556.0,10,19380.0,48.117777316448695,2220.0
67095,14483.0,34,22230.0,60.15034471301603,-630.0
67434,6246.0,9,21090.0,63.82147838214784,510.0
69006,14147.0,14,21400.0,58.41833895916021,200.0
69018,6478.0,8,22010.0,41.34601172587082,-410.0
70279,768.0,2,20770.0,38.25612009615542,830.0
70310,28485.0,27,21000.0,63.42336844809866,600.0
70311,13402.0,12,20520.0,60.17455956036851,1080.0
70334,8099.0,24,22590.0,38.04285340998171,-990.0
70447,6971.0,20,22660.0,35.19694314362054,-1060.0
70550,31979.0,20,21660.0,61.17845615591199,-60.0
71014,3085.0,9,20740.0,35.57360817855396,860.0
71120,3569.0,5,20940.0,55.14675485737908,660.0
71137,2544.0,3,22040.0,34.774643883642334,-440.0
71263,604.0,1,20870.0,56.6507036747459,730.0
71417,3074.0,15,22340.0,28.801594999461148,-740.0
71419,547.0,1,20640.0,34.32706536254376,960.0
71512,6843.0,9,22510.0,61.83806253388759,-910.0
72039,2643.0,4,21090.0,51.28491100887588,510.0
72090,16331.0,17,21170.0,63.02825478017294,430.0
72124,10843.0,5,21350.0,65.16733241583027,250.0
72132,14918.0,13,21710.0,61.67585073472544,-110.0
72264,26483.0,14,20920.0,63.25415905375516,680.0
72269,491.0,1,21070.0,29.854046016591017,530.0
73006,3828.0,1,23350.0,43.31026528258362,-1750.0
73054,13315.0,8,22910.0,28.067623685153567,-1310.0
73055,4237.0,5,23540.0,21.4890843923102,-1940.0
73157,4947.0,5,22850.0,10.078021111594902,-1250.0
73181,3263.0,4,22800.0,33.87198586037116,-1200.0
73248,25425.0,28,23040.0,28.518572257690074,-1440.0
73270,11208.0,13,23710.0,60.62277843601896,-2110.0
73304,3605.0,2,22800.0,20.480627201454386,-1200.0
73330,7823.0,13,23720.0,61.97908413880526,-2120.0
74056,12228.0,3,23180.0,59.89126708135377,-1580.0
74191,8800.0,9,24350.0,42.60882196291096,-2750.0
74236,14383.0,11,23630.0,47.3125,-2030.0
74258,4569.0,4,24530.0,18.51596693143135,-2930.0
74269,12094.0,15,26250.0,64.70494923857868,-4650.0
74280,15075.0,8,24670.0,57.91839557399724,-3070.0
76035,9641.0,33,20260.0,39.50073096176849,1340.0
76101,660.0,4,20000.0,47.184725769184,1600.0
76146,3319.0,9,23030.0,60.870557796210335,-1430.0
76164,11042.0,6,22590.0,62.42297473005824,-990.0
76312,5017.0,6,21170.0,53.26387039225534,430.0
76462,71.0,1,20690.0,43.09147145319948,910.0
77051,7316.0,14,22400.0,51.65572265762904,-800.0
77088,6562.0,8,26400.0,57.95795795795796,-4800.0
77182,19487.0,22,22140.0,54.8038501168606,-540.0
77379,26580.0,23,21570.0,61.13354461944368,30.0
79101,1173.0,1,21110.0,44.52725113631711,490.0
79195,883.0,1,20070.0,52.43885491939968,1530.0
79270,20454.0,14,20880.0,56.71214881986525,720.0
80010,5614.0,11,23160.0,61.59754224270353,-1560.0
80013,9280.0,19,20140.0,55.06230529595016,1460.0
80016,3281.0,11,21000.0,62.890924584576055,600.0
80211,5386.0,14,23170.0,39.47710203851149,-1570.0
80253,18974.0,37,20200.0,50.46483465300419,1400.0
80561,11555.0,31,20430.0,60.010113780025286,1170.0
80606,4770.0,25,20140.0,42.80419131798418,1460.0
80620,2480.0,8,20350.0,59.50934003094656,1250.0
80630,6093.0,19,21710.0,37.676230521889686,-110.0
80680,2573.0,6,20460.0,63.80365779927449,1140.0
80685,14925.0,36,20610.0,59.14739127180178,990.0
80688,128.0,1,20540.0,44.4988573294156,1060.0
82013,2235.0,5,20340.0,27.623343151693668,1260.0
82112,16786.0,3,19030.0,55.93823094181106,2570.0
82134,9009.0,4,20560.0,39.28509756518736,1040.0
82186,359.0,1,20530.0,47.39762905587305,1070.0
83012,147.0,1,20160.0,32.89811643835617,1440.0
83032,8973.0,5,20500.0,55.69486686115077,1100.0
83055,16779.0,6,22790.0,57.83468909416793,-1190.0
83121,4533.0,2,20980.0,60.667034178610805,620.0
84071,5397.0,3,23430.0,62.724509533020175,-1830.0
84133,8039.0,5,23080.0,60.10467289719626,-1480.0
84137,432.0,1,21030.0,59.00431958730849,570.0
85051,14765.0,7,20870.0,65.69617893755824,730.0
85059,1299.0,2,20620.0,49.25932929904186,980.0
85128,1713.0,2,21130.0,62.36535162950257,470.0
85156,7656.0,6,21000.0,57.70245867481594,600.0
86066,23274.0,13,21170.0,64.02623362463449,430.0
86070,4611.0,4,21940.0,43.08880500645674,-340.0
86092,4574.0,2,21030.0,47.39945251631922,570.0
86103,713.0,1,20590.0,24.4899056426248,1010.0
86128,6499.0,7,20570.0,45.63576158940398,1030.0
86139,10599.0,9,21050.0,36.16171954964176,550.0
86177,10030.0,4,22100.0,57.3270090552164,-500.0
86294,12296.0,9,22200.0,60.9453443213034,-600.0
87002,7592.0,4,21790.0,34.79378131825774,-190.0
87126,5914.0,6,20210.0,31.66681139284474,1390.0
87154,19716.0,7,21610.0,61.12337696472692,-10.0
88075,10710.0,5,20510.0,64.96027172924121,1090.0
88078,1571.0,5,20440.0,54.13277719847064,1160.0
88090,17660.0,41,21740.0,56.60515954633602,-140.0
88181,11678.0,9,20440.0,58.41336534613846,1160.0
88304,18.0,1,21400.0,39.28264973399691,200.0
88367,322.0,2,20260.0,38.70139195757844,1340.0
88372,20312.0,22,19880.0,54.37717720452631,1720.0
88408,3536.0,1,20060.0,33.75097885669538,1540.0
88468,11341.0,7,19950.0,52.38727891721332,1650.0
88487,4113.0,2,19820.0,45.7,1780.0
88530,5124.0,3,19540.0,28.499938597568462,2060.0
89003,5464.0,9,22170.0,38.006822401658106,-570.0
89086,157.0,1,20940.0,23.87487030910479,660.0
89419,367.0,1,21220.0,21.110638939533096,380.0
89464,12703.0,11,21940.0,63.42323976791595,-340.0
91016,8765.0,11,23080.0,49.65294086947445,-1480.0
