treated_code,control_code,treated_epci,control_epci,treated_department,control_department,shared_boundary_m,treated_population,control_population,treated_density,control_density,i,j,pair_id
01029,01296,200071751,200071751,01,01,6068.93465247046,700.0,407.0,49.530023914816304,31.261501620454656,0,221,0
01127,01350,200071751,200071751,01,01,2270.5870339926196,504.0,2553.0,33.5659424172033,89.26660559420343,2,264,1
01445,01038,200071751,200071751,01,01,6762.348174962282,617.0,764.0,44.57711803666304,41.85844252279675,7,30,2
02056,02546,200071785,200071785,02,02,1778.2231642447998,176.0,186.0,32.303209754008236,48.606781151990155,15,492,3
02091,51250,240200501,200067213,02,51,1519.4099907337604,92.0,5803.0,17.424800909114094,346.4929959492719,18,6296,4
02118,02243,240200501,240200477,02,02,2573.8372393117143,130.0,2999.0,95.89425618050552,288.728488759296,21,405,5
02122,02685,200071785,200071785,02,02,1241.6271318045679,55.0,123.0,19.189825699506716,18.60575513266705,23,525,6
02131,02722,240200501,240200477,02,02,183.99302673243747,1882.0,28705.0,145.7501502190905,2325.2501968185984,26,540,7
02132,02680,200043495,200071785,02,02,2119.690103396095,189.0,2315.0,21.58256997834939,77.62677935705773,27,524,8
02190,02828,240200501,240200477,02,02,3009.4685473380264,527.0,91.0,94.34806667125557,19.826522216682626,37,571,9
02195,02711,240200501,240200477,02,02,1676.7823871849816,896.0,279.0,99.84867518243429,30.54124433963982,39,535,10
02198,02424,240200501,240200477,02,02,2277.826096417987,233.0,102.0,67.40676339654046,27.683729439866827,41,459,11
02210,02714,240200501,240200477,02,02,134.02354634525773,358.0,354.0,95.3088618620518,63.87118029678593,42,536,12
02270,02317,240200493,240200493,02,02,3192.3225287716964,165.0,205.0,32.434022481247666,38.889550270804,48,430,13
02273,02694,200071892,200071892,02,02,1395.3984949135563,196.0,612.0,25.294859133720525,95.94726003617748,49,527,14
02281,02798,240200584,240200584,02,02,4509.212486187736,249.0,1205.0,20.20968303254819,55.90670497743975,50,562,15
02327,02060,240200493,240200493,02,02,2383.762123079475,161.0,252.0,32.443709479024456,33.500882944343445,54,366,16
02329,02335,200071785,200071785,02,02,2061.6849735654882,424.0,175.0,44.540730829409114,69.01636923376603,55,438,17
02343,02772,240200493,240200493,02,02,3125.1526066144525,83.0,148.0,18.13582665748134,37.968402392253616,56,552,18
02390,02774,240200493,240200493,02,02,3104.0162410451308,255.0,121.0,43.591704630884834,22.974525582927807,57,553,19
02439,51037,240200501,200067213,02,51,3391.035745809731,1215.0,344.0,31.86227658724066,61.305027405629204,67,6245,20
02487,02003,240200501,240200477,02,02,390.2477943047655,619.0,1016.0,186.51286901232166,87.8443768049256,69,351,21
02492,02222,200071785,200071785,02,02,1473.5426081872788,439.0,37.0,32.70663680684545,11.628983422669728,72,400,22
02523,51382,240200501,200067213,02,51,1150.6996414964312,71.0,115.0,12.494441890193782,18.965771480840417,76,6330,23
02570,02246,200071892,200071892,02,02,4144.436852596072,173.0,603.0,32.231870557093195,64.14104822095064,80,407,24
02739,02398,240200501,240200477,02,02,1576.630393137903,336.0,280.0,47.4778110782606,20.08647809111619,97,454,25
02752,02025,200071892,200071892,02,02,1642.125196834602,283.0,365.0,47.71438217236838,57.583675614677915,98,358,26
02777,77492,240200584,200072544,02,77,1495.7848917776912,133.0,634.0,10.401253229995817,24.809800801412027,104,12536,27
03080,03110,200071363,200071363,03,03,5902.5671255455045,708.0,974.0,56.34346642146815,54.597629888426255,112,582,28
04063,84014,200034700,248400285,04,84,7843.11094934775,1254.0,1115.0,66.72141717219975,20.706237531673658,125,13299,29
04128,84009,200034700,248400285,04,84,2707.6632841732567,225.0,1686.0,11.896422696633941,60.92685881589373,128,13295,30
06110,06072,200030195,200030195,06,06,2160.505091059036,116.0,142.0,4.300629486418065,3.496651325066701,154,641,31
07034,30005,240700864,200034692,07,30,4589.492618772675,259.0,213.0,8.789363598678165,10.604954770954649,155,3453,32
07040,07217,200073096,200073096,07,07,2080.8079641645377,251.0,850.0,28.364399061992753,44.600158537696466,156,754,33
07042,26116,240700864,200042901,07,26,904.568993509933,7352.0,5952.0,171.53988741512245,183.0528271579167,157,2533,34
07068,07177,200073096,200073096,07,07,2568.9813641031137,568.0,839.0,37.325919945405076,50.784977270426,158,745,35
07099,07332,240700864,200071405,07,07,6560.634398018837,603.0,435.0,10.469963760781463,14.355881566213412,159,796,36
07133,07300,240700864,200071405,07,07,3068.7117448543645,261.0,470.0,18.773977304736075,23.75842986226481,160,782,37
07158,07139,200073245,200073245,07,07,3757.7181892951776,97.0,101.0,3.6374623863645024,7.209616219269293,161,733,38
07264,07259,240700864,240700864,07,07,12016.600607735552,2368.0,1646.0,65.67588458397775,158.84389587952168,162,770,39
07279,07346,240700864,240700864,07,07,9274.002038803426,1942.0,3674.0,57.84358523462474,108.67330571229944,163,804,40
08166,08304,240800821,240800821,08,08,2852.35904200472,247.0,78.0,41.9578457028085,9.678511596111528,165,846,41
08214,08028,240800821,240800821,08,08,940.2630755186175,471.0,982.0,10.993409273471283,91.84614470351713,167,809,42
08222,08487,240800821,240800821,08,08,2846.3432050415977,1819.0,1894.0,64.30444464718276,89.35687746899606,168,867,43
09067,31319,200066231,200068807,09,31,998.5208296499716,210.0,131.0,29.295252749566664,18.140973437513445,175,3743,44
09076,31206,200066231,200068807,09,31,1853.8920815158513,202.0,1322.0,20.3617573528543,32.51285882517489,177,3702,45
10066,10307,200069250,200069250,10,10,194.0601239331084,437.0,366.0,33.68940008779257,42.705155793876244,223,911,46
10156,10211,200069250,200069250,10,10,4081.713301946819,712.0,990.0,54.96925392018142,47.50523380015582,230,896,47
10208,89469,200006716,248900896,10,89,8938.460684310709,290.0,935.0,21.144186693698384,15.29343340873116,233,13844,48
10240,10248,200069250,200069250,10,10,668.8097823665343,469.0,390.0,40.90517916305709,34.63322731650453,237,903,49
11001,11023,200035715,200035715,11,11,3867.4068268025494,543.0,738.0,51.58910739590093,74.25224886159467,254,949,50
11009,11259,200035715,200035715,11,11,3247.1158812718973,1595.0,996.0,71.63377307299234,50.94754974271204,255,988,51
11027,11146,200035715,200035715,11,11,3026.9984930305727,789.0,418.0,84.1982195111177,90.04773123254557,257,968,52
11075,11056,200035715,200035715,11,11,7041.528693933314,131.0,173.0,7.503699318016917,9.516740411157766,260,956,53
11188,11086,241100593,241100593,11,11,5084.313945308861,1784.0,888.0,54.56287628100593,98.75032264469425,263,960,54
11220,11397,200035715,200035715,11,11,482.7642180334921,700.0,5416.0,62.605219049985244,302.1136585747124,265,1006,55
11242,11005,200035715,200035715,11,11,1119.0214769396287,173.0,1364.0,14.876519068340775,81.90096489250074,266,944,56
11286,11081,200035715,200035715,11,11,443.9811490694482,1160.0,1581.0,113.77859862555293,54.795857133145184,268,957,57
11295,11285,241100593,241100593,11,11,4529.0163615132415,1305.0,1167.0,37.26791999100752,32.86341352149503,269,994,58
11307,11217,241100593,241100593,11,11,1136.7606907535023,246.0,1303.0,38.91279874134756,227.92715909477397,271,980,59
11315,11198,200035715,200035715,11,11,1676.5143647383675,1975.0,1000.0,90.44252442936786,24.553111916728554,273,972,60
11322,11266,241100593,241100593,11,11,233.534565296747,1021.0,5905.0,22.433344024260943,157.25494693904682,274,990,61
11325,11102,200035715,200035715,11,11,1315.5224020126007,472.0,554.0,85.54571119279314,54.393381157188365,275,964,62
11340,11018,200035715,200035715,11,11,2401.0117393095093,544.0,1202.0,84.64178268248928,55.06432455742224,276,948,63
11357,11253,200035715,200035715,11,11,3453.8681691432844,212.0,828.0,15.442433106366963,33.552974529429655,278,984,64
11421,11264,241100593,241100593,11,11,3421.1870082394116,548.0,1280.0,218.09744187840963,89.26515516878145,281,989,65
13038,13011,241300375,241300375,13,13,3938.335847642245,3521.0,289.0,87.3948405370674,15.996955937903556,282,1026,66
14085,14032,241400878,241400878,14,14,1866.7981909681662,818.0,276.0,39.101877692141784,26.810708265157768,284,1136,67
14097,14674,200066710,200066710,14,14,890.4251202476142,300.0,120.0,65.681264362006,20.381210486969547,285,1384,68
14145,14160,200066710,200066710,14,14,4421.324510514744,554.0,181.0,56.90182556629628,24.01201653302476,287,1188,69
14147,14570,200069532,200069532,14,14,1744.190849314968,138.0,2491.0,23.414769107675788,86.18314020279063,288,1350,70
14162,14602,200066710,200066710,14,14,2443.210497940975,1316.0,268.0,53.57319982265334,36.1030691681031,289,1362,71
14261,14077,241400878,241400878,14,14,3048.2847207622185,331.0,734.0,73.76439087857564,68.79595930331635,292,1158,72
14309,14100,200066710,200066710,14,14,4139.082399434284,831.0,1911.0,159.04035796860123,194.12395299852062,294,1167,73
14334,14403,200069532,200069532,14,14,4558.1901686584115,317.0,744.0,54.1926990091669,60.231719604022445,296,1293,74
14371,14362,200069532,200069532,14,14,4180.85511525819,6158.0,157.0,33.559018480451435,15.401373828802212,298,1279,75
14589,14455,200066710,200066710,14,14,3542.6793544842267,958.0,274.0,101.91376606413758,29.039435437165444,303,1308,76
14635,14171,200066710,200066710,14,14,2886.299495506997,189.0,144.0,23.2773857069598,31.599362391478426,305,1194,77
14719,14039,200066710,200066710,14,14,1291.1838810637335,743.0,780.0,120.21806672008294,89.67817835118679,306,1140,78
14741,14656,200066710,200066710,14,14,221.56933899563438,121.0,982.0,34.10884278651079,129.61498391150934,307,1377,79
16050,16343,200070514,200070514,16,16,220.8645303888719,245.0,299.0,17.98507241256399,23.880320615072105,321,1471,80
16057,16340,200070514,200070514,16,16,3154.228325657904,325.0,1024.0,26.84415681053324,67.68107200316562,322,1469,81
16060,16349,200070514,200070514,16,16,6293.630440469511,444.0,500.0,28.39173986033314,27.16437607282147,323,1473,82
16297,16032,200070514,200070514,16,16,2897.381493653657,325.0,515.0,36.19825188624411,67.07966770346788,325,1422,83
16316,16012,200070514,200070514,16,16,3387.2238851030024,384.0,498.0,56.90794683277298,34.736028160409425,326,1418,84
16352,16234,200070514,200070514,16,16,2958.9780061827914,226.0,686.0,60.28430560985376,39.86692929877583,327,1459,85
17007,17315,200041614,241700434,17,17,2263.0462315552745,316.0,1389.0,33.22347423312184,101.71492946989864,329,1576,86
17008,17376,200041499,200041499,17,17,4560.726166393112,2312.0,2083.0,80.60200463470875,234.17827160746327,330,1592,87
17015,17230,241700640,241700640,17,17,6835.281779756239,730.0,3160.0,27.824774004581126,112.08592188724963,331,1553,88
17041,17057,200041499,200041614,17,17,3112.13793260998,1763.0,916.0,37.152019728455,60.20865015987548,333,1498,89
17080,17166,200041614,200041614,17,17,4915.568729135855,988.0,1328.0,52.955579388349605,97.09898173151385,337,1534,90
17091,17153,200041499,241700434,17,17,97.4114738576753,2002.0,2103.0,57.088943773090136,275.38582745383684,338,1530,91
17115,17191,200036473,200036473,17,17,4137.089279786329,303.0,428.0,42.06560085505163,50.73965657187049,340,1540,92
17119,17097,241700640,241700640,17,17,5633.98856882363,1228.0,817.0,69.76974671972104,66.81135285063861,341,1512,93
17218,17208,200041499,200041499,17,17,668.0568710404209,4500.0,1058.0,53.74042716844829,80.60285271047448,351,1547,94
17242,17100,200036473,200036473,17,17,2010.3128356094755,875.0,1130.0,36.67630690221037,37.897592695437964,353,1513,95
17253,17018,200041762,200041614,17,17,4294.640564671027,1359.0,865.0,34.287894335347445,54.19702157187366,355,1491,96
17293,17480,200041614,200041614,17,17,353.121186384329,705.0,747.0,51.34584878140714,74.85481897540731,356,1623,97
17349,17267,200041499,200041499,17,17,4056.854337941188,3038.0,1228.0,73.11910469224726,74.61165163404083,360,1561,98
17396,17009,200041499,200041499,17,17,2035.0104864756977,1744.0,1285.0,90.74328975556581,118.6662818059013,364,1489,99
17425,17228,241700640,241700640,17,17,2920.446657671553,2479.0,3036.0,99.57446523130837,128.55130702848092,365,1552,100
18006,18218,241800507,241800507,18,18,1781.8541038982664,245.0,650.0,20.134006442076643,43.7345691611868,370,1650,101
18145,18176,200066330,200066330,18,18,9515.155986153426,1614.0,409.0,42.33389332283782,15.358365756797923,376,1641,102
18201,18008,241800457,241800507,18,18,7363.47184816502,768.0,487.0,52.775484064566676,26.457976826816715,380,1631,103
18207,18255,241800457,241800507,18,18,5564.681683843287,6419.0,979.0,285.9237844032604,47.7650391583728,381,1656,104
18279,18096,200090561,200090561,18,18,2007.7613920200597,25348.0,2069.0,339.58152737666893,127.22541860232165,388,1636,105
18285,18157,241800457,241800507,18,18,5620.479683189802,406.0,790.0,15.316341474097769,53.67182280011021,389,1640,106
19030,19124,200043172,200043172,19,19,5503.224003487691,967.0,1511.0,51.34610265150392,80.4890001864629,391,1672,107
19153,19005,200043172,200043172,19,19,4726.782920818031,3699.0,4019.0,385.9475104862297,103.56535287308506,398,1660,108
19161,19289,200043172,200043172,19,19,3107.6519032326346,442.0,687.0,23.412725146647063,35.02255946313907,399,1683,109
21038,39051,200070902,200010650,21,39,1366.864343303909,7602.0,432.0,187.7881109562607,69.27077668543612,413,5028,110
21050,21037,200006682,200006682,21,21,2731.208727198301,209.0,295.0,20.157602364452753,26.853555301548496,414,1695,111
21135,21079,200072825,200072825,21,21,3100.126284436438,312.0,127.0,23.423651245317206,16.73865264940871,415,1711,112
21138,21643,200070902,200070902,21,21,8267.767234216157,590.0,434.0,56.14024405504926,75.67129299561849,416,1880,113
21268,39101,200070902,200010650,21,39,1757.0958528293356,199.0,1461.0,24.993172348917188,101.62956917359111,419,5043,114
21337,21130,200070902,200000925,21,21,469.7193768018742,1367.0,405.0,40.4831493338141,65.37194588147523,423,1724,115
21376,21215,200070902,200072825,21,21,695.5912648802865,100.0,178.0,22.056646017536927,28.020891474874826,426,1752,116
21437,21146,200070902,200072825,21,21,3719.431614490574,243.0,120.0,26.998623521358947,18.275058673004626,429,1727,117
21522,21467,200072825,200072825,21,21,4937.392523476927,470.0,124.0,32.73207814997668,20.719914016208573,435,1825,118
21527,21541,200006682,200006682,21,21,7528.066857314939,279.0,204.0,19.999487738689332,21.555160444410845,436,1847,119
21556,21175,200070902,200070902,21,21,4300.491113567213,242.0,183.0,23.05326116387192,21.096955513099818,437,1736,120
21571,21167,200070902,200072825,21,21,2223.787905608687,230.0,117.0,24.484695595109805,13.243724878771715,438,1731,121
21618,21323,200070902,200072825,21,21,4015.271790806703,548.0,148.0,24.864959099736236,21.298538644118338,441,1788,122
21699,21609,200070902,200070902,21,21,1363.7239243439717,1192.0,502.0,114.4662399437537,112.44153202244279,445,1869,123
21701,21074,200070902,200070902,21,21,2125.8405912582393,125.0,250.0,40.2486917099117,64.60497094046039,446,1709,124
22004,22018,200067981,200067981,22,22,1796.443453124951,4839.0,304.0,133.13022953665038,36.65712268529704,448,1907,125
22006,22101,200065928,200065928,22,22,1020.1057786272933,273.0,1152.0,81.73755191573235,61.564703855488105,449,1945,126
22032,22239,200068989,200068989,22,22,2435.3812447226483,2504.0,1382.0,76.99323377126295,72.17117366271074,451,2022,127
22034,22030,200065928,200065928,22,22,5601.186904337021,1528.0,905.0,90.89027322488728,124.76032753908675,452,1912,128
22036,22071,200068989,200068989,22,22,4131.819863224218,211.0,725.0,26.173165760746432,48.5074087661771,453,1928,129
22041,22269,200065928,200067981,22,22,1792.7749007004281,255.0,262.0,31.312736962046692,49.678030998760114,454,2036,130
22069,22208,200068989,200068989,22,22,2423.8873454586214,217.0,1729.0,28.62487487173096,50.0682667928596,456,2002,131
22164,22223,200067981,200067981,22,22,3342.84217123322,1874.0,2006.0,69.38203113155683,83.77198171509117,459,2012,132
22184,22079,200069391,200069391,22,22,8870.526001490716,1589.0,2320.0,39.771792477435824,55.173957162220525,460,1932,133
22203,22009,200069409,200069409,22,22,4517.6318099960745,4112.0,170.0,48.91746730441793,16.576961898578926,461,1901,134
22245,22340,200065928,200065928,22,22,5718.697141428685,952.0,1201.0,40.337362842365444,64.91033166145974,463,2074,135
22267,22185,200069391,200069391,22,22,3275.1042300935155,396.0,2487.0,24.63249464550526,39.8740706793894,465,1987,136
22310,22091,200067981,200067981,22,22,2433.299105760891,512.0,433.0,57.0909139968786,70.19345389095885,467,1938,137
22337,22145,200069391,200068989,22,22,1379.0404059443863,1116.0,818.0,25.405255968187134,38.556320077030534,468,1966,138
22348,22104,200069391,200068989,22,22,2994.1673231120403,502.0,553.0,44.32646147845232,63.437577014643736,469,1947,139
22391,22021,200068989,200068989,22,22,432.6312163800462,1113.0,1158.0,30.619094723282235,95.85467073556316,471,1909,140
24051,24246,200070647,200070647,24,24,5323.727997714687,226.0,432.0,15.418382893785324,25.545183430826604,474,2130,141
24104,24371,200040095,200040095,24,24,6375.054066085373,627.0,470.0,32.97890856408922,21.002824362696156,475,2145,142
24191,24413,200070647,200070647,24,24,3420.0287471503475,175.0,286.0,8.150345141784712,20.391031529319818,478,2148,143
24193,24148,200070647,200070647,24,24,3364.019798434828,459.0,305.0,32.53277788107684,50.39347559727914,479,2121,144
24194,24225,200070647,200070647,24,24,4182.288944240698,1590.0,2741.0,191.01529058930657,132.84758077369784,480,2127,145
24205,24295,200040095,200040095,24,24,2023.6906994576966,667.0,1194.0,31.68749820308318,57.51026113096549,481,2136,146
24213,24251,200040095,200040392,24,24,1680.1992787069812,176.0,547.0,22.729429711190736,26.723175451240806,482,2131,147
24276,24549,200070647,200070647,24,24,6744.033561051895,409.0,462.0,23.119652794833492,22.605922332373922,485,2157,148
24309,24442,200040095,200040095,24,24,7151.8217373450425,3640.0,2051.0,140.81161511943688,141.3466531800341,487,2152,149
24418,24372,200040095,200040095,24,24,2820.4635794031933,920.0,5320.0,47.0180456742044,149.19552789038062,493,2146,150
24487,24222,200070647,200070647,24,24,6587.093963706307,1808.0,2658.0,68.98749699678194,170.81216261156894,497,2125,151
26034,26129,200068781,200068781,26,26,3007.4969016995074,592.0,1065.0,69.49039987094932,105.19759177436835,508,2538,152
26083,26010,200040491,200040491,26,26,3651.716669472643,1817.0,4136.0,99.32042322723711,113.19163822182377,509,2494,153
26148,26330,200040491,200040491,26,26,2312.5519275599154,1887.0,2241.0,61.42651769012952,84.88103609306388,511,2592,154
26155,26118,200040491,200040491,26,26,2988.9213305653248,1199.0,1523.0,104.37807569943712,133.04776395305507,512,2534,155
26162,26213,200040491,200040491,26,26,1748.1133863455098,886.0,687.0,53.9676145909638,80.61212339399702,513,2564,156
26293,26028,200040491,200073096,26,26,1741.231900012489,323.0,224.0,36.03276673144596,38.99183381208564,514,2497,157
26298,26107,200068781,200068781,26,26,880.8464485953875,420.0,528.0,36.41612202403233,45.81609397651367,515,2531,158
26349,26194,200040491,200073096,26,26,3999.4068573631407,359.0,596.0,37.48603738842046,36.13355899000287,517,2559,159
27040,27217,200066413,242700607,27,27,2128.9966875048012,448.0,550.0,32.133195887784716,50.859029865558576,524,2726,160
27043,27242,200066462,242700276,27,27,1012.2541812831175,677.0,1007.0,19.774779311676006,30.143217350978826,525,2742,161
27052,27468,200066413,200065787,27,27,4744.729784360617,390.0,576.0,40.886458548455984,169.22408622980225,528,2867,162
27063,27162,200066413,242700276,27,27,793.4967385859994,260.0,242.0,29.94938136041276,30.341638687213486,532,2690,163
27115,27002,200066462,200071454,27,27,4663.880329280277,334.0,466.0,46.32843884128617,50.294588427706934,543,2611,164
27116,27028,200066413,200065787,27,27,1737.3462179159756,4219.0,337.0,249.939539536831,113.97423518113754,544,2632,165
27164,27524,200066413,242700607,27,27,1984.0259501469905,820.0,866.0,50.5295633367824,79.8278786868208,551,2895,166
27210,27224,200066413,242700607,27,27,2469.3607839660604,455.0,450.0,61.499632269793466,58.05417490110528,555,2729,167
27258,27561,200066017,200066827,27,27,261.05312250614116,518.0,655.0,55.75694445273686,117.40552668761508,557,2915,168
27311,27576,200066413,242700607,27,27,2280.435116949394,1090.0,644.0,71.45911250499512,78.68450346565969,561,2922,169
27345,27240,200066413,242700276,27,27,279.99021679980757,206.0,211.0,47.745759922696955,844.4533932405417,566,2740,170
27361,14555,200066017,241400878,27,14,3973.838412109437,396.0,451.0,49.771436161538126,45.703466907927435,568,1341,171
27371,27267,200066413,200065787,27,27,2790.6939992977505,163.0,340.0,41.294269342380474,41.608039955596354,570,2752,172
27380,27083,200066413,200065787,27,27,5462.638052979132,266.0,263.0,37.12699257622131,34.899299201949894,571,2654,173
27393,27662,200066017,200065787,27,27,83.58951032284472,499.0,343.0,55.856200730893924,35.871143513623224,574,2967,174
27432,27219,200066413,242700607,27,27,132.1753795470611,710.0,530.0,48.64008522122515,121.42447173299887,579,2727,175
27492,27618,200066413,242700276,27,27,2058.870477833256,321.0,463.0,26.859294965852964,31.217782574871936,587,2945,176
27498,27695,200066413,242700607,27,27,4635.303301849551,365.0,249.0,87.82987737783154,51.79882437225733,588,2988,177
27536,27531,200066413,200066405,27,27,3851.213374623517,543.0,205.0,73.92206514885406,52.49310708786179,593,2899,178
27646,27065,200066017,200066827,27,27,5379.215789992096,451.0,4689.0,68.04220636777099,200.8955431802966,605,2645,179
27671,27606,200066017,200065787,27,27,1619.2277513389731,163.0,476.0,33.142383356095216,124.41748701999322,607,2938,180
27693,27436,200066462,242700276,27,27,584.9365317039349,1293.0,435.0,54.09248561456625,42.90684739111301,608,2853,181
28037,28124,200040277,200040277,28,28,947.2584263347059,341.0,755.0,25.815207806805496,41.145871302680106,610,3057,182
29002,29234,242900694,242900694,29,29,6576.732684529879,1419.0,2955.0,41.82880199438805,119.86041532948839,620,3372,183
29004,29217,242900694,242900769,29,29,2860.658184291245,5713.0,2813.0,73.30955758129828,98.39009984460453,621,3364,184
29008,29003,242900629,242900629,29,29,2424.449092483923,1012.0,3697.0,28.99780698717665,198.57192773418652,622,3215,185
29014,29114,242900835,242900835,29,29,8678.074444080044,429.0,344.0,16.797520272716394,21.108528076500193,623,3293,186
29071,29136,242900694,242900694,29,29,3507.5523504172875,797.0,1169.0,34.66521509926707,69.37664355350618,625,3307,187
29143,29070,242900629,242900710,29,29,6976.36683673036,994.0,523.0,46.839265455759545,46.072184700747904,626,3257,188
29145,29226,242900629,242900645,29,29,7582.794764501866,866.0,1472.0,58.45272924018092,48.22625387270306,627,3369,189
29183,22366,242900835,200065928,29,22,4433.009019619468,718.0,404.0,48.075432447188504,33.94146056650282,628,2092,190
29218,29197,242900629,242900629,29,29,4553.254901625616,1600.0,3932.0,188.33895785235248,138.713693182299,629,3349,191
29229,29106,200068120,200068120,29,29,3099.2494930671305,1111.0,1861.0,39.64205848751534,90.8750224774014,630,3285,192
29230,29297,242900694,242900694,29,29,4190.760382732308,1655.0,2353.0,30.490232099111825,152.77171072935008,631,3418,193
29269,29147,242900694,242900694,29,29,2213.0400505110097,1016.0,3329.0,47.485955515472064,125.65336003769546,632,3312,194
29274,29241,242900694,242900769,29,29,9800.055070370247,5223.0,7609.0,44.36239632852562,132.52586636604724,633,3379,195
29302,29053,200066868,200066868,29,29,6459.035825744926,3595.0,1832.0,85.57844087847103,152.72932961666032,634,3243,196
2B042,2B037,200036499,200036499,2B,2B,7564.256101946301,9678.0,7654.0,200.21234340878257,285.6806138599062,635,3446,197
30013,30346,200034379,243000684,30,30,4985.540496688151,448.0,1773.0,66.49243768647769,92.57306600269968,638,3624,198
30085,30057,243000684,243000643,30,30,4186.076826040916,1064.0,1746.0,50.365145242924804,117.64860504579065,640,3474,199
30117,30032,243000585,243000585,30,30,6453.990198373386,2719.0,15680.0,70.99551263905464,181.26924312768134,641,3464,200
30124,30143,200034692,200034692,30,30,4222.641937636305,234.0,213.0,21.100715504907026,20.32268371946602,642,3516,201
30137,30323,200066918,200066918,30,30,2485.9085490468196,138.0,121.0,15.54672227669808,10.854786206262558,644,3612,202
30142,30159,200066918,200066918,30,30,4012.387810390707,1096.0,759.0,61.93008248074086,73.07296353640784,645,3525,203
30175,30230,200034692,200034692,30,30,4868.0585374942475,181.0,591.0,8.235817099234708,48.44185483084687,646,3562,204
30269,30168,200066918,200066918,30,30,9980.6366745085,2480.0,626.0,59.64396838151283,20.241132583335038,648,3531,205
30307,30077,200066918,200066918,30,30,2736.963861219555,2455.0,1626.0,116.1626132498491,124.96361516430454,649,3483,206
31027,31052,200068807,200068807,31,31,3535.994589525215,196.0,1620.0,21.461055281438583,61.194774302339326,650,3648,207
31107,31303,200066819,200066819,31,31,3547.3504605459448,5737.0,3280.0,214.35295992534097,152.43042963839926,653,3740,208
31320,31104,200066819,200066819,31,31,5631.381719038716,956.0,664.0,50.802186959686715,96.55991118037794,666,3671,209
31359,31283,200068815,200068815,31,31,1724.8335301269944,64.0,254.0,11.108177887890331,14.276296463336632,670,3731,210
31361,31334,200066819,200066819,31,31,3232.0677470017317,536.0,1335.0,29.853228813318264,145.16416583255545,671,3746,211
31416,31071,200066819,200066819,31,31,2747.4043649620603,653.0,453.0,101.81748912719071,60.79062785889073,676,3657,212
31517,31264,200066819,200068807,31,31,2219.8113998261647,2298.0,561.0,163.31083681158975,64.62543548593099,682,3724,213
32016,31166,200023620,200068641,32,31,5978.8839416627025,678.0,292.0,31.327518106763964,63.97834144731508,686,3688,214
32160,31339,200023620,243100781,32,31,2311.606837628117,9324.0,485.0,131.46453656601807,49.73842159797921,694,3748,215
32210,31075,200023620,200068641,32,31,3874.51990388163,761.0,1252.0,70.03646747798217,122.62280741149664,695,3660,216
32334,31291,200023620,243100781,32,31,5376.293358813685,1657.0,9474.0,93.61724074456075,384.71888691996367,700,3736,217
32425,31496,200023620,243100781,32,31,2429.436956195449,1151.0,257.0,217.93104371218678,41.34094993767029,702,3815,218
33001,33014,200070092,200035533,33,33,782.6833266212722,2013.0,1114.0,149.8768015697692,109.33238255550326,703,3866,219
33088,33332,200070092,200070092,33,33,1252.9616278307976,619.0,864.0,203.6162094114212,65.18710368642516,704,4002,220
33138,33198,200070092,200070092,33,33,3424.094320341255,8669.0,1622.0,256.8813996105857,327.4153944909256,707,3946,221
33151,33473,243301181,243301181,33,33,5036.793206503942,927.0,3347.0,25.429201670440065,98.97168905281791,708,4061,222
33173,33386,200035533,200035533,33,33,3553.5717924644623,182.0,192.0,27.644435500419387,54.46373106513673,712,4024,223
33218,33034,200070092,200070092,33,33,6704.157177589698,1616.0,458.0,57.192704807019695,38.82448379762582,713,3877,224
33320,33347,200035533,200070092,33,33,1607.694247164753,731.0,308.0,51.373330818035484,39.96132845946758,718,4010,225
33385,33373,200070092,200070092,33,33,5473.087242616573,611.0,580.0,16.928781426556355,55.65704495906593,725,4019,226
33447,33261,200070092,200035533,33,33,2016.8306794977545,2389.0,1184.0,231.31531634118664,50.78337982166949,727,3975,227
33472,33478,200070092,200070092,33,33,1821.6572795987845,366.0,3151.0,66.3712096150011,354.0107730454366,730,4064,228
33526,33342,200035533,200035533,33,33,255.18870693942776,129.0,815.0,17.96587177529869,46.82516623298746,731,4008,229
34010,34035,243400694,243400694,34,34,6369.774664840066,2943.0,1038.0,96.95550586367762,42.431721330016124,732,4118,230
34016,34088,243400694,243400017,34,34,3575.3703016672457,557.0,6654.0,9.547257885062589,230.65684175249385,733,4143,231
34060,34012,200022986,243400694,34,34,6162.75735420972,429.0,970.0,9.47125846365954,19.16103947664167,734,4105,232
34066,34153,200022986,200022986,34,34,4958.590210156524,229.0,2047.0,14.100993746064432,121.39911430388294,735,4178,233
34104,34168,200071058,200071058,34,34,3805.6200383877917,128.0,75.0,19.499502782180844,5.160025929274767,736,4189,234
34114,34239,243400694,243400694,34,34,4885.16689539986,6650.0,6344.0,222.44775317934892,322.7979883531046,737,4222,235
34208,34210,243400694,243400694,34,34,1785.3041337954598,355.0,2099.0,60.368205608420055,150.5879573236999,741,4213,236
34215,34051,243400694,243400355,34,34,816.0305312153052,957.0,3570.0,322.30313016041265,487.3257904430891,742,4126,237
34234,34105,200071058,200071058,34,34,79.80063566425856,102.0,249.0,11.222648356677553,45.87064271867026,744,4149,238
34241,34328,243400694,243400694,34,34,2897.829973672275,922.0,1151.0,107.10517772951447,67.90149480160939,747,4271,239
34261,34173,243400694,243400694,34,34,3160.310592253818,244.0,1386.0,6.317173998394075,61.39986129798375,748,4191,240
34267,34125,243400694,243400694,34,34,4014.584381923297,1741.0,110.0,123.00394469808347,24.36574547830912,750,4160,241
34342,34177,200022986,200022986,34,34,3030.1502279305428,215.0,352.0,13.28779611551036,14.768845608378065,752,4194,242
35014,35161,200039022,200039022,35,35,5465.559595658579,2488.0,1887.0,70.71793366016863,120.12531476120077,756,4386,243
35018,35142,200072452,200072452,35,35,10149.641339510124,1065.0,1201.0,42.43696095882294,42.502703308806744,757,4374,244
35029,35009,243500733,200070670,35,35,8093.771130070753,1527.0,1698.0,63.2601162755122,69.69608446444319,758,4286,245
35035,35169,200043990,243500618,35,35,2781.8324403561096,593.0,1465.0,40.414349578438504,36.55185129617919,759,4388,246
35044,35034,200070670,200070670,35,35,4085.302403423142,401.0,1228.0,31.107569518605864,56.069002631960835,760,4305,247
35056,35265,243500733,243500733,35,35,2535.874223498327,822.0,2553.0,127.54207284166596,162.09377065725934,763,4454,248
35057,35016,200043990,200043990,35,35,2131.494149302691,1517.0,2197.0,73.28166155137842,87.1955397323547,764,4291,249
35082,35089,243500634,200070662,35,35,1501.149682071577,1443.0,446.0,60.74375530071412,37.52615459775464,766,4337,250
35085,35233,243500733,243500733,35,35,3048.550361433526,6203.0,1593.0,97.00606087825393,76.4262870678212,768,4434,251
35092,35104,243500733,200070670,35,35,876.8675675687523,829.0,1417.0,34.757959814767425,57.937842243184484,770,4345,252
35094,35110,243500733,243500667,35,35,8312.43514405963,1676.0,1057.0,31.319042837325334,52.06623362316973,771,4351,253
35097,35006,200039022,200039022,35,35,2515.456256465325,2021.0,4549.0,60.30281591601381,110.37555874557897,772,4284,254
35119,35042,200039022,200039022,35,35,7604.144204876385,941.0,665.0,50.64066652164355,57.28254462032773,778,4311,255
35140,35030,200070662,200070662,35,35,721.4121797578634,570.0,693.0,37.041712164504084,65.27806212098228,780,4301,256
35145,35249,243500741,200070662,35,35,7439.638477485427,1361.0,1037.0,37.274778627602636,36.09818951604288,781,4442,257
35151,35155,243500741,200043990,35,35,1953.4114866072912,794.0,682.0,47.03933381690636,129.78842106908522,783,4383,258
35160,35223,200043990,243500618,35,35,978.7328804658479,240.0,4048.0,32.94489570136407,80.85503712919834,785,4425,259
35162,35215,200072452,200072452,35,35,1603.7457686355353,3331.0,1315.0,78.846083879735,65.14821499365092,786,4420,260
35165,35028,243500634,243500634,35,35,5488.319267550288,971.0,724.0,47.150013924981906,56.080302218599485,787,4300,261
35172,35226,243500733,243500733,35,35,8544.479142416592,1955.0,2018.0,59.98017931759762,81.36931517263771,789,4428,262
35175,35127,200043990,200043990,35,35,1463.0421599873978,1014.0,4081.0,60.51702011750538,76.81937799708436,791,4361,263
35200,35272,200039022,200039022,35,35,4659.223315427958,910.0,987.0,50.87974967432494,87.4866165026158,794,4456,264
35201,35026,200038990,200038990,35,35,2583.0306954984926,889.0,99.0,30.38480409105593,29.597238641372567,795,4298,265
35234,35171,200038990,200038990,35,35,2300.3670128822614,1245.0,1837.0,46.40474938879891,51.97380265350694,799,4390,266
35247,35259,200070670,200070670,35,35,1490.3128595234896,1013.0,1152.0,38.95540737900049,47.75347239409757,802,4450,267
35248,35291,200070670,200070670,35,35,887.3528899697283,458.0,434.0,43.85595524535841,56.18168372493655,803,4469,268
35261,35355,200072452,243500667,35,35,2946.2084106008815,234.0,1273.0,71.06041189483128,58.89079442390666,804,4507,269
35262,35136,243500634,243500634,35,35,2730.634730186913,360.0,8570.0,46.47153178126519,205.94345765610308,805,4369,270
35285,35237,243500741,243500741,35,35,5847.1604149289005,1087.0,1036.0,38.8722114498841,39.57263590717988,809,4436,271
35302,35027,200038990,200038990,35,35,4637.305073104768,1116.0,1756.0,44.83787803466775,87.40643946611969,812,4299,272
35304,35178,200072452,243500774,35,35,5807.839612898243,1320.0,1756.0,85.54975566000614,69.67014733217937,813,4393,273
35328,35013,243500741,243500741,35,35,3592.6556800873177,2163.0,3502.0,50.111346067053404,77.81154796976776,816,4289,274
35333,35108,243500634,243500634,35,35,10121.097390642497,1710.0,1036.0,69.98456311439516,44.285629545353906,818,4349,275
35335,35106,243500634,200070662,35,35,1387.7153772648735,856.0,1550.0,34.78597209708618,39.468804387396126,819,4347,276
37116,37106,243700499,243700499,37,37,3152.434081866196,563.0,318.0,17.211973063602013,20.374250173195207,836,4552,277
37212,37211,200072650,200072650,37,37,1168.8442769233397,789.0,2625.0,50.488533391399805,50.60135622114644,837,4594,278
38005,38206,243800745,200018166,38,38,5405.453748022221,940.0,990.0,16.620336152097753,38.52627194916123,838,4770,279
38034,26172,200085751,200040491,38,26,1119.001805220169,5004.0,670.0,271.7834651152848,98.27878962879281,841,2552,280
38037,38077,200085751,200085751,38,38,4530.9376266294175,1021.0,765.0,60.46642905840233,68.25486008600446,842,4682,281
38040,73242,243800745,200070464,38,73,11147.016597967131,151.0,270.0,2.9677629894423005,3.549263363790561,843,11269,282
38106,38364,200040657,200040715,38,38,2237.009452342181,347.0,426.0,35.63933152249788,34.59907352906728,846,4863,283
38108,38322,200070431,200070431,38,38,11084.739022505593,133.0,97.0,12.456631232535235,3.8036916895557265,847,4833,284
38112,73280,243800745,200070464,38,73,2249.582065439163,89.0,348.0,2.49079752273235,7.844738201261473,848,11295,285
38203,38445,200040657,200040715,38,38,4114.4677166073325,468.0,791.0,65.0302522065417,112.32172783534827,853,4918,286
38212,38334,243800745,200018166,38,38,4847.282537549555,1264.0,1308.0,20.377972181116306,44.979128570762775,854,4841,287
38240,38259,200085751,200085751,38,38,3685.471896187491,730.0,996.0,50.511491369104306,59.90916850514927,858,4800,288
38254,38277,200040657,200040715,38,38,2635.4123839687263,498.0,535.0,44.21978615308224,94.83036906089036,859,4811,289
38280,38388,200040657,200040715,38,38,799.4050387977221,522.0,2646.0,65.96554820018896,186.56904777114235,864,4881,290
38290,38198,200085751,200085751,38,38,2620.988154797844,861.0,1130.0,89.11688210359665,176.48841595034037,868,4766,291
38291,38161,200059392,200059392,38,38,4375.803507687437,1086.0,1122.0,75.7798413659992,104.2767945414375,869,4740,292
38307,38406,200085751,200085751,38,38,2496.5986086089697,527.0,160.0,28.028705323448584,17.30699033652598,871,4894,293
38311,38049,200085751,200059392,38,38,4046.6600635241016,724.0,320.0,37.717017590061985,23.546083673019904,872,4656,294
38324,38134,200085751,200085751,38,38,5744.978041972702,703.0,932.0,31.93466085322192,67.2160901447886,875,4718,295
38356,38453,200070431,200070431,38,38,6309.69238739314,331.0,1801.0,31.728451897420392,105.36379950125202,878,4924,296
38409,38394,200070431,200070431,38,38,5886.764750511755,1369.0,1865.0,117.93042545421746,114.03347962005292,884,4886,297
39293,39184,200026573,200090579,39,39,4393.812230273997,204.0,190.0,24.947261196200827,24.748750752723222,900,5071,298
39412,39099,200010650,200010650,39,39,3336.065909368327,303.0,445.0,55.19605685256048,57.774121961672066,901,5042,299
39453,39333,200026573,200090579,39,39,2464.218186838314,450.0,2138.0,58.42009985516246,76.59923404748447,902,5123,300
39460,39297,200026573,243900479,39,39,1606.634772409749,190.0,1130.0,15.189878605448198,19.56390732738074,903,5108,301
39463,39547,200026573,200090579,39,39,3482.820055977161,237.0,673.0,22.332013549006057,71.24660899475748,904,5195,302
39478,39275,200026573,243900354,39,39,3984.8731938958413,8727.0,654.0,124.24737719653263,29.419108848175824,905,5097,303
39571,39387,200010650,200010650,39,39,1701.7450654332997,239.0,292.0,23.926889014515226,41.400645994567824,907,5146,304
39579,01014,200026573,200042935,39,01,8292.720060123365,883.0,3409.0,34.355840156536,144.25947230977079,908,12,305
41157,41086,200018406,244100798,41,41,3124.75403635418,1513.0,648.0,28.566701428630328,12.82131011873147,917,5285,306
42006,42091,200065886,200065886,42,42,6243.499266889986,410.0,696.0,26.434818137414247,30.650843709670365,923,5392,307
42014,69164,200035202,200040566,42,69,3279.2791067401477,313.0,318.0,22.38206659081864,21.020966951220583,926,10637,308
42015,69066,200035202,200040566,42,69,2531.5550847968257,1448.0,4352.0,60.8447600118719,128.949631314553,927,10562,309
42016,42157,200035202,200035731,42,42,5897.837967280152,421.0,804.0,37.67227637149766,25.183828386713174,928,5434,310
42023,07265,244200622,200072015,42,07,1214.416836170973,2949.0,1381.0,145.75392049882382,81.16749194448003,930,773,311
42025,42074,200035202,200035731,42,42,3561.565198450491,196.0,1074.0,37.51069120483106,48.922514826624464,931,5383,312
42026,42127,200035202,200035731,42,42,6133.557712069406,1724.0,7382.0,77.40957114094057,221.85898974101212,932,5418,313
42028,07010,244200622,200072015,42,07,3430.8114729759304,397.0,16873.0,12.952443240231418,799.1255427793952,933,699,314
42029,42193,200065894,200065894,42,42,3530.303741028855,1521.0,1422.0,91.15960108983882,148.2901767245529,934,5458,315
42067,42085,244200622,244200770,42,42,960.8567095623534,295.0,852.0,16.52132842743986,30.532755472307922,939,5388,316
42086,42033,200035202,200035202,42,42,1591.1424532825538,504.0,619.0,45.40338135729361,104.82850017958384,940,5358,317
42088,42065,200065894,200065894,42,42,1269.219739877305,757.0,1432.0,92.74736248167105,107.97293627786568,941,5377,318
42101,42017,244200622,244200622,42,42,1784.6012994355383,139.0,502.0,16.191630695533657,49.336168328585295,942,5351,319
42134,42037,200065886,200065886,42,42,3183.4420894236428,1390.0,647.0,84.47363133712562,80.29871754852395,945,5360,320
42141,42007,200035202,200035202,42,42,1909.1422422853502,565.0,217.0,46.531577486017625,63.24498524058736,947,5346,321
42142,42235,200065886,200065886,42,42,7893.803011988106,324.0,329.0,19.703543855241552,17.672633098442027,948,5480,322
42143,42066,200065894,200065894,42,42,3229.083133512789,514.0,538.0,72.88646652507262,34.94893034676954,949,5378,323
42150,42151,200065886,200065886,42,42,2258.561579762999,1322.0,419.0,79.63234639906699,19.464724025539976,950,5433,324
42196,42073,200065894,200065894,42,42,1409.2304220953085,117.0,745.0,34.49121548833997,53.643710822462715,957,5382,325
42209,42334,200065894,200065894,42,42,5170.998514498381,388.0,1215.0,28.608082948553246,44.878673437343345,959,5534,326
42213,69102,200065894,200040566,42,69,3553.0762707877125,312.0,751.0,31.38227138614373,30.028997554164793,960,10593,327
42219,42174,200065886,200065894,42,42,3156.925124881172,1032.0,1218.0,62.23170187723827,59.216434979142356,962,5445,328
42236,42112,200035202,200035202,42,42,489.1769432914413,533.0,406.0,38.76048275217183,33.79228561982747,965,5408,329
42246,07243,244200622,200072015,42,07,963.6294024743746,1137.0,284.0,119.63934100262435,56.7789057121099,967,765,330
42287,42280,244200622,244200622,42,42,8414.945234633667,1085.0,412.0,35.4721444822348,20.146834314213223,971,5500,331
42310,42306,244200622,244200622,42,42,1489.581374859529,143.0,500.0,9.856473444493107,39.90440469190055,973,5516,332
42329,42224,244200622,244200622,42,42,4650.149715542681,377.0,2917.0,24.829792841381696,62.113134154541626,976,5473,333
42333,42079,200035202,200035202,42,42,1461.7903263273597,596.0,709.0,102.36636246622083,126.33287306731506,977,5385,334
42338,42170,200035202,200035731,42,42,3863.2222616734743,1506.0,2099.0,71.63915803978746,50.70463801197785,978,5443,335
43034,43249,200073427,200073427,43,43,2257.882770623322,370.0,528.0,26.10810032939683,23.612503446189777,979,5551,336
43246,43020,200073427,200073427,43,43,916.0711918380882,454.0,4546.0,16.8417086877891,96.87070292278577,983,5538,337
44044,44123,243500741,243500741,44,44,7979.681982704569,1077.0,1004.0,32.69127196291956,36.20810317276765,984,5640,338
44067,44062,243500741,244400453,44,44,3713.798440181049,5240.0,1861.0,49.516274718902366,34.51512183038521,985,5597,339
44081,44156,200071546,200071546,44,44,9699.602127397475,4701.0,3152.0,76.3072315679712,62.255544500224985,986,5664,340
44092,44007,243500741,243500741,44,44,4523.741603970452,677.0,2450.0,35.90779715216433,32.14949640781503,987,5556,341
44128,44057,243500741,243500741,44,44,8302.771835658592,5257.0,2283.0,50.04620840100124,51.39516719761761,989,5595,342
44206,44157,200071546,200071546,44,44,7016.986769379489,1913.0,1742.0,51.748989230640554,63.40352192256423,990,5665,343
44213,44104,244400552,244400552,44,44,11971.48456768415,7517.0,827.0,63.530292759226,59.12690015369752,991,5626,344
45026,89209,200067668,248900748,45,89,5335.6436011984815,972.0,511.0,63.02935573054112,29.014793491703237,997,13781,345
45069,45168,200071850,244500427,45,45,1086.4558239099724,957.0,547.0,55.798070659757066,14.053085040770023,1006,5790,346
45076,45249,200067668,244500203,45,45,849.8343460128482,226.0,913.0,36.31364744493202,44.10235165047712,1008,5833,347
45096,45218,244500211,244500211,45,45,2008.0449671866763,530.0,120.0,15.755672485804075,6.117020273279301,1013,5818,348
45103,45078,244500419,200067676,45,45,2779.90768247168,1561.0,251.0,47.850591818250564,38.25770059646222,1015,5747,349
45105,45102,200067676,244500203,45,45,1756.1943475202308,80.0,357.0,7.291253301682302,38.88262175377817,1016,5759,350
45108,45063,244500211,200070100,45,45,5209.67084391241,2274.0,909.0,28.02765643150281,13.54917979776744,1017,5741,351
45139,45014,200066280,200071850,45,45,3947.5603331832676,494.0,499.0,26.425167663157143,30.93665756734023,1026,5717,352
45151,45033,200071850,200071850,45,45,2285.114738690399,250.0,374.0,34.33360526907192,28.56760354743563,1028,5726,353
45157,45131,200066280,200071850,45,45,156.99431073196206,417.0,385.0,37.068057372324354,30.802797215811797,1030,5772,354
45165,45212,200067668,200067676,45,45,7484.461482440191,606.0,1252.0,30.049539077421393,59.48629657418278,1032,5816,355
45176,45205,200071850,200067676,45,45,4354.683635778405,421.0,257.0,27.685492504818477,25.80241926603701,1033,5812,356
45186,45178,200071850,200067676,45,45,5822.729211219294,589.0,1385.0,34.31917742643757,100.94331357473168,1035,5795,357
45189,45161,200067668,244500419,45,45,3858.399642945938,245.0,810.0,21.73432895897539,26.879061588717114,1036,5786,358
45195,45095,200066280,200066280,45,45,1060.4135140656108,560.0,2109.0,48.37575433276557,40.176749668352514,1037,5754,359
45215,45259,200071850,200067676,45,45,2431.5778502149537,237.0,1146.0,26.316204035796087,69.08215474460388,1043,5836,360
45223,45031,200067676,200067676,45,45,632.3644616322242,364.0,1435.0,28.14964404963373,291.24893023360636,1045,5724,361
45227,45122,244500211,200070100,45,45,8237.409171642485,1156.0,1431.0,37.51304720216787,29.57429341576139,1046,5765,362
45228,45305,200071850,244500427,45,45,4361.9666549369185,1182.0,221.0,43.565617223908426,14.88051164926759,1047,5861,363
45229,45180,200067676,244500211,45,45,521.4499160219732,2569.0,82.0,76.9354317217596,9.130639810857316,1048,5797,364
45250,45091,200067668,244500419,45,45,2143.0876800082788,245.0,316.0,22.895988155773985,26.304545054404247,1049,5750,365
45260,45191,200066280,200071850,45,45,5439.577834976811,246.0,8005.0,20.468039780176966,93.958995981014,1054,5803,366
45265,45032,244500419,244500419,45,45,2312.1235820993975,401.0,311.0,48.783069098698164,24.197545308924727,1055,5725,367
45277,45268,200070100,200070100,45,45,4924.316083630228,448.0,608.0,11.90506774593331,25.315057028549006,1058,5841,368
45279,45004,200067668,244500203,45,45,6087.745087491233,1877.0,13267.0,71.15929751884408,329.8165550945562,1060,5713,369
45280,45184,244500211,200070100,45,45,3830.4719028276863,1063.0,387.0,43.889564632097546,15.847635965186099,1061,5800,370
45288,45150,200071850,200067676,45,45,3246.1792118291332,391.0,180.0,42.1485364924906,17.97211924792305,1063,5779,371
45303,45114,244500419,244500419,45,45,7201.37121829036,619.0,221.0,19.523281275865596,16.599647066492807,1067,5763,372
45312,45216,244500203,244500203,45,45,3220.027771224266,474.0,128.0,48.302118402707436,11.634659937241274,1069,5817,373
45347,45111,200066280,200066280,45,45,8656.39848167476,808.0,453.0,50.13701369486004,21.683984977298696,1072,5762,374
45348,45225,200066280,200071850,45,45,1919.9674838561555,680.0,348.0,25.50511081364473,37.74013207099921,1073,5822,375
47094,47150,200030674,200030674,47,47,2095.7787870445927,815.0,373.0,117.69703388546033,77.67050204452009,1076,5923,376
47110,47028,200030674,200030674,47,47,8061.863138888216,1625.0,851.0,55.04583618901106,59.32727900561734,1078,5895,377
47159,47061,200030674,200030674,47,47,5791.92764928128,1485.0,809.0,70.12257716785669,69.33935432615307,1081,5904,378
47279,47060,200096956,200096956,47,47,731.2815952768608,360.0,1132.0,61.30857877027332,65.79532358351489,1082,5903,379
47298,47304,200030674,200030674,47,47,3873.325640991798,204.0,62.0,18.072560292645854,8.663667166695133,1083,5953,380
49003,49050,200071876,200071553,49,49,5332.7441599837275,1743.0,10895.0,44.04632452972501,89.23407031982113,1087,5969,381
49012,49345,200071553,200071553,49,49,2521.225510557017,357.0,5826.0,66.91358853639623,61.04859943600853,1089,6030,382
49030,49224,200071876,200071876,49,49,4406.501815016289,944.0,993.0,43.7504959776259,71.3924862635347,1090,5995,383
49058,49381,200071678,200071678,49,49,6261.904616748107,888.0,1822.0,64.12888122108414,44.17215797949606,1093,6044,384
49092,49022,200060010,200071553,49,49,748.509087752126,21386.0,1353.0,66.66135594962698,105.3226118875688,1094,5960,385
49100,49112,200071876,200071876,49,49,1563.5151484298187,470.0,951.0,24.332073514616454,69.89700094024036,1095,5975,386
49109,49070,200071678,200071678,49,49,6550.225962163468,1547.0,690.0,48.45448656631694,25.079567598338627,1097,5973,387
49121,49370,200071876,200071876,49,49,1643.2861303625255,453.0,466.0,18.965619547451023,27.282579928461875,1098,6040,388
49125,49359,200071876,200071876,49,49,3907.792429868499,11228.0,561.0,75.20081217925294,68.70383051634909,1099,6035,389
49180,49378,200071876,200071876,49,49,4349.496986747083,6671.0,2551.0,69.10057994987649,108.6816504198296,1101,6043,390
49215,49131,200071876,200071876,49,49,5394.473700054426,3710.0,714.0,75.2330223537401,26.18895083221207,1104,5982,391
49221,49368,200071876,200071876,49,49,7872.462285252407,799.0,1986.0,19.453299812528428,47.70312199898951,1105,6038,392
49292,49082,200071553,200071553,49,49,6590.451385009015,3464.0,934.0,115.31392495345446,62.28083108002483,1109,5974,393
49310,49336,200071678,200071678,49,49,3187.461262592583,599.0,866.0,22.3083091613885,27.245484980664255,1111,6025,394
49373,49240,200071678,200071678,49,49,2230.5750328298723,7724.0,1013.0,44.90560846949881,45.536668366941655,1114,5998,395
50039,50363,200066389,200066389,50,50,4956.79496258752,133.0,1437.0,28.097735112944296,43.48697461538839,1117,6151,396
50049,50486,200067205,200067205,50,50,2657.1478894367997,657.0,625.0,35.58764447571926,28.832500651057366,1118,6185,397
50055,50138,200067205,200067205,50,50,2010.5162944086562,115.0,563.0,38.05159648252279,49.56067440035419,1120,6088,398
50183,50522,200067205,200067205,50,50,3235.0933586921956,349.0,247.0,46.26862303906227,32.509122912209925,1129,6197,399
50207,50285,200067205,200067205,50,50,2651.179841941403,168.0,312.0,25.542247187376294,32.028063994042064,1133,6128,400
50216,50161,200066389,200066389,50,50,5593.3410690134,798.0,603.0,43.25409526891344,40.81887313992762,1135,6096,401
50221,50437,200067023,200067023,50,50,400.2439359484085,66.0,784.0,24.94366710136663,63.58603090749327,1136,6169,402
50227,50241,200067205,200067205,50,50,1846.8703921060087,313.0,184.0,81.18081797534832,42.620773187910174,1137,6117,403
50228,50378,200067023,200067023,50,50,2244.353849607091,1077.0,626.0,35.96397766165164,24.59151145758706,1138,6155,404
50261,50492,200066389,200066389,50,50,7677.8682071993035,167.0,2532.0,23.464926101862297,74.89520563507644,1141,6189,405
50266,50109,200067023,200042604,50,50,2964.352650986908,446.0,1761.0,36.934446543030234,67.04757763353459,1142,6082,406
50268,50022,200067205,200067205,50,50,3496.1384282848494,246.0,117.0,31.773497502379293,46.409497332048026,1143,6051,407
50299,50471,200067205,200067205,50,50,1269.3164436616862,220.0,263.0,62.65218376838322,68.75732335485364,1144,6178,408
50326,50038,200067023,200042604,50,50,2195.627117179149,235.0,434.0,21.545508385367363,104.27106947983066,1147,6057,409
50341,50478,200067205,200067205,50,50,2967.8217149203206,2001.0,419.0,339.83594468893176,30.15963895545476,1149,6182,410
50370,50082,200067205,200067205,50,50,2770.775535455801,609.0,5867.0,37.561233683207185,75.37888339927224,1151,6068,411
50398,50054,200066389,200066389,50,50,3137.752765874426,198.0,193.0,41.8368573694173,34.64897424099631,1155,6061,412
50461,50251,200067205,200067205,50,50,4298.522722815062,208.0,360.0,36.598580910564856,62.477381713796284,1160,6120,413
50463,50513,200067023,200067023,50,50,1469.0813477383558,525.0,196.0,31.00730247757916,28.936436145668427,1161,6195,414
50511,50384,200067205,200067205,50,50,3387.763402578715,145.0,229.0,39.73651587646002,33.04091579396219,1165,6157,415
50578,50186,200067205,200067205,50,50,2264.5939382222573,76.0,226.0,30.80331146438199,46.355844015473224,1168,6103,416
50626,50278,200067023,200042604,50,50,327.41004838523173,381.0,269.0,27.503418721567133,81.68447697184742,1173,6124,417
54058,54198,200070845,200070845,54,54,79.73422361785319,84.0,302.0,8.929862553831112,20.544634498744987,1221,6570,418
54449,54383,200070324,200067643,54,54,3195.8982036052507,1051.0,1136.0,186.85056458051008,117.70920126684977,1245,6683,419
54516,54164,200035772,200035772,54,54,1017.4901414907671,18.0,83.0,10.802458554480522,15.142087667298926,1248,6548,420
54588,54076,200070324,200067643,54,54,3382.6496064846515,390.0,3927.0,32.881836427849926,330.294733704095,1254,6496,421
56029,56040,200042174,200042174,56,56,5491.7515565612475,1257.0,3348.0,102.78029850791778,103.04399874567756,1283,6831,422
56042,56067,200067932,200067932,56,56,7305.752283699421,2237.0,5782.0,83.98300196620322,85.9860035866332,1284,6841,423
56047,56092,245614433,245614433,56,56,3542.311271882175,1498.0,831.0,44.467253662488766,42.73054036211245,1285,6852,424
56060,56154,243500741,243500741,56,56,5049.650523849939,948.0,1857.0,47.378125482175015,75.79611571920405,1286,6882,425
56072,56151,245614433,245614433,56,56,11793.870585319391,513.0,3607.0,24.705169101398674,67.47954309043608,1287,6879,426
56076,56246,245614433,245614433,56,56,1663.6196334304177,1347.0,2135.0,28.629921909429875,132.6427536502572,1288,6923,427
56104,56090,200042174,200042174,56,56,13949.810487956638,807.0,6571.0,44.30214285841119,146.35767286787654,1290,6851,428
56157,56053,200067932,200067932,56,56,4616.414634597873,1962.0,6436.0,47.73209896809569,100.16428560497151,1291,6835,429
56188,56101,200042174,200042174,56,56,6373.364406191856,1421.0,8047.0,33.10783106658622,76.31344119361255,1294,6857,430
57027,57328,245700133,245700133,57,57,2487.4263650033954,121.0,90.0,25.268161226159812,31.024042721872743,1299,7168,431
57088,57275,200067502,200067502,57,57,4249.985659632932,306.0,917.0,15.835681325341357,90.81925962458344,1302,7126,432
57115,57670,200067502,245700133,57,57,1641.8772452295793,97.0,132.0,16.502181073173272,24.012046264067646,1303,7418,433
57173,57086,200068146,200068146,57,57,3036.9099896978805,101.0,233.0,19.904151485300442,8.748142403090956,1304,6993,434
57178,57398,200067502,200067502,57,57,2671.367301421218,356.0,508.0,61.584927681051646,70.40008481924295,1306,7218,435
57198,57239,200067502,200067502,57,57,2150.940438501595,190.0,435.0,37.75344699397061,73.85721898374163,1307,7104,436
57262,57237,200067502,200067502,57,57,742.726641400859,635.0,304.0,29.067965897396835,54.81546908893054,1309,7103,437
57311,57014,200067502,200067502,57,57,1041.6304604517468,510.0,369.0,48.960187827615215,75.6561523048858,1311,6942,438
57379,57189,200067502,200067502,57,57,2990.967581641755,271.0,224.0,35.05852902739876,33.03813949037332,1312,7062,439
57497,57357,200070746,200070746,57,57,945.8067399108273,261.0,418.0,35.2297511217729,48.88318725046862,1314,7190,440
57536,57325,200067502,200070746,57,57,1775.8644437341377,218.0,832.0,44.75388025009717,80.30588074559918,1315,7166,441
57717,57105,200067502,200067502,57,57,2707.229025761373,177.0,151.0,24.373419348931023,43.302681333798695,1320,7007,442
59198,59661,200043404,200043404,59,59,2335.0999203883757,234.0,131.0,13.958342928768907,31.719238492888508,1341,8060,443
59261,59229,200043404,200043404,59,59,4524.3935799585215,1739.0,527.0,146.98946707454016,39.14797145934242,1342,7681,444
59445,59012,200043404,200043404,59,59,3759.211147996078,1188.0,3204.0,100.02456608516,143.4411009226235,1344,7495,445
59496,59137,200030633,200030633,59,59,4430.31591080601,232.0,788.0,36.4286491370507,58.58124365578797,1345,7604,446
59601,59249,200043404,200043404,59,59,1293.543866585638,2679.0,11456.0,68.24429712524804,497.2978169171298,1346,7695,447
60011,60350,246000855,246000855,60,60,3179.0245658143135,416.0,1403.0,32.8441342802503,83.57234642901706,1348,8312,448
60035,60124,246000855,246000855,60,60,4499.09843531305,241.0,317.0,34.06788451952563,34.971873920316895,1349,8156,449
60053,60121,246000855,246000756,60,60,191.6375805936239,578.0,159.0,45.492978111425565,34.855118976136396,1350,8155,450
60093,60483,246000855,246000855,60,60,1567.757588974325,461.0,521.0,48.656607885923755,60.93141187775345,1351,8409,451
60160,60071,246000855,246000855,60,60,1390.448934271641,742.0,173.0,76.0646385670796,43.597759630921786,1352,8123,452
60164,60220,246000913,246000913,60,60,1713.3158972087779,844.0,503.0,62.101390005798734,83.02199440330548,1353,8224,453
60174,60258,246000855,246000855,60,60,3257.0578911200055,216.0,159.0,44.40409995012101,52.8059217178211,1354,8251,454
60187,60073,246000913,246000913,60,60,3413.55705696839,969.0,560.0,98.36782603923513,48.57024462863851,1355,8125,455
60200,60201,246000566,246000566,60,60,1563.1372353719366,318.0,237.0,115.66568222293871,85.68064189016337,1356,8211,456
60262,60643,246000566,246000566,60,60,976.0889450338091,237.0,1365.0,26.93834551003349,113.48358671143004,1357,8522,457
60278,60502,246000756,246000756,60,60,2331.17704905544,406.0,101.0,98.16539943600685,35.810216292089,1358,8423,458
60294,60434,246000855,246000855,60,60,941.0038229976078,85.0,220.0,28.262032926672873,33.28013435905156,1359,8377,459
60362,60255,246000756,246000756,60,60,5053.288644280386,176.0,329.0,15.389474052368707,54.86517387069827,1360,8249,460
60516,60343,246000913,246000913,60,60,2990.6539733963114,402.0,602.0,49.88356878480845,99.50823670676066,1363,8307,461
60556,60232,246000566,246000566,60,60,2220.913579940515,206.0,457.0,21.710405126479678,94.36827877052363,1364,8235,462
60592,60626,246000913,246000913,60,60,543.09834370695,688.0,653.0,63.09353136065698,69.91390051322463,1366,8509,463
60693,02362,246000756,200071785,60,02,2870.280638432733,398.0,239.0,57.151122092446016,33.05751200299253,1369,444,464
61044,61407,200035814,200035814,61,61,6279.748903573408,437.0,687.0,48.82605993349301,47.034240404865315,1370,8605,465
61069,61219,200035814,200035814,61,61,550.4907057389468,163.0,161.0,27.5437632389061,29.704122448016708,1371,8591,466
61070,61030,200035814,200035814,61,61,4393.090994281017,835.0,272.0,55.01227045909843,101.08503861214022,1372,8571,467
61269,61007,200035814,200035814,61,61,1206.2532929764297,483.0,4216.0,44.58349431819837,54.18829709999225,1373,8568,468
61287,61011,200035814,200035814,61,61,1356.7061458396727,723.0,402.0,64.54541384040085,102.02688538652939,1374,8569,469
62002,62597,200035442,200035442,62,62,454.8887669589275,233.0,289.0,54.20983287558481,44.53498081333594,1376,8969,470
62022,62104,200018083,200018083,62,62,4020.2502560814332,301.0,440.0,29.98809144803934,80.27071105040265,1379,8679,471
62044,62176,200069029,200069029,62,62,1183.4752125089474,853.0,639.0,128.78942763901136,87.48961049703642,1381,8722,472
62068,62146,200035442,200033579,62,62,1435.457076261716,326.0,263.0,62.977816800547124,74.6240654624866,1383,8704,473
62070,62221,200069482,200069482,62,62,3833.379248997983,265.0,240.0,38.931801121442206,28.903157913446016,1384,8748,474
62082,62117,200035442,200035442,62,62,1558.5246780060072,321.0,915.0,41.916740954934056,121.4056751812908,1387,8688,475
62116,62241,200069029,200069029,62,62,3359.793681339478,171.0,310.0,29.115811461236493,31.485108334595285,1391,8761,476
62122,62493,200035442,200035442,62,62,3345.0242453204037,359.0,233.0,62.17005759180982,48.49010309496885,1393,8912,477
62179,62308,200018083,246201016,62,62,858.123673922404,401.0,489.0,64.4314758826772,82.60739396197123,1398,8798,478
62181,62579,200035442,200069482,62,62,2232.840319586791,1480.0,546.0,71.05159230222218,49.02678593136166,1399,8961,479
62196,62752,200069029,200069029,62,62,3693.0955359950312,593.0,1080.0,62.34951001083221,51.36393887445216,1400,9067,480
62206,62015,200069029,200069029,62,62,1335.6197507880875,281.0,252.0,52.179512027713486,49.21094282214383,1401,8623,481
62231,62233,200069029,200069029,62,62,4860.839646017228,130.0,1100.0,27.829016324508032,66.62518898058252,1404,8756,482
62243,62798,200069482,200069482,62,62,1850.6617822276082,120.0,217.0,29.44087271236755,32.68580142496332,1406,9095,483
62248,62406,200035442,200035442,62,62,2276.806354195495,476.0,265.0,59.778360128557146,39.8523356425931,1407,8858,484
62255,62075,200018083,246200729,62,62,2091.379350849637,804.0,1314.0,67.75609614416993,48.73974474165584,1410,8661,485
62272,62009,200035442,200069482,62,62,3956.145273091732,305.0,284.0,54.93069953641515,45.16274701275196,1412,8617,486
62273,62483,200018083,200018083,62,62,202.19574672267427,618.0,248.0,44.5256823322329,29.855851233611315,1413,8904,487
62306,62172,200035442,200033579,62,62,273.5010423490979,390.0,364.0,54.703332876364065,88.02362670768308,1415,8719,488
62316,62111,200069482,200069482,62,62,4403.083956216824,212.0,276.0,40.78878552117115,36.04170434048882,1418,8684,489
62341,62409,200035442,200069482,62,62,3431.6357331661343,399.0,194.0,42.876159607721235,60.85124897753295,1421,8861,490
62368,62434,200069482,200069482,62,62,1608.8597809380376,212.0,138.0,33.948960243046926,25.47382846292281,1423,8876,491
62410,62840,200035442,200035442,62,62,385.70253904959094,188.0,132.0,36.88568962344269,41.514898330804726,1429,9115,492
62429,62230,200018083,200018083,62,62,2664.349239845974,278.0,928.0,49.97921251740136,92.38025569829924,1431,8754,493
62472,62527,200069029,200069029,62,62,1325.569269492149,158.0,254.0,41.103508126615445,23.04960917806607,1434,8932,494
62475,62091,200069482,200069482,62,62,3107.5656502100355,239.0,94.0,32.17105053428515,20.478389611789403,1435,8673,495
62484,62673,200044048,200044048,62,62,4499.616944883286,308.0,637.0,36.29600408578067,70.2969308522802,1436,9020,496
62495,62837,246201016,246201016,62,62,3172.2322864463904,323.0,497.0,36.919107171767536,64.65800638564428,1437,9114,497
62499,62602,200069029,200069029,62,62,5398.210218518975,289.0,201.0,26.734133216204285,45.009395114641364,1438,8972,498
62524,62773,200018083,200018083,62,62,2341.829255590737,1506.0,4649.0,146.02534060596255,274.76164437486074,1440,9082,499
62526,62076,200018083,200072478,62,62,1409.4225333932677,147.0,215.0,41.40189152833541,31.426184033079867,1441,8662,500
62530,62788,200018083,246201016,62,62,1436.3371720193331,537.0,693.0,51.10568794838664,45.19153718378545,1442,9090,501
62537,62542,200069482,200069482,62,62,1174.8790908790024,102.0,203.0,22.490272108352432,29.19764082208681,1444,8940,502
62591,62096,200035442,200035442,62,62,5537.045826630506,209.0,548.0,31.193193900929927,54.89906943090987,1450,8676,503
62594,62285,200035442,200035442,62,62,1059.9700732715637,305.0,487.0,41.36583786706095,57.08671088011335,1452,8787,504
62678,62024,200018083,246201016,62,62,502.20007489097924,712.0,991.0,50.70237501837894,93.5467041468885,1458,8628,505
62741,62465,200069482,200069482,62,62,2196.965217623578,116.0,219.0,21.141411125340102,61.02006959088575,1465,8894,506
62784,62084,200069482,200069482,62,62,1382.863286428525,767.0,203.0,59.33829661629876,32.96319418979332,1470,8667,507
62789,62140,200018083,246201016,62,62,936.1524519282184,262.0,487.0,126.87674921585807,55.993904667410575,1472,8700,508
62799,62742,200069029,200069029,62,62,945.1542322428896,930.0,277.0,136.03800436353532,62.12794711548197,1473,9060,509
62800,62130,200035442,200069482,62,62,2157.5990659035583,377.0,659.0,51.75496921287935,88.97866741695748,1474,8695,510
62804,62385,200069482,200069482,62,62,2717.3586619678376,361.0,380.0,48.7039045752545,35.09088277487661,1476,8845,511
62839,62619,200035442,200035442,62,62,1958.096542113205,1072.0,137.0,76.1837324231358,27.924992729900975,1479,8985,512
62870,62016,200069029,200069029,62,62,1164.2457584946392,1049.0,188.0,73.13536880652455,31.762052319187724,1482,8624,513
62896,62679,200018083,200018083,62,62,3848.486399895279,747.0,329.0,59.330946055416625,55.73354696694184,1486,9024,514
63001,63013,200071199,200071199,63,63,2537.106509152537,2736.0,987.0,259.7522005206878,66.89996412703674,1487,9164,515
63061,63332,200071199,200071199,63,63,2222.911175751361,492.0,527.0,42.110161660098086,35.200509089042036,1490,9254,516
63090,63012,200071199,200071199,63,63,2495.028654077136,500.0,935.0,60.6400311407114,53.02374747319104,1492,9163,517
63135,63327,200072098,200070753,63,63,1777.4613341262325,626.0,2072.0,267.8007138258822,295.81647072703186,1494,9253,518
63143,03044,200071199,200071363,63,03,2296.531384149589,1130.0,1547.0,56.20705926803257,57.40159455247852,1495,576,519
63196,63201,200071199,200071199,63,63,4490.200909581927,738.0,1154.0,47.094946322493904,48.80336887148111,1498,9216,520
63205,63177,200069177,200067627,63,63,5643.669528111684,470.0,417.0,22.122560344772054,23.6686973736474,1499,9209,521
63265,63058,246301097,246301097,63,63,3386.191847700342,2234.0,569.0,84.39818105157443,45.54475130786013,1502,9178,522
63276,63045,246301097,246301097,63,63,1316.3817508224433,2099.0,712.0,100.80184754999779,45.56703482906692,1503,9176,523
63288,63103,200072098,200070753,63,63,2777.034341835761,464.0,6294.0,109.8839593896324,447.31050356300705,1504,9190,524
63407,63026,200069169,200069177,63,63,5420.694933316496,288.0,2524.0,10.282638992442457,49.96249217572205,1510,9168,525
63461,63128,246301097,246301097,63,63,6718.44442103124,365.0,960.0,27.22918548032326,48.50731759708456,1513,9199,526
64167,64385,200067239,200067239,64,64,3914.927816841969,217.0,279.0,32.681741418758634,30.485029150371336,1516,9418,527
64190,64232,200067239,200067239,64,64,1350.1578816723427,240.0,219.0,24.192968762539195,25.212016926673954,1517,9365,528
64456,64332,200067239,200067239,64,64,258.68156110579264,50.0,168.0,14.560961039013623,25.25854108129061,1518,9399,529
64462,64087,200039204,200039204,64,64,5301.059401766636,487.0,870.0,63.67185426810755,64.56137770886876,1520,9313,530
65079,65113,200070803,200070803,65,65,5463.959024274946,193.0,285.0,18.692217273818173,22.3276047098224,1521,9505,531
65222,65063,246500482,200070803,65,65,2629.942721224306,146.0,173.0,49.646057099606224,40.92197756667124,1523,9493,532
65281,65268,200069300,200069300,65,65,780.9994268596605,258.0,237.0,69.1078592899725,69.92309940633682,1524,9532,533
65290,65333,200070803,200070803,65,65,2118.1250409379095,178.0,112.0,35.95058273077051,29.715596210737285,1525,9545,534
65367,65353,200070803,200070803,65,65,3199.154580218701,160.0,244.0,28.406341484481054,26.736737909551042,1526,9552,535
65464,65019,200069300,200069300,65,65,997.9976753328712,494.0,580.0,84.73077953468767,113.19370997152116,1528,9487,536
66022,66029,246600415,246600449,66,66,1507.0448357726223,61.0,133.0,2.6011783227491305,4.774581782744616,1529,9582,537
66055,66033,246600415,246600449,66,66,2493.442234888252,778.0,457.0,106.98537877649022,35.108203098690936,1532,9585,538
66056,66108,246600415,246600415,66,66,3556.5829072894535,1098.0,4294.0,259.4702544014621,221.37903959354227,1533,9604,539
66088,66121,246600415,246600415,66,66,6064.783555287276,5538.0,1343.0,174.4276278233353,151.97025894855204,1535,9608,540
66153,66032,246600415,246600449,66,66,6455.530576996099,47.0,60.0,2.1603090427945646,4.485655587514927,1537,9584,541
67009,67199,200067841,200067841,67,67,2045.052955789632,375.0,81.0,22.81805986022028,27.01548079926993,1540,9832,542
67047,57628,200067841,200070746,67,57,558.281150078813,156.0,4392.0,46.67604422345783,160.86158646381622,1541,7381,543
67070,67029,200067841,200067841,67,67,3100.9213905730776,277.0,349.0,43.54825548816411,45.38537851255423,1542,9677,544
67183,67091,200067841,200067841,67,67,3649.797181335693,888.0,344.0,61.033444550883225,33.01808929848249,1543,9734,545
67401,67099,200067841,200067841,67,67,2076.7362932760766,302.0,278.0,49.54448848227264,44.57560198286967,1544,9742,546
67434,67508,200067841,200067841,67,67,2903.12960052114,2772.0,419.0,179.49982897687892,31.17310175541685,1545,10103,547
67435,67552,200067841,200067841,67,67,2687.3459824416977,827.0,344.0,49.25280173490204,32.23292554298662,1546,10143,548
67456,67234,200067841,200067841,67,67,2333.37565319197,425.0,1493.0,97.31421689293254,79.25851049185303,1547,9862,549
67488,67278,200067841,200067841,67,67,2526.4959903340146,187.0,539.0,35.099564591539036,58.99619037062076,1548,9903,550
68370,68171,246800205,246800205,68,68,7453.719176104691,161.0,910.0,16.362731108960336,41.32131309108842,1549,10311,551
69006,69174,200040566,200040566,69,69,5626.49566904136,4840.0,617.0,125.03832439734056,49.36762302141195,1550,10646,552
69037,69113,200040566,200040574,69,69,1195.8064722285167,831.0,903.0,59.65950867082292,61.52586464607057,1551,10603,553
69060,69124,200040566,200067817,69,69,4618.691927059434,564.0,455.0,20.07899255774757,25.639429474435797,1552,10612,554
69070,69240,200040566,200040566,69,69,2446.3295305559923,1327.0,620.0,84.83211391989991,45.002697962944985,1553,10689,555
69107,69257,200040566,200040590,69,69,2296.051470616442,1055.0,1131.0,68.0899259096705,64.01692872170695,1555,10702,556
69160,69054,200040566,200040566,69,69,5845.991653234212,1036.0,361.0,33.167858434645616,32.7692366825929,1557,10551,557
69169,69254,200040566,200040566,69,69,3492.073539943797,641.0,983.0,27.944949448858555,53.5962414076777,1558,10701,558
69181,69075,200040566,200040566,69,69,2223.15415420208,235.0,194.0,41.11088499250461,21.705170506405317,1559,10569,559
69192,69167,200040590,200040590,69,69,2136.4062822145493,153.0,588.0,24.573570836771374,36.48276001441493,1561,10640,560
69214,69248,200040566,200040566,69,69,5463.337980446648,1187.0,5869.0,76.03457809228384,131.9856983570452,1562,10696,561
69217,69039,200040566,200040574,69,69,4684.310612697082,743.0,700.0,42.304534935995214,47.51607596359392,1563,10538,562
70120,70149,247000821,247000722,70,70,1371.6156391136515,3700.0,697.0,99.67048413559458,76.51960072639825,1572,10760,563
70157,70064,247000821,247000722,70,70,2654.4513471568316,349.0,140.0,33.405339149077896,22.483184509694393,1575,10743,564
70229,70477,247000664,247000722,70,70,1891.0410341003753,258.0,773.0,32.37250084243308,29.003660032638575,1579,10806,565
70306,70182,247000664,247000722,70,70,2488.5222939264077,474.0,127.0,41.67157416930435,19.809799523597157,1584,10769,566
70413,70215,247000821,247000821,70,70,3495.6373502784477,1863.0,246.0,63.99788191549741,74.21918614975571,1598,10777,567
70414,90006,247000821,200069060,70,90,2587.236400964098,956.0,283.0,37.34306510587293,43.681094417398725,1599,13853,568
71085,71174,200006682,200006682,71,71,1788.6773647902503,221.0,167.0,33.654465981064426,32.558494586096664,1607,10882,569
71256,71002,200071538,200071538,71,71,6981.145335105136,554.0,1236.0,67.59011369168881,63.160072202225116,1608,10824,570
71343,71480,200006682,247100589,71,71,2478.201255535576,297.0,600.0,108.02521689875444,41.21783717255438,1609,10995,571
71365,71234,200071538,200071538,71,71,2905.1168956224933,612.0,352.0,104.98473453488145,28.694621862761384,1610,10903,572
72021,72123,247200090,247200090,72,72,740.9382613110698,570.0,65.0,23.33898386128938,8.07144473731582,1613,11061,573
72046,72007,200072684,200072684,72,72,2446.7633792356246,1560.0,501.0,84.94537768812943,43.118704742305916,1617,11036,574
72061,72110,247200348,247200348,72,72,2484.6689958434604,1714.0,1012.0,51.306456693726204,49.310708706889734,1618,11059,575
72067,72165,247200686,200072684,72,72,4889.478061115742,995.0,1900.0,51.435849677992906,78.52426980787281,1619,11073,576
72090,72241,200072684,200072684,72,72,2891.578800833568,2895.0,2917.0,174.5023664894185,155.2390162920925,1620,11085,577
72124,72350,247200447,247200447,72,72,2669.2183275113402,4808.0,3053.0,167.92745163986046,133.01806105522306,1624,11111,578
72167,72022,247200090,247200090,72,72,4191.877966788617,714.0,1214.0,67.40751477051663,43.79999438073874,1626,11040,579
72228,72009,247200090,247200348,72,72,798.271091164102,2046.0,355.0,50.301044043320495,40.748158423159985,1631,11038,580
72277,72040,247200686,247200686,72,72,3771.7344677176516,113.0,146.0,15.905397563854555,13.414755739187251,1639,11043,581
72299,72047,247200421,247200421,72,72,6195.093554014618,2455.0,2123.0,63.987450234740486,145.2762206311534,1640,11045,582
72331,72038,247200686,247200686,72,72,1612.395407653911,582.0,541.0,49.121940146743405,45.36948074318409,1643,11042,583
72341,72300,200072684,200072684,72,72,4585.657707023565,612.0,2699.0,55.86661271104197,78.11711384282782,1645,11097,584
72345,72053,200072684,247200421,72,72,319.82756787459266,339.0,1183.0,69.0284199339736,45.595070119613595,1647,11046,585
72359,72335,200072684,200072684,72,72,5105.761155354002,1436.0,1073.0,84.46567889734072,101.02118119156886,1649,11103,586
73007,73048,247300676,200068997,73,73,2906.9912110870027,1747.0,351.0,107.29309249882853,20.695147342420785,1653,11143,587
73049,73053,247300676,200041010,73,73,1108.6557500526756,143.0,679.0,16.112459324003687,104.72938923415983,1655,11147,588
73109,73074,247300676,247300361,73,73,3955.222427436236,767.0,329.0,39.51650942401778,27.18444301555352,1656,11163,589
73168,73069,247300676,200041010,73,73,1484.510587979929,116.0,959.0,12.12898061663705,89.61822994079982,1657,11158,590
73175,73216,247300676,200068997,73,73,1799.1590018020147,81.0,495.0,3.0703547780547593,55.77919690673731,1658,11253,591
73220,73052,247300676,200041010,73,73,2006.284830932189,369.0,145.0,18.952155097991703,21.46911442822012,1659,11146,592
73237,73166,247300676,200041010,73,73,376.2068184206847,389.0,51.0,32.971722831625215,6.229874259010024,1660,11223,593
73252,73278,247300676,247300361,73,73,3580.2828603057305,251.0,1237.0,22.72563866763545,28.00829634441776,1661,11294,594
73272,73207,247300676,200041010,73,73,758.8840087162434,177.0,433.0,24.020744158771205,37.42245778686811,1662,11248,595
76032,76613,200069839,200069839,76,76,2266.7518881828996,138.0,642.0,45.46314374505455,77.59377561945668,1663,12022,596
76084,76686,200069839,200069821,76,76,1277.8512230644053,120.0,530.0,36.9107005415701,72.68375710270273,1665,12073,597
76091,76470,200069839,200069839,76,76,2663.809331631213,233.0,654.0,36.01437155355185,70.34706746064984,1666,11916,598
76128,76483,200069839,200069839,76,76,73.61193627280483,586.0,229.0,66.79273070792865,50.80320081547184,1667,11927,599
76156,76746,200069839,200069839,76,76,214.69071436151893,345.0,230.0,76.43468514738514,53.824640506528326,1668,12117,600
76180,76009,200069839,200069839,76,76,2929.0656791172073,187.0,351.0,45.39785911527583,99.03803849982417,1671,11613,601
76189,76467,200069839,200069839,76,76,3001.6080644065783,177.0,1339.0,54.94293936612427,145.07076569628745,1672,11914,602
76195,76663,200069839,200069821,76,76,2062.370023123475,189.0,1011.0,45.38566436867334,114.5161719160963,1673,12057,603
76221,76346,200069839,200069839,76,76,733.4538129796242,192.0,313.0,29.710437508286724,42.539890470094946,1674,11832,604
76299,76719,200069821,200069821,76,76,804.4229770540186,383.0,867.0,77.73616007563352,156.23916499832464,1675,12100,605
76339,76679,200069839,200069839,76,76,2200.498872843194,261.0,115.0,60.70235212969963,37.822024869602494,1677,12066,606
76371,76054,247600729,247600729,76,76,2479.7883634730288,72.0,518.0,17.904300942123825,25.35768172745924,1678,11641,607
76493,76651,200069839,200069839,76,76,3889.6618367387014,395.0,138.0,35.71993828186711,42.32248995484759,1683,12048,608
76529,76680,200069821,200069821,76,76,2709.0770537074823,307.0,180.0,40.798871880493884,39.94962419760789,1684,12067,609
76646,76375,200069839,200069839,76,76,2493.9204388634416,620.0,276.0,99.91553381235865,35.10154906014247,1685,11854,610
76653,76219,200069839,200069847,76,76,1309.8173641211083,375.0,2460.0,30.42483191618274,168.8956800381086,1686,11749,611
76730,76161,200069839,200069847,76,76,1129.0097711191506,128.0,97.0,40.27030056015011,18.329456269950878,1688,11711,612
77020,77151,200037133,200090504,77,77,2417.334033643165,648.0,281.0,33.28904400579483,35.62868869225187,1692,12254,613
77033,77036,200037133,200037133,77,77,3098.097343637925,228.0,134.0,85.98908245461526,30.767677197194967,1693,12155,614
77076,77347,200040251,200040251,77,77,1458.819023384026,753.0,855.0,74.8637044597884,69.80090777213253,1695,12416,615
77090,77272,200037133,200037133,77,77,4917.14009445864,240.0,858.0,37.589425050814484,61.781642853757134,1696,12357,616
77174,77236,200040251,200040251,77,77,1775.7480663765261,570.0,345.0,64.97899579774152,21.75942258760076,1697,12328,617
77208,77218,200040251,200040251,77,77,862.9920536067909,1335.0,107.0,94.65914703194012,16.291397411655485,1699,12312,618
77242,77355,200040251,200040251,77,77,1614.8777022216477,537.0,176.0,116.89279116736967,41.35574546788759,1701,12423,619
77256,77454,200040251,200040251,77,77,5590.95267455771,183.0,359.0,31.469649499660832,35.083361267085195,1702,12503,620
77314,77287,200072544,200072544,77,77,2069.273771374416,245.0,502.0,14.941468048332428,64.56740785771343,1706,12370,621
77341,77356,200040251,200040251,77,77,1595.9324756554217,384.0,44.0,31.41091392166175,9.64724201539378,1708,12424,622
77446,77461,200040251,200040251,77,77,1711.0235349530358,593.0,301.0,89.73542935244745,55.687223366536585,1716,12508,623
77523,77015,200040251,200040251,77,77,4881.88261462673,255.0,106.0,27.30571030449816,25.791323710910987,1719,12141,624
79020,79086,200041994,200041994,79,79,3882.6245870321327,881.0,1898.0,37.79623675330754,85.47010789029952,1721,12822,625
79024,79048,200041994,200041994,79,79,9802.851607597251,1977.0,5732.0,89.27240395802468,165.8920062657383,1723,12819,626
79046,79009,200041317,200041317,79,79,6000.049959969971,569.0,434.0,68.18636100204228,29.33483263031413,1725,12816,627
79170,79229,200041317,200041317,79,79,3558.218874835389,2893.0,531.0,120.182161346883,62.18530066565114,1727,12833,628
79220,79112,200041317,200041317,79,79,2873.8445575517794,598.0,854.0,37.05984169207354,105.8089908084057,1730,12825,629
79257,79010,200041317,200041317,79,79,5378.462324432904,1523.0,605.0,44.72572176295873,40.008684915387796,1732,12817,630
79276,79283,200041994,200041994,79,79,1730.9072345487011,1068.0,1334.0,83.4356753572655,124.38096594929371,1734,12839,631
79319,79231,200041994,200041994,79,79,4194.736027485173,859.0,713.0,32.4094972723705,62.102571974701526,1738,12834,632
80013,80416,200071181,200071223,80,80,871.8817318270511,2279.0,762.0,91.50206325068555,60.91483827072998,1739,12984,633
80031,80415,200070969,200070969,80,80,4354.526674845562,769.0,1020.0,60.05705536582143,67.30528681912513,1745,12983,634
80052,80077,248000499,200070951,80,80,180.45630652753405,232.0,312.0,45.188288612327874,43.867936859192596,1754,12869,635
80070,80746,200070951,200070951,80,80,4497.938002174158,1333.0,1079.0,65.83937600834656,56.111201434610976,1758,13080,636
80071,80792,200070951,200070951,80,80,2695.7362358526225,1984.0,244.0,86.49182160085886,50.24464007066207,1759,13100,637
80074,80236,200070977,200070977,80,80,1830.2816419234784,122.0,557.0,19.99728569918366,47.09938816412789,1760,12926,638
80098,80179,200071181,200071181,80,80,1216.6756511460817,102.0,219.0,24.310719106373046,40.262173433170695,1764,12907,639
80101,60127,200070977,246000855,80,60,1849.7502415888514,860.0,405.0,58.442275191435996,58.3935770900221,1766,8159,640
80110,80691,200070993,200070993,80,80,4449.465512361652,472.0,340.0,29.33831486262303,26.708028511789383,1769,13056,641
80138,80672,248000499,248000499,80,80,5099.927171670273,120.0,625.0,33.64629628394949,67.0274674238104,1773,13049,642
80144,60062,200070985,246000756,80,60,1774.7025589570935,485.0,312.0,59.432597723696794,43.643032893488126,1777,8114,643
80146,80124,200070993,200070944,80,80,1419.452401158447,202.0,715.0,32.12907881656618,88.74990573579639,1778,12886,644
80170,80390,200070977,200070969,80,80,4791.204657306274,110.0,410.0,27.086799294273938,21.72639452626861,1782,12974,645
80174,60702,200070977,246000566,80,60,3262.80636276934,74.0,244.0,31.10882434856693,18.12030820917421,1783,8565,646
80181,80064,200070969,200070969,80,80,2974.7921410568056,122.0,167.0,22.230023303909412,28.084592851526097,1785,12866,647
80182,80826,200070993,247600588,80,80,4165.767974687274,2377.0,770.0,87.32561577216605,47.204964405858206,1786,13107,648
80192,80184,248000499,248000499,80,80,2121.980841786193,167.0,539.0,24.147738067762603,49.220663862388434,1789,12909,649
80205,80296,200070993,200071223,80,80,3403.8401577183417,888.0,1156.0,85.70825866804729,146.93298224574977,1792,12944,650
80207,80056,200070951,200070951,80,80,7452.233050716503,328.0,96.0,38.510197608565996,12.392169133630846,1793,12864,651
80214,80283,200070969,200070969,80,80,1343.802882461326,309.0,161.0,32.87129988379183,28.59689311795157,1794,12941,652
80279,60263,200070977,246000756,80,60,1992.6932591491216,758.0,264.0,52.82105399503901,52.82877050569199,1811,8255,653
80280,80076,200070944,200070944,80,80,2108.4247035116205,121.0,516.0,28.666040253496686,52.3357842915653,1812,12868,654
80284,60236,200070985,246000756,80,60,3262.5254830295735,721.0,222.0,38.1315133966189,69.927485469993,1813,8238,655
80287,80029,200070993,200070993,80,80,4931.232501415351,240.0,827.0,38.421228039564255,74.04320724274365,1814,12857,656
80299,80193,200070969,200070969,80,80,2467.592020536219,227.0,149.0,23.27743732723097,18.87178031567796,1818,12913,657
80328,80476,200070993,200070993,80,80,2719.7067368000194,512.0,345.0,33.65562886014592,62.38428567676884,1827,12998,658
80340,80436,200071181,200071181,80,80,1503.9250042774834,201.0,521.0,43.892108508627196,15.025278413152877,1830,12988,659
80349,80114,200070969,200071181,80,80,3182.7807656534446,129.0,341.0,30.05962407118072,35.51942476653229,1832,12882,660
80354,80251,200071181,200070993,80,80,1835.8648205440518,204.0,364.0,57.59440368404239,72.53124825079715,1833,12931,661
80372,80482,200070993,200070993,80,80,3921.524893072301,120.0,141.0,23.013441672428364,16.306799491891695,1838,12999,662
80388,80765,200070944,200070944,80,80,2249.207630746304,207.0,806.0,79.40182046421091,60.01470537099982,1843,13088,663
80406,80051,200070993,200070993,80,80,6776.832106000229,1286.0,250.0,62.26448298593443,17.742658275855433,1848,12863,664
80407,80188,200070969,200070969,80,80,1517.9325165191399,138.0,586.0,19.304407979339672,50.575766409590564,1849,12911,665
80443,80698,200071181,200071181,80,80,3176.9950879502976,1660.0,216.0,32.152776841782426,20.69937803404104,1856,13059,666
80460,80754,200071181,200071181,80,80,2113.882304150447,61.0,388.0,24.003004713414327,26.227088762668156,1862,13083,667
80464,80700,200070993,200070993,80,80,3298.061870438985,918.0,883.0,58.12404708264853,131.97795245042047,1863,13060,668
80469,80010,200070969,200070969,80,80,1105.8720305298918,156.0,2724.0,16.645426066563203,107.10523125974225,1866,12852,669
80504,80037,200070977,200070969,80,80,1884.6682946199182,76.0,162.0,17.81967217021812,33.03829673035546,1876,12860,670
80525,80273,200071181,200071181,80,80,258.2042011032608,179.0,343.0,44.7295534181089,24.213551539313645,1883,12938,671
80531,80165,200071181,200071181,80,80,2254.688786541786,101.0,185.0,30.366135668802638,40.112725276119974,1885,12903,672
80556,80345,200070993,200070993,80,80,3036.723819988684,569.0,512.0,59.32855784821603,60.557630197129015,1890,12957,673
80559,80554,200071181,200071181,80,80,4321.252751741519,143.0,943.0,20.39298375548412,41.1202355760291,1891,13014,674
80618,80597,200070993,200070944,80,80,810.3489706419333,1046.0,836.0,63.66564809093996,66.48136462121028,1909,13027,675
80652,80358,200070969,200070969,80,80,2132.9109530091946,775.0,136.0,66.75252143643142,35.29190268815128,1913,12964,676
80655,80535,200071181,200071223,80,80,2514.0682446596384,420.0,148.0,25.824152376030764,16.92257778976179,1914,13009,677
80671,80241,200071223,200071223,80,80,661.1992577536679,228.0,1052.0,41.74391375862683,58.49486575257615,1920,12928,678
80678,60168,200070977,246000566,80,60,2952.6411328845516,770.0,214.0,63.6100230024983,33.20237166019264,1922,8190,679
80687,60503,200070977,246000566,80,60,1198.7516673048558,135.0,112.0,33.85142669862077,26.55621788492665,1926,8424,680
80693,80411,248000499,248000499,80,80,1446.5223534928318,331.0,484.0,50.756349297363904,52.84251620216978,1927,12980,681
80710,80446,200069722,200070993,80,80,1363.516028440233,393.0,738.0,61.328339978070595,68.11513884453674,1934,12990,682
80734,80083,200071181,200071181,80,80,2466.3413872553297,208.0,140.0,37.51360403635547,20.40811686633926,1938,12873,683
80750,02747,200070985,240200493,80,02,4071.787700614965,141.0,82.0,28.50889330174014,20.177108963125445,1942,546,684
80769,80530,248000499,248000499,80,80,3149.708671642013,221.0,603.0,97.86734367030223,86.51860668023846,1945,13007,685
81002,81120,248100430,248100430,81,81,8347.208428345117,2510.0,6538.0,131.75912008698253,106.26211126667121,1964,13123,686
81066,81130,248100430,248100430,81,81,830.936060845154,285.0,1789.0,22.166072064872424,367.7240323732059,1966,13124,687
81204,81196,248100430,248100430,81,81,6606.066403386917,2188.0,843.0,170.5398316208758,40.27627044821188,1968,13130,688
81209,81034,248100430,248100430,81,81,7903.302337953283,2786.0,386.0,81.47613211015451,19.774295748313907,1969,13114,689
82020,82014,200066652,200066652,82,82,7736.802487942116,581.0,268.0,19.04579584930955,22.471228176288136,1973,13146,690
82046,82058,200066322,200066322,82,82,3988.3266398484634,119.0,105.0,17.13666352103975,11.232877906047918,1975,13161,691
82112,82033,200066322,200066322,82,82,10069.287859499547,13748.0,14178.0,160.03409394251085,184.80118860321892,1976,13154,692
82118,82023,200066322,200066652,82,82,3058.7418202673575,94.0,977.0,23.37320826593096,59.10952027292373,1977,13148,693
82134,82002,200066884,200066884,82,82,6844.967633417597,5743.0,3305.0,117.40030396907493,152.33997892199093,1979,13143,694
82169,82031,200066322,200066322,82,82,5376.205757504482,2293.0,1201.0,78.65971467298638,75.23165069593003,1980,13153,695
82173,82105,200066652,200066652,82,82,5998.037327553574,1151.0,1324.0,42.84734277015391,54.04909792873848,1981,13171,696
82184,82161,200066884,200066884,82,82,924.565701865194,940.0,4029.0,24.98968382581595,188.22615408497475,1982,13182,697
83032,83026,200068104,248300550,83,83,5068.810384397644,3405.0,1951.0,95.21460446773436,42.77340545022327,1983,13202,698
83039,83021,200068104,200068104,83,83,6534.760803922057,146.0,2632.0,5.2785026371518375,73.34924625280813,1984,13200,699
83045,83143,200068104,200068104,83,83,16782.206078740026,897.0,4270.0,24.18116698495894,108.53908440506137,1985,13285,700
83051,83136,200068104,248300550,83,83,8275.18258577627,1127.0,2613.0,34.97793130739666,71.6937392985501,1987,13281,701
83121,83154,248300493,248300493,83,83,1766.3124639741718,3784.0,745.0,95.74329123649655,42.128460065260434,1989,13291,702
84049,84012,248400053,248400053,84,84,4241.081161432729,430.0,2389.0,15.858586170647769,125.96478945962315,1991,13298,703
85015,85019,200072882,200072882,85,85,2616.305216118196,1600.0,6235.0,57.229902421666964,159.86976986248206,1992,13390,704
85050,85213,200071900,248500589,85,85,5443.178105068864,1947.0,4245.0,78.67737719900217,77.91603698202869,1993,13483,705
85051,85034,248500340,248500340,85,85,9081.584080164239,8447.0,3451.0,100.83212998022202,56.44671057680816,1994,13398,706
85077,85201,200071900,200071900,85,85,3569.9560812865266,507.0,506.0,85.48336988924066,32.409670560364745,1995,13478,707
85086,85095,200072882,200071629,85,85,6349.432740299337,1683.0,2049.0,57.98755686090819,94.0732621456233,1996,13422,708
85094,85143,200071934,200071934,85,85,4340.768449776659,1183.0,1065.0,34.22985541862867,47.41362891149498,1997,13450,709
85101,85022,200071900,200071900,85,85,7199.090621427668,483.0,1293.0,38.62270533134185,46.81349066428234,1998,13391,710
85129,85197,200072882,200070233,85,85,6314.373448159139,3642.0,3794.0,68.38448077341057,77.84632812089701,1999,13476,711
85158,85121,200071934,200071934,85,85,7366.398413485602,1188.0,1031.0,45.57713316728467,43.27510885319537,2001,13441,712
85190,44216,200070233,200067635,85,44,3558.697425588898,3519.0,4070.0,124.57708982191033,78.19604115421448,2002,5707,713
85200,85010,200071900,200071900,85,85,5523.382109850372,1121.0,1415.0,53.749294285234264,55.59726174917595,2003,13383,714
85202,85246,248500340,248500340,85,85,8382.563156582431,1584.0,2520.0,49.371661461156364,60.78805389394943,2004,13500,715
85206,85116,200071900,200071900,85,85,2879.5483074216145,398.0,468.0,28.537181980302517,40.691250550365744,2005,13437,716
85210,85102,200072882,200072882,85,85,8439.203840511018,2191.0,721.0,74.06260881946788,35.421785921116026,2006,13428,717
85220,85266,248500340,248500340,85,85,1934.119878748967,1606.0,1675.0,64.77706125359352,129.55498586803174,2007,13506,718
85232,85093,248500340,248500589,85,85,1832.0698796637394,1090.0,1236.0,37.40211047405762,45.49732758665222,2008,13421,719
85237,85205,200071934,200071934,85,85,3926.090522894421,390.0,539.0,20.156292299850325,25.67512964303345,2009,13480,720
85254,85090,248500464,248500464,85,85,5161.298795243229,1754.0,6391.0,66.21302584468093,71.71593883807348,2010,13419,721
85262,44102,200070233,244400438,85,44,1549.3014285054005,3590.0,3305.0,71.23851998191259,113.89867560193194,2011,5624,722
85276,85153,248500340,248500621,85,85,1457.6591315105954,752.0,2957.0,166.20542122911877,53.87646255123109,2012,13456,723
85277,85026,200071900,200071900,85,85,11575.033963587464,1570.0,1449.0,32.086113117627406,60.64886635018509,2013,13394,724
85282,85066,248500340,248500464,85,85,205.08190702141812,946.0,840.0,51.26432978087766,61.83732062025822,2014,13410,725
85287,85140,248500464,248500464,85,85,1606.0813604997406,450.0,1493.0,24.093004106424267,74.03585081024342,2015,13448,726
85305,85033,200071934,200071934,85,85,5730.073478940879,834.0,724.0,40.98294214608206,44.280200276244834,2016,13397,727
86020,86031,248600413,200069854,86,86,5688.469688189801,253.0,1700.0,29.488179927032952,48.827041262436175,2018,13530,728
86032,86095,248600413,200069854,86,86,571.4480726423058,2094.0,3185.0,48.87233820970157,134.96214944659968,2019,13540,729
86045,86147,200069854,200043628,86,86,8028.667269636398,1363.0,604.0,31.883589163527112,52.528665102194765,2021,13552,730
86058,86135,200069854,200069854,86,86,8620.81632102039,736.0,582.0,41.88780073406605,35.66624749719112,2024,13549,731
86080,86145,200069854,200043628,86,86,1479.3874224435208,495.0,1155.0,40.706304876672306,37.352852628729224,2025,13551,732
86083,86024,200069854,200069854,86,86,3329.469035134768,1136.0,1549.0,40.18630520437073,47.153303548054296,2027,13527,733
86148,86010,200043628,200043628,86,86,5607.044703000935,714.0,1115.0,15.747033722939483,48.70370139295993,2035,13524,734
86164,86009,248600413,248600413,86,86,3991.009555645818,673.0,1062.0,39.90119500259388,15.920057569656327,2036,13523,735
87126,87030,200059400,200059400,87,87,6700.708163673663,3681.0,1256.0,68.46175964352699,82.31277308516327,2054,13585,736
87131,87154,200059400,200059400,87,87,309.1221137356074,813.0,11387.0,127.81800108252334,193.90656590638574,2055,13603,737
88009,88423,200071066,200071066,88,88,8389.949308406933,3301.0,1369.0,134.62893957937635,94.81182188386965,2060,13703,738
88014,88196,200071066,200096642,88,88,2144.9875614053026,184.0,7833.0,10.760030557377283,140.91474368556618,2061,13659,739
88027,88040,200068757,200068757,88,88,473.3295282608752,139.0,238.0,14.931848285631494,33.57611878112308,2062,13624,740
88048,88371,200068757,200068757,88,88,4210.374710332797,968.0,1214.0,24.627327371133724,50.65780594552987,2064,13690,741
88053,67377,200071066,246700306,88,67,2829.763450836046,157.0,982.0,22.712654083313858,43.04389868561945,2065,9991,742
88075,68204,200096634,246800585,88,68,4758.569181691178,4041.0,1043.0,69.69314612170034,33.986224204769435,2067,10344,743
88081,68344,200033868,246800205,88,68,5135.144370787505,1320.0,438.0,47.84219457133208,34.567790912184336,2068,10472,744
88085,88269,200096642,200096642,88,88,1738.860276988261,190.0,299.0,19.834875569033358,22.58520826946114,2070,13672,745
88106,88492,200071066,200096642,88,88,4490.406333406333,957.0,74.0,21.272784975066898,3.7684155084366404,2072,13723,746
88116,88037,200096634,200096634,88,88,1811.7047268843874,3045.0,866.0,75.69905711446573,63.275406934103266,2074,13623,747
88165,88328,200071066,200071066,88,88,3430.7895248650784,2506.0,524.0,92.01266056949048,75.40430465081042,2075,13683,748
88181,68044,200071066,246800551,88,68,1085.431143224326,2846.0,749.0,183.5367718470646,34.089466811958815,2077,10192,749
88198,88531,200071066,200096642,88,88,3668.047183872861,558.0,1488.0,28.915865311528915,48.155773999513585,2079,13731,750
88205,88148,200068377,200068377,88,88,395.8745476585266,249.0,1880.0,14.916609878823106,89.3513413776912,2080,13647,751
88215,67421,200071066,246700306,88,67,1157.7108610380192,76.0,827.0,11.97366725917571,83.45949337615086,2081,10028,752
88228,88121,200068757,200068757,88,88,5045.95736865641,179.0,272.0,14.284117519231325,9.09525585887008,2082,13639,753
88244,88463,200071066,200071066,88,88,3011.657287751123,518.0,1477.0,26.26576230834336,46.59288231602366,2083,13713,754
88317,67165,200071066,246700306,88,67,5335.743184577347,556.0,384.0,19.030749608020425,9.760995016903019,2087,9804,755
88319,88519,200071066,200071066,88,88,1145.1331609102879,3037.0,664.0,88.57012088186892,113.63988545154608,2088,13729,756
88349,68249,200071066,246800551,88,68,2389.3323037487135,1616.0,3453.0,41.92486946600066,75.38244903922761,2090,10383,757
88351,88429,200068377,200068377,88,88,293.9629011255505,1571.0,3993.0,57.655283805106855,104.81867755393938,2091,13706,758
88408,88498,200033868,200068377,88,88,8844.781167555719,3497.0,856.0,76.37524837103574,61.52476390223152,2096,13726,759
88426,68239,200033868,246800676,88,68,229.4402889300977,1369.0,391.0,37.49840838665608,91.99442619320388,2097,10374,760
88435,88438,200071066,200071066,88,88,4714.209047764642,520.0,394.0,42.46801165616559,85.42956571084609,2098,13707,761
88436,67059,200071066,246700306,88,67,561.6047635952536,72.0,381.0,11.680105587234412,25.314901954752052,2099,9704,762
88444,67066,200071066,246700306,88,67,230.98474491389695,307.0,2595.0,31.05250018794566,112.4123669458976,2100,9710,763
88447,88467,200096634,200096634,88,88,5695.75840693958,2510.0,573.0,78.76821522397707,74.57217578776492,2101,13716,764
88487,88383,200068377,200068377,88,88,4583.395630855951,3861.0,7611.0,52.74372672119992,443.0638450797499,2104,13695,765
88500,68089,200096634,246800205,88,68,4692.772275350007,828.0,1589.0,33.90812156877894,75.49700348687215,2105,10232,766
88501,67436,200071066,246700306,88,67,805.95553552595,73.0,497.0,16.714588790747467,38.69103005880208,2106,10040,767
88503,88277,200071066,200071066,88,88,3880.0927654262546,147.0,111.0,12.903772405440161,27.981564917455096,2107,13676,768
88530,88225,200068757,200068757,88,88,7923.211717987071,2579.0,2349.0,51.00070671126305,47.78296591786621,2110,13666,769
89144,89036,248900748,248900748,89,89,3927.0930230491017,801.0,229.0,33.45668644464682,26.56041280261345,2111,13737,770
89251,89334,248900524,248900524,89,89,6705.406464117309,364.0,556.0,19.840630675839666,18.79874213323499,2112,13809,771
89298,89060,248900748,248900748,89,89,4120.929542452795,592.0,454.0,24.078115558875897,19.09772079999268,2113,13743,772
89442,89094,248900748,248900748,89,89,556.6173874604939,239.0,697.0,16.526635728377205,46.55092568344615,2116,13751,773
