epci_2023,level,population_2020,area_km2,density_2020,median_income2020,n_communes,metadataGeography,mountain_any_member,mountain_membership_unknown,mountain_population_upper_share,bassin_any_potential_member,department_any_qualifying_member,department_count,department_members,sample_population2020,sample_communes,initial_eligible_communes,selected_population_share,legal_assignment_fraction,score,instrument_eligible,design
200000628,EPCI,24224,150.11,161.3749916727733,20110.0,5,2023-01-01,False,False,0.0,False,False,1,84,24224.0,5,0,1.0,0.0,97.80514620822203,False,D_density_commune_barrier
200018083,EPCI,23289,245.26,94.95637282883472,20840.0,31,2023-01-01,False,False,0.0,True,False,1,62,9541.0,13,0,0.40967838893898406,0.0,31.386527364283452,False,D_density_commune_barrier
200023307,EPCI,47561,354.91,134.00862190414472,20040.0,19,2023-01-01,False,False,0.0,False,False,1,47,46088.0,17,0,0.9690292466516683,0.0,70.43877643959345,False,D_density_commune_barrier
200023794,EPCI,20151,171.35,117.60140064196092,20980.0,20,2023-01-01,False,False,0.0,False,False,1,33,20151.0,20,0,1.0,0.0,54.03155517740966,False,D_density_commune_barrier
200027183,EPCI,270610,616.68,438.81753908023614,19730.0,36,2023-01-01,False,False,0.0,True,False,1,66,149069.0,31,0,0.5508628653782196,0.0,375.24769361568485,False,D_density_commune_barrier
200030633,EPCI,63789,372.67,171.16752086296185,18890.0,46,2023-01-01,False,False,0.0,True,False,1,59,63552.0,45,0,0.9962846258759347,0.0,107.59767539841059,False,D_density_commune_barrier
200030674,EPCI,60159,669.17,89.90092203774826,20120.0,43,2023-01-01,False,False,0.0,True,False,1,47,35053.0,21,0,0.5826725843182233,0.0,26.331076573196995,False,D_density_commune_barrier
200035442,EPCI,27142,426.1,63.69866228584839,20930.0,64,2023-01-01,False,False,0.0,True,False,1,62,9654.0,22,0,0.35568491636578,0.0,0.12881682129712857,False,D_density_commune_barrier
200035715,EPCI,113933,1062.16,107.26538374632824,20040.0,83,2023-01-01,True,False,0.03717096890277619,True,False,1,11,47199.0,45,0,0.414269790139819,0.0,43.695538281776976,False,D_density_commune_barrier
200035731,EPCI,100914,689.28,146.4049442896936,21260.0,40,2023-01-01,True,False,0.12365974988604159,False,False,1,42,62228.0,30,0,0.6166438749826585,0.0,82.83509882514232,False,D_density_commune_barrier
200035814,EPCI,53227,567.6899999999999,93.76067924395358,20660.0,42,2023-01-01,False,False,0.0,True,False,1,61,39192.0,27,0,0.7363180340804479,0.0,30.19083377940231,False,D_density_commune_barrier
200040095,EPCI,18812,284.57,66.106757564044,21020.0,16,2023-01-01,False,False,0.0,True,False,1,24,10018.0,5,0,0.5325324261109929,0.0,2.5369120994927385,False,D_density_commune_barrier
200040442,EPCI,54777,356.36,153.71253788303963,20780.0,16,2023-01-01,False,False,0.0,False,False,1,84,51526.0,13,0,0.9406502729247677,0.0,90.14269241848837,False,D_density_commune_barrier
200041630,EPCI,121184,568.0,213.35211267605635,19980.0,58,2023-01-01,False,False,0.0,False,False,1,08,66651.0,52,0,0.5499983496171111,0.0,149.7822672115051,False,D_density_commune_barrier
200042190,EPCI,157752,366.24,430.7339449541285,18980.0,46,2023-01-01,False,False,0.0,False,False,1,59,157752.0,46,0,1.0,0.0,367.1640994895772,False,D_density_commune_barrier
200042935,EPCI,63216,688.8,91.77700348432056,20880.0,42,2023-01-01,True,False,1.0,False,False,1,01,55224.0,33,0,0.8735763097949886,0.0,28.207158019769295,False,D_density_commune_barrier
200043263,EPCI,29279,417.99,70.04713031412234,20030.0,43,2023-01-01,False,False,0.0,True,False,1,59,29011.0,42,0,0.9908466819221968,0.0,6.4772848495710775,False,D_density_commune_barrier
200043396,EPCI,124770,343.62,363.1045922821722,17960.0,43,2023-01-01,False,False,0.0,False,False,1,59,124770.0,43,0,1.0,0.0,299.5347468176209,False,D_density_commune_barrier
200043404,EPCI,24603,178.98,137.46228628897083,17540.0,12,2023-01-01,False,False,0.0,True,False,1,59,18166.0,5,0,0.7383652400113807,0.0,73.89244082441957,False,D_density_commune_barrier
200043602,EPCI,56597,292.5,193.4940170940171,20960.0,15,2023-01-01,True,False,0.5059808823789247,False,False,1,66,56597.0,15,0,1.0,0.0,129.92417162946583,False,D_density_commune_barrier
200044394,EPCI,23868,324.87,73.46938775510203,19800.0,41,2023-01-01,False,False,0.0,False,False,1,33,19346.0,31,0,0.8105413105413105,0.0,9.89954229055077,False,D_density_commune_barrier
200044618,EPCI,148875,235.74,631.5220157800967,19730.0,35,2023-01-01,False,False,0.0,False,False,1,59,109033.0,34,0,0.7323795130142737,0.0,567.9521703155455,False,D_density_commune_barrier
200055655,EPCI,357929,340.88,1050.014667918329,19790.0,42,2023-01-01,False,False,0.0,False,False,2,77|95,225321.0,39,0,0.6295131157296558,0.0,986.4448224537778,False,D_density_commune_barrier
200065647,EPCI,139590,449.11,310.8147224510699,21210.0,72,2023-01-01,True,False,0.051593953721613295,False,False,1,25,139590.0,72,0,1.0,0.0,247.24487698651862,False,D_density_commune_barrier
200066322,EPCI,42170,451.1,93.4825980935491,19500.0,22,2023-01-01,False,False,0.0,True,False,1,82,23038.0,14,0,0.5463125444628883,0.0,29.912752628997836,False,D_density_commune_barrier
200066355,EPCI,127927,310.29,412.2820587192627,20940.0,14,2023-01-01,False,False,0.0,False,False,1,34,83351.0,13,0,0.6515512753367154,0.0,348.7122132547114,False,D_density_commune_barrier
200066462,EPCI,37865,811.42,46.66510561731286,21130.0,41,2023-01-01,False,False,0.0,True,False,2,27|28,1299.0,1,1,0.03430608741581936,1.0,-16.904739847238403,True,D_density_commune_barrier
200066918,EPCI,132799,920.91,144.20410246386726,19480.0,72,2023-01-01,True,False,0.19134933244979255,True,False,1,30,70861.0,45,0,0.5335958855111861,0.0,80.634256999316,False,D_density_commune_barrier
200067502,EPCI,52419,347.54,150.82868159060826,21030.0,41,2023-01-01,False,False,0.0,True,False,1,57,44313.0,23,0,0.8453614147541921,0.0,87.25883612605699,False,D_density_commune_barrier
200067981,EPCI,73447,1107.65,66.30885207421116,20980.0,57,2023-01-01,False,False,0.0,True,False,1,22,48566.0,26,0,0.6612387163532888,0.0,2.7390066096598957,False,D_density_commune_barrier
200068047,EPCI,88665,83.49,1061.9834710743803,17210.0,11,2023-01-01,False,False,0.0,False,False,1,60,52695.0,10,0,0.5943156826256133,0.0,998.4136256098291,False,D_density_commune_barrier
200068377,EPCI,29207,262.77,111.15043574228412,20940.0,10,2023-01-01,True,False,0.5456911014482829,True,False,1,88,23528.0,7,0,0.8055603108843771,0.0,47.58059027773285,False,D_density_commune_barrier
200068500,EPCI,80713,411.28,196.24829799649876,20610.0,55,2023-01-01,False,False,0.0,False,False,1,59,49154.0,54,0,0.6089973114615985,0.0,132.6784525319475,False,D_density_commune_barrier
200068757,EPCI,110325,1118.43,98.64274026984256,21270.0,78,2023-01-01,False,False,0.0,True,False,1,88,68575.0,58,0,0.621572626331294,0.0,35.0728948052913,False,D_density_commune_barrier
200069037,EPCI,105128,543.62,193.3850851697877,20230.0,53,2023-01-01,False,False,0.0,False,False,1,62,96721.0,50,0,0.9200308195723309,0.0,129.81523970523642,False,D_density_commune_barrier
200069250,EPCI,174501,889.59,196.15890466394632,20860.0,81,2023-01-01,False,False,0.0,True,False,1,10,107015.0,72,0,0.6132629612437751,0.0,132.58905919939505,False,D_density_commune_barrier
200069300,EPCI,125873,614.81,204.7347961158732,20820.0,86,2023-01-01,True,False,0.16741477520993384,True,False,1,65,60776.0,46,0,0.4828358742542086,0.0,141.16495065132193,False,D_density_commune_barrier
200069532,EPCI,72916,951.57,76.62704793131351,20720.0,53,2023-01-01,False,False,0.0,True,False,1,14,41077.0,34,0,0.5633468648856218,0.0,13.057202466762249,False,D_density_commune_barrier
200069821,EPCI,38327,207.08,185.08305968707745,21070.0,33,2023-01-01,False,False,0.0,True,False,1,76,37638.0,31,0,0.982023116862786,0.0,121.51321422252619,False,D_density_commune_barrier
200070092,EPCI,92148,568.76,162.01561291230044,21100.0,45,2023-01-01,False,False,0.0,True,False,1,33,70909.0,34,0,0.769512089247732,0.0,98.44576744774918,False,D_density_commune_barrier
200070647,EPCI,60604,586.55,103.3228198789532,20820.0,38,2023-01-01,False,False,0.0,True,False,1,24,51065.0,24,0,0.8426011484390469,0.0,39.75297441440193,False,D_density_commune_barrier
200070670,EPCI,23718,321.68,73.73165879134544,20900.0,19,2023-01-01,False,False,0.0,True,False,1,35,18064.0,11,0,0.7616156505607555,0.0,10.161813326794174,False,D_density_commune_barrier
200070944,EPCI,22454,189.75,118.33465085638998,20330.0,25,2023-01-01,False,False,0.0,True,False,1,80,22122.0,23,0,0.9852142157299367,0.0,54.76480539183872,False,D_density_commune_barrier
200070977,EPCI,25378,396.69,63.97438806120648,20370.0,62,2023-01-01,False,False,0.0,True,False,1,80,566.0,1,0,0.022302781937110883,0.0,0.40454259665521874,False,D_density_commune_barrier
200070993,EPCI,48679,398.59,122.12800120424497,20170.0,43,2023-01-01,False,False,0.0,True,False,1,80,34929.0,24,0,0.7175373364284394,0.0,58.5581557396937,False,D_density_commune_barrier
200071058,EPCI,27534,353.38,77.91612428547172,20790.0,25,2023-01-01,False,False,0.0,True,False,1,34,24491.0,19,0,0.8894820948645311,0.0,14.34627882092046,False,D_density_commune_barrier
200071066,EPCI,73887,979.94,75.39951425597486,20270.0,77,2023-01-01,True,False,0.6390434041170977,True,False,2,54|88,40786.0,34,0,0.5520050888518955,0.0,11.8296687914236,False,D_density_commune_barrier
200071363,EPCI,83578,741.33,112.74061484089408,21260.0,39,2023-01-01,True,False,0.2657038933690684,True,False,1,03,76013.0,22,0,0.9094857498384742,0.0,49.17076937634282,False,D_density_commune_barrier
200071785,EPCI,54848,382.79,143.28482980224143,19760.0,48,2023-01-01,False,False,0.0,True,False,1,02,53734.0,44,0,0.9796893232205367,0.0,79.71498433769017,False,D_density_commune_barrier
200071876,EPCI,98377,1233.65,79.74466015482511,20740.0,45,2023-01-01,False,False,0.0,True,False,1,49,53326.0,26,0,0.5420575947630035,0.0,16.17481469027385,False,D_density_commune_barrier
200071892,EPCI,79669,293.26,271.6667803314465,19500.0,39,2023-01-01,False,False,0.0,True,False,1,02,24989.0,31,0,0.3136602693644956,0.0,208.09693486689523,False,D_density_commune_barrier
200071934,EPCI,34968,463.46,75.44987701203988,21010.0,25,2023-01-01,False,False,0.0,True,False,1,85,27104.0,18,0,0.7751086707847175,0.0,11.880031547488613,False,D_density_commune_barrier
200072452,EPCI,55835,538.65,103.65729137658964,21040.0,29,2023-01-01,False,False,0.0,True,False,1,35,38964.0,15,0,0.697841855467001,0.0,40.087445912038376,False,D_density_commune_barrier
200072460,EPCI,276094,645.57,427.67476803445015,19940.0,100,2023-01-01,False,False,0.0,False,False,1,62,276094.0,100,0,1.0,0.0,364.1049225698989,False,D_density_commune_barrier
200072478,EPCI,25248,189.33,133.35446046585326,20550.0,23,2023-01-01,False,False,0.0,False,False,1,62,25248.0,23,0,1.0,0.0,69.784615001302,False,D_density_commune_barrier
200073245,EPCI,40339,326.92,123.3910436804111,20690.0,28,2023-01-01,True,False,0.1717196757480354,True,False,1,07,34208.0,19,0,0.8480130890701306,0.0,59.82119821585984,False,D_density_commune_barrier
200090561,EPCI,38192,508.15,75.158909770737,19960.0,16,2023-01-01,False,False,0.0,True,False,1,18,2086.0,1,0,0.05461876832844575,0.0,11.589064306185733,False,D_density_commune_barrier
200090751,EPCI,98975,184.11,537.5862256259845,19190.0,14,2023-01-01,False,False,0.0,False,False,1,62,31431.0,13,0,0.3175650416771912,0.0,474.0163801614333,False,D_density_commune_barrier
200096634,EPCI,21124,305.24,69.20456034595728,21100.0,14,2023-01-01,True,False,1.0,True,False,1,88,10577.0,10,0,0.5007100927854573,0.0,5.634714881406012,False,D_density_commune_barrier
240200477,EPCI,52890,180.96,292.2745358090186,19820.0,27,2023-01-01,False,False,0.0,False,False,1,02,52019.0,26,0,0.9835318585743997,0.0,228.7046903444673,False,D_density_commune_barrier
240200493,EPCI,31079,448.29,69.32789042807111,20280.0,54,2023-01-01,False,False,0.0,True,False,1,02,30377.0,49,0,0.9774124006563918,0.0,5.7580449635198505,False,D_density_commune_barrier
240800821,EPCI,25969,272.89,95.1628861446004,19510.0,19,2023-01-01,False,False,0.0,True,False,1,08,14175.0,13,0,0.5458431206438445,0.0,31.593040680049143,False,D_density_commune_barrier
241100593,EPCI,131649,846.6,155.5031892274982,20200.0,37,2023-01-01,False,False,0.0,True,False,1,11,65133.0,30,0,0.49474739648611077,0.0,91.93334376294695,False,D_density_commune_barrier
241700699,EPCI,15505,181.91,85.2344565994173,20730.0,6,2023-01-01,False,False,0.0,False,False,1,17,9302.0,5,0,0.599935504675911,0.0,21.664611134866036,False,D_density_commune_barrier
242000354,EPCI,62237,68.14,913.3695333137656,21210.0,5,2023-01-01,True,False,0.13125632662242717,False,False,1,2B,13941.0,4,0,0.2239985860500988,0.0,849.7996878492144,False,D_density_commune_barrier
242900751,EPCI,33303,404.19,82.39441846656275,21240.0,19,2023-01-01,False,False,0.0,False,False,1,29,33303.0,19,0,1.0,0.0,18.82457300201149,False,D_density_commune_barrier
243000585,EPCI,31143,205.37,151.6433753712811,19670.0,5,2023-01-01,False,False,0.0,True,False,1,30,28395.0,4,0,0.9117618726519603,0.0,88.07352990672985,False,D_density_commune_barrier
243000593,EPCI,27331,203.59,134.24529692028096,21060.0,5,2023-01-01,False,False,0.0,False,False,1,30,27331.0,5,0,1.0,0.0,70.6754514557297,False,D_density_commune_barrier
243000643,EPCI,257570,790.85,325.6875513687804,20240.0,39,2023-01-01,False,False,0.0,False,False,1,30,110074.0,38,0,0.4273556703032185,0.0,262.1177059042292,False,D_density_commune_barrier
243301181,EPCI,21103,211.72,99.67409786510486,20990.0,12,2023-01-01,False,False,0.0,True,False,1,33,20178.0,11,0,0.9561673695683078,0.0,36.10425240055359,False,D_density_commune_barrier
243301454,EPCI,19014,227.97,83.40571127779971,20130.0,31,2023-01-01,False,False,0.0,False,False,2,24|33,18102.0,29,0,0.9520353423792994,0.0,19.835865813248446,False,D_density_commune_barrier
243400355,EPCI,28410,236.16,120.29979674796748,20210.0,21,2023-01-01,True,False,0.018303414290742698,True,False,1,34,27843.0,19,0,0.9800422386483633,0.0,56.72995128341621,False,D_density_commune_barrier
243400488,EPCI,28852,171.93,167.81248182399813,21040.0,8,2023-01-01,False,False,0.0,False,False,1,34,28852.0,8,0,1.0,0.0,104.24263635944686,False,D_density_commune_barrier
243400520,EPCI,51191,157.91,324.1783294281553,20600.0,14,2023-01-01,False,False,0.0,False,False,1,34,48533.0,11,0,0.948076810376824,0.0,260.60848396360404,False,D_density_commune_barrier
243400769,EPCI,127786,303.0,421.73597359735976,18600.0,17,2023-01-01,False,False,0.0,False,False,1,34,49103.0,16,0,0.38425962155478693,0.0,358.16612813280847,False,D_density_commune_barrier
243400819,EPCI,80165,386.62,207.34830065697585,19930.0,20,2023-01-01,False,False,0.0,False,False,1,34,80165.0,20,0,1.0,0.0,143.7784551924246,False,D_density_commune_barrier
243500741,EPCI,66727,990.93,67.33775342355162,20800.0,31,2023-01-01,False,False,0.0,True,False,3,35|44|56,41978.0,18,0,0.6291006638991713,0.0,3.767907959000354,False,D_density_commune_barrier
244200770,EPCI,406868,723.5,562.3607463718038,20620.0,53,2023-01-01,True,False,0.6213686011187903,False,False,1,42,197477.0,51,0,0.4853588878948455,0.0,498.79090090725254,False,D_density_commune_barrier
244500203,EPCI,62408,231.19,269.9424715601886,20130.0,15,2023-01-01,False,False,0.0,True,False,1,45,61933.0,14,0,0.9923887963081656,0.0,206.37262609563734,False,D_density_commune_barrier
245700372,EPCI,76391,139.08,549.2594190394017,19850.0,21,2023-01-01,False,False,0.0,False,False,1,57,76391.0,21,0,1.0,0.0,485.68957357485044,False,D_density_commune_barrier
245700398,EPCI,31532,74.3,424.3876177658143,18960.0,11,2023-01-01,False,False,0.0,False,False,1,57,31532.0,11,0,1.0,0.0,360.81777230126306,False,D_density_commune_barrier
245701164,EPCI,17716,47.52,372.8114478114479,20270.0,5,2023-01-01,False,False,0.0,False,False,1,57,17716.0,5,0,1.0,0.0,309.2416023468967,False,D_density_commune_barrier
245701222,EPCI,71066,86.24,824.0491651205938,20430.0,10,2023-01-01,False,False,0.0,False,False,1,57,71066.0,10,0,1.0,0.0,760.4793196560425,False,D_density_commune_barrier
245900428,EPCI,192635,299.89,642.3521958051285,20110.0,17,2023-01-01,False,False,0.0,False,False,1,59,106090.0,16,0,0.5507306564227684,0.0,578.7823503405773,False,D_density_commune_barrier
245901038,EPCI,14678,117.63,124.78109325852247,20960.0,15,2023-01-01,False,False,0.0,False,False,1,59,14678.0,15,0,1.0,0.0,61.21124779397121,False,D_density_commune_barrier
245901152,EPCI,71494,143.26,499.05067709060455,19360.0,21,2023-01-01,False,False,0.0,False,False,1,59,70668.0,20,0,0.9884465829300361,0.0,435.48083162605326,False,D_density_commune_barrier
245901160,EPCI,191916,263.45,728.4721958625926,19230.0,35,2023-01-01,False,False,0.0,False,False,1,59,149178.0,34,0,0.7773088226098919,0.0,664.9023503980413,False,D_density_commune_barrier
246000756,EPCI,32519,266.98,121.80313132069816,20250.0,42,2023-01-01,False,False,0.0,True,False,1,60,31527.0,39,0,0.9694947569113441,0.0,58.23328585614689,False,D_density_commune_barrier
246200299,EPCI,126895,112.07,1132.2833943071296,18930.0,14,2023-01-01,False,False,0.0,False,False,1,62,126895.0,14,0,1.0,0.0,1068.7135488425783,False,D_density_commune_barrier
246200364,EPCI,242238,239.38,1011.9391762051968,18510.0,36,2023-01-01,False,False,0.0,False,False,1,62,179678.0,34,0,0.7417415929788059,0.0,948.3693307406455,False,D_density_commune_barrier
246200380,EPCI,22288,183.34,121.5664884913276,20940.0,21,2023-01-01,False,False,0.0,False,False,1,62,22288.0,21,0,1.0,0.0,57.99664302677634,False,D_density_commune_barrier
246200729,EPCI,112077,205.1,546.4505119453925,19580.0,22,2023-01-01,False,False,0.0,False,False,1,62,71489.0,21,0,0.6378561167768587,0.0,482.8806664808412,False,D_density_commune_barrier
246201016,EPCI,24172,269.33,89.74863550291465,20960.0,36,2023-01-01,False,False,0.0,True,False,1,62,23845.0,35,0,0.9864719510177065,0.0,26.17879003836339,False,D_density_commune_barrier
246600373,EPCI,20376,183.93,110.78127548523896,20630.0,10,2023-01-01,True,False,0.6196505692972124,False,False,1,66,20376.0,10,0,1.0,0.0,47.2114300206877,False,D_density_commune_barrier
246600415,EPCI,18608,233.41,79.72237693329335,19760.0,16,2023-01-01,True,False,0.009028374892519347,True,False,1,66,8792.0,4,0,0.4724849527085125,0.0,16.152531468742083,False,D_density_commune_barrier
246600449,EPCI,22446,231.5,96.95896328293736,21100.0,19,2023-01-01,True,False,0.03773500846475987,False,False,1,66,22446.0,19,0,1.0,0.0,33.3891178183861,False,D_density_commune_barrier
246800395,EPCI,9351,103.5,90.34782608695652,21030.0,4,2023-01-01,True,False,1.0,False,False,1,68,9351.0,4,0,1.0,0.0,26.777980622405252,False,D_density_commune_barrier
247100290,EPCI,91612,742.0,123.46630727762803,20950.0,34,2023-01-01,False,False,0.0,False,False,1,71,84130.0,23,0,0.9183294764877964,0.0,59.89646181307677,False,D_density_commune_barrier
247200090,EPCI,28490,365.67,77.91177837941314,20920.0,17,2023-01-01,False,False,0.0,True,False,2,53|72,1282.0,2,0,0.044998244998245,0.0,14.341932914861871,False,D_density_commune_barrier
247200348,EPCI,27122,336.16,80.68181818181819,21270.0,14,2023-01-01,False,False,0.0,True,False,1,72,20766.0,9,0,0.7656515006267974,0.0,17.111972717266923,False,D_density_commune_barrier
247600588,EPCI,36073,214.78,167.95325449296956,20660.0,28,2023-01-01,False,False,0.0,False,False,2,76|80,36073.0,28,0,1.0,0.0,104.3834090284183,False,D_density_commune_barrier
247600786,EPCI,45775,128.97,354.9275025199659,20350.0,16,2023-01-01,False,False,0.0,False,False,1,76,45775.0,16,0,1.0,0.0,291.3576570554146,False,D_density_commune_barrier
247700107,EPCI,44861,272.93,164.36815300626537,20040.0,21,2023-01-01,False,False,0.0,False,False,1,77,44861.0,21,0,1.0,0.0,100.79830754171411,False,D_density_commune_barrier
248000531,EPCI,182017,348.73,521.9424769879276,20980.0,39,2023-01-01,False,False,0.0,False,False,1,80,47850.0,38,0,0.2628875324832296,0.0,458.3726315233764,False,D_density_commune_barrier
248100430,EPCI,78503,406.12,193.3000098493056,20320.0,14,2023-01-01,True,False,0.3750302536208807,True,False,1,81,11095.0,6,0,0.1413321783880871,0.0,129.73016438475435,False,D_density_commune_barrier
248400053,EPCI,70930,511.55,138.6570227739224,20410.0,25,2023-01-01,True,False,0.0864373325814183,True,False,1,84,66805.0,21,0,0.9418440716199069,0.0,75.08717730937113,False,D_density_commune_barrier
248400236,EPCI,44587,189.09,235.79776825850124,20450.0,5,2023-01-01,False,False,0.0,False,False,1,84,44587.0,5,0,1.0,0.0,172.22792279394997,False,D_density_commune_barrier
248400251,EPCI,193914,302.57,640.8897114717256,20390.0,16,2023-01-01,False,False,0.0,False,False,2,30|84,103317.0,15,0,0.532798044493951,0.0,577.3198660071744,False,D_density_commune_barrier
248400293,EPCI,50385,154.73,325.63174562140506,21120.0,5,2023-01-01,False,False,0.0,False,False,1,84,50385.0,5,0,1.0,0.0,262.06190015685377,False,D_density_commune_barrier
248500464,EPCI,23179,318.82,72.70246534094474,21130.0,10,2023-01-01,False,False,0.0,True,False,1,85,20976.0,8,0,0.9049570732128219,0.0,9.132619876393477,False,D_density_commune_barrier
248600413,EPCI,83569,1133.85,73.70375270097456,21110.0,47,2023-01-01,False,False,0.0,True,False,1,86,1063.0,1,0,0.012720027761490504,0.0,10.133907236423298,False,D_density_commune_barrier
248900334,EPCI,59349,375.15,158.20071971211513,20830.0,27,2023-01-01,False,False,0.0,False,False,1,89,58364.0,25,0,0.9834032586901211,0.0,94.63087424756387,False,D_density_commune_barrier
248900383,EPCI,14888,64.19999999999999,231.90031152647975,19750.0,8,2023-01-01,False,False,0.0,False,False,1,89,14888.0,8,0,1.0,0.0,168.3304660619285,False,D_density_commune_barrier
