epci_2023,population2020,selected_communes,income2020,density2020,frr_population,running_x,criterion_eligible,initial_frr_population_share
200005932,15489.0,7,24970.0,37.32469034652272,0.0,-3400.0,0,0.0
200006716,16712.0,23,21320.0,56.691203907866615,16712.0,250.0,1,1.0
200006971,11839.0,8,21270.0,55.24415616203647,11839.0,300.0,1,1.0
200023075,13772.0,19,27830.0,48.72778517184687,0.0,-6260.0,0,0.0
200023919,16821.0,15,22110.0,54.86332978345757,0.0,-540.0,0,0.0
200026573,12195.0,13,21920.0,54.01282576067676,12195.0,-350.0,0,1.0
200034098,12126.0,8,25560.0,34.544056063584314,0.0,-3990.0,0,0.0
200035764,16905.0,23,23520.0,42.40030097817908,0.0,-1950.0,0,0.0
200035772,12753.0,46,23370.0,40.942372297355504,18.0,-1800.0,0,0.0014114326040931546
200037133,22731.0,18,21670.0,55.097527603652914,21570.0,-100.0,0,0.94892437640227
200038958,9146.0,13,24230.0,19.974112989188363,0.0,-2660.0,0,0.0
200039055,7109.0,13,24870.0,34.39807283193593,0.0,-3300.0,0,0.0
200039063,3877.0,5,26040.0,16.712393566698204,0.0,-4470.0,0,0.0
200040038,5901.0,9,22080.0,38.33106977037996,0.0,-510.0,0,0.0
200040111,15258.0,13,23060.0,47.8348608425124,0.0,-1490.0,0,0.0
200040251,23169.0,42,23010.0,54.927574026220334,6146.0,-1440.0,0,0.2652682463636756
200040350,26022.0,35,22260.0,54.65617538180478,0.0,-690.0,0,0.0
200040657,15435.0,21,22390.0,29.59541554456066,15435.0,-820.0,0,1.0
200040798,6732.0,8,23580.0,22.706834532374103,0.0,-2010.0,0,0.0
200041887,12783.0,37,23080.0,47.79526254762299,0.0,-1510.0,0,0.0
200055481,12753.0,11,22150.0,38.02414971268831,0.0,-580.0,0,0.0
200058360,20343.0,31,22960.0,46.66710913475366,0.0,-1390.0,0,0.0
200066017,2192.0,6,21370.0,49.82584338083059,2192.0,200.0,1,1.0
200066330,21155.0,19,23110.0,38.10427093516992,1614.0,-1540.0,0,0.07629402032616403
200066462,20276.0,35,21130.0,46.66510561731286,20276.0,440.0,1,1.0
200066512,13774.0,7,21900.0,45.24818055441983,0.0,-330.0,0,0.0
200066850,13749.0,21,23560.0,36.036252945121845,0.0,-1990.0,0,0.0
200067239,18413.0,24,23500.0,55.3798740452901,506.0,-1930.0,0,0.027480584369738773
200067452,5738.0,8,21100.0,9.5195718838314,5738.0,470.0,1,1.0
200067668,17550.0,21,21520.0,40.04407934281707,17550.0,50.0,1,1.0
200067676,17297.0,24,21670.0,36.32328708871525,9668.0,-100.0,0,0.5589408567959762
200067742,11256.0,8,21490.0,27.67648894582964,11256.0,80.0,1,1.0
200068070,18835.0,49,23040.0,38.043902000179926,0.0,-1470.0,0,0.0
200068088,4836.0,3,21710.0,33.48192342243089,4836.0,-140.0,0,1.0
200068146,40596.0,58,21790.0,56.016361636657976,101.0,-220.0,0,0.002487929845304956
200069169,284.0,1,21340.0,18.20300849850154,284.0,230.0,1,1.0
200069227,6031.0,7,22430.0,26.456779895056613,6031.0,-860.0,0,1.0
200069441,33512.0,46,22350.0,55.633580689609374,0.0,-780.0,0,0.0
200069565,13457.0,19,33790.0,39.08568978249994,0.0,-12220.0,0,0.0
200069615,12533.0,30,22660.0,43.53158410650375,0.0,-1090.0,0,0.0
200069623,16525.0,31,22830.0,36.64354973351313,0.0,-1260.0,0,0.0
200069722,395.0,1,20200.0,45.931159264205405,395.0,1370.0,1,1.0
200070100,22504.0,18,22470.0,41.07203361116758,451.0,-900.0,0,0.020040881621045146
200070159,5335.0,7,22610.0,25.26445826282844,0.0,-1040.0,0,0.0
200070340,4947.0,5,22850.0,10.078021111594902,0.0,-1280.0,0,0.0
200070464,13353.0,13,22860.0,40.50391403159284,0.0,-1290.0,0,0.0
200070589,18209.0,41,24930.0,54.509894822240895,0.0,-3360.0,0,0.0
200070738,9169.0,8,23930.0,41.99912510936133,0.0,-2360.0,0,0.0
200070787,285.0,1,21300.0,41.25136751937804,285.0,270.0,1,1.0
200070803,9323.0,42,22340.0,42.28244597136386,580.0,-770.0,0,0.06221173442025099
200070951,23820.0,35,21630.0,57.654826111214426,13417.0,-60.0,0,0.5632661628883291
200070969,21820.0,47,22830.0,56.651781077993554,3114.0,-1260.0,0,0.14271310724106326
200071033,3744.0,6,22130.0,17.236411263916178,3744.0,-560.0,0,1.0
200071181,37281.0,118,21620.0,42.289755603950816,18770.0,-50.0,0,0.5034736192698693
200071538,19247.0,19,21880.0,56.75880923450789,1151.0,-310.0,0,0.059801527510780904
200071595,11653.0,39,22110.0,36.1838696197242,0.0,-540.0,0,0.0
200071645,859.0,1,21600.0,31.15492083203974,0.0,-30.0,0,0.0
200071991,28935.0,54,21900.0,54.14584853758491,0.0,-330.0,0,0.0
200072072,30405.0,17,21890.0,50.492011427362186,0.0,-320.0,0,0.0
200072098,11769.0,14,22770.0,45.60676314926702,11769.0,-1200.0,0,1.0
200072825,9501.0,21,23780.0,29.602734881527763,768.0,-2210.0,0,0.08083359646353015
200073237,14094.0,9,23350.0,43.32912789780792,0.0,-1780.0,0,0.0
200090579,6930.0,18,22130.0,25.070158072515387,0.0,-560.0,0,0.0
240200501,19321.0,54,21540.0,51.20074904471493,19321.0,30.0,1,1.0
240500439,515.0,1,21230.0,22.657185185185185,515.0,340.0,1,1.0
241800457,10961.0,8,21490.0,49.37931034482759,10961.0,80.0,1,1.0
241927201,782.0,1,22100.0,50.91122733451605,782.0,-530.0,0,1.0
242000503,4250.0,1,24130.0,23.895892852462453,0.0,-2560.0,0,0.0
242100154,13702.0,23,23970.0,36.57377749306001,0.0,-2400.0,0,0.0
242504181,13514.0,24,24270.0,41.3545049174215,0.0,-2700.0,0,0.0
242504447,14333.0,44,22400.0,45.95741022040068,0.0,-830.0,0,0.0
242600252,17191.0,5,22320.0,52.04743942637714,0.0,-750.0,0,0.0
242852465,10949.0,18,22130.0,35.940722408815034,0.0,-560.0,0,0.0
243301405,21206.0,5,23850.0,38.82958270008972,0.0,-2280.0,0,0.0
243700499,16532.0,16,21980.0,46.824902282898094,553.0,-410.0,0,0.03345027824824583
243800745,8716.0,18,22350.0,19.51692944386456,8716.0,-780.0,0,1.0
243801024,11926.0,6,25170.0,46.76862745098039,0.0,-3600.0,0,0.0
243900560,6149.0,13,22600.0,44.45412201310259,0.0,-1030.0,0,0.0
244000543,831.0,1,21640.0,35.05228993869456,0.0,-70.0,0,0.0
244100798,19185.0,14,23940.0,47.71131639722864,0.0,-2370.0,0,0.0
244200622,15430.0,16,23060.0,50.294990058346094,6527.0,-1490.0,0,0.42300712896953985
245801063,3454.0,3,23500.0,39.91931026859733,3454.0,-1930.0,0,1.0
246500482,154.0,1,21250.0,42.50758237803937,154.0,320.0,1,1.0
247000367,310.0,2,21570.0,26.711338388291303,310.0,0.0,1,1.0
247000706,11469.0,28,23230.0,44.81648863325117,0.0,-1660.0,0,0.0
247000854,326.0,1,20470.0,24.43454227536804,326.0,1100.0,1,1.0
247103765,9760.0,17,22740.0,42.8129112160384,0.0,-1170.0,0,0.0
247104094,9617.0,30,23370.0,36.395245922366925,0.0,-1800.0,0,0.0
247300015,768.0,1,23250.0,39.12948857453755,0.0,-1680.0,0,0.0
247300254,15482.0,8,22950.0,27.20196784678908,0.0,-1380.0,0,0.0
247300262,7352.0,13,23360.0,58.03141526560897,0.0,-1790.0,0,0.0
247300361,6652.0,9,23470.0,26.869133475881565,0.0,-1900.0,0,0.0
247300452,5420.0,6,22900.0,16.859524698270498,0.0,-1330.0,0,0.0
247300676,4908.0,10,22470.0,40.14962593516209,4908.0,-900.0,0,1.0
247300817,5266.0,3,23240.0,35.65808823529412,0.0,-1670.0,0,0.0
247400617,18581.0,12,25250.0,53.13867360654331,0.0,-3680.0,0,0.0
247400682,12846.0,15,24600.0,41.53517847904811,0.0,-3030.0,0,0.0
248900524,6912.0,11,22340.0,38.68508454106281,367.0,-770.0,0,0.05309606481481482
248900748,17545.0,26,22520.0,43.47772215889379,2094.0,-950.0,0,0.11935024223425478
