bassin_2022_cog2023,membership_scope,node_type,node_id
01034,full,department,01
01093,full,department,01
01185,full,department,01
01305,full,department,01
01305,full,department,71
01443,full,department,01
02408,full,department,02
02558,full,department,02
02558,full,department,59
02810,full,department,02
02810,full,department,60
03118,full,department,03
03118,full,department,63
03185,full,department,03
03185,full,department,18
03185,full,department,23
04094,full,department,04
04094,full,department,13
04094,full,department,83
06033,full,department,06
06099,full,department,04
06099,full,department,06
07042,full,department,07
07064,full,department,07
07129,full,department,07
07186,full,department,07
08185,full,department,08
08363,full,department,08
09167,full,department,09
09167,full,department,31
10003,full,department,10
10003,full,department,89
10268,full,department,10
10268,full,department,77
10268,full,department,89
10323,full,department,10
10323,full,department,51
11049,full,department,11
11203,full,department,11
11206,full,department,11
11379,full,department,11
14174,full,department,14
14174,full,department,61
14258,full,department,14
14258,full,department,61
14371,full,department,14
14478,full,department,14
14478,full,department,27
14478,full,department,61
14689,full,department,14
14752,full,department,14
14752,full,department,50
16028,full,department,16
16028,full,department,17
16090,full,department,16
16167,full,department,16
16167,full,department,17
16366,full,department,16
17131,full,department,17
17218,full,department,17
17218,full,department,85
17224,full,department,16
17224,full,department,17
17240,full,department,17
17240,full,department,33
17283,full,department,17
17434,full,department,17
17434,full,department,79
18087,full,department,18
18109,full,department,18
18141,full,department,18
18207,full,department,18
18223,full,department,18
18279,full,department,18
18279,full,department,36
18279,full,department,41
19153,full,department,19
19153,full,department,24
21038,full,department,21
21038,full,department,39
21317,full,department,21
21317,full,department,52
21317,full,department,70
21416,full,department,21
21464,full,department,21
22004,full,department,22
22020,full,department,22
22020,full,department,35
22136,full,department,22
22136,full,department,56
22203,full,department,22
24294,full,department,24
24294,full,department,33
24299,full,department,24
24309,full,department,24
24396,full,department,24
24520,full,department,24
24547,full,department,19
24547,full,department,24
25047,full,department,25
25047,full,department,70
25356,full,department,25
25434,full,department,25
25462,full,department,25
25462,full,department,39
25578,full,department,25
26176,full,department,26
26307,full,department,26
26307,full,department,38
27056,full,department,14
27056,full,department,27
27165,full,department,27
27170,full,department,14
27170,full,department,27
27198,full,department,27
27226,full,department,27
27507,full,department,27
27679,full,department,27
27679,full,department,28
28015,full,department,28
28015,full,department,78
28051,full,department,28
28089,full,department,28
28116,full,department,28
28196,full,department,28
28199,full,department,28
28199,full,department,45
28422,full,department,28
29026,full,department,29
29199,full,department,22
29199,full,department,29
29218,full,department,29
29274,full,department,29
29274,full,department,56
2A130,full,department,2A
2B042,full,department,2B
30029,full,department,07
30029,full,department,30
30132,full,department,30
30132,full,department,48
30269,full,department,30
30269,full,department,48
30334,full,department,30
31106,full,department,31
31106,full,department,81
31107,full,department,09
31107,full,department,31
31135,full,department,09
31135,full,department,31
31324,full,department,31
32160,full,department,31
32160,full,department,32
33042,full,department,33
33042,full,department,40
33138,full,department,16
33138,full,department,17
33138,full,department,24
33138,full,department,33
33213,full,department,33
33236,full,department,33
33402,full,department,24
33402,full,department,33
33402,full,department,47
33498,full,department,33
34028,full,department,34
34111,full,department,30
34111,full,department,34
34189,full,department,11
34189,full,department,34
35085,full,department,35
35125,full,department,35
35125,full,department,53
35162,full,department,35
35162,full,department,53
35168,full,department,35
35219,full,department,35
35223,full,department,35
35223,full,department,56
35239,full,department,35
35257,full,department,35
35257,full,department,50
35297,full,department,22
35297,full,department,35
37063,full,department,37
37063,full,department,41
37072,full,department,37
37072,full,department,86
37115,full,department,37
37115,full,department,86
37123,full,department,37
37226,full,department,37
37226,full,department,86
38006,full,department,38
38034,full,department,26
38034,full,department,38
38412,full,department,38
38412,full,department,73
38545,full,department,38
38548,full,department,26
38548,full,department,38
39013,full,department,39
39056,full,department,39
39056,full,department,71
39097,full,department,39
39128,full,department,39
39154,full,department,39
39333,full,department,39
39368,full,department,25
39368,full,department,39
39397,full,department,39
39434,full,department,39
39475,full,department,01
39475,full,department,39
39475,full,department,71
39478,full,department,39
39500,full,department,25
39500,full,department,39
40184,full,department,40
40224,full,department,40
40224,full,department,64
40310,full,department,40
41106,full,department,41
41106,full,department,45
41149,full,department,37
41149,full,department,41
41151,full,department,37
41151,full,department,41
41167,full,department,41
41173,full,department,41
41173,full,department,45
41194,full,department,36
41194,full,department,41
41242,full,department,36
41242,full,department,41
41269,full,department,41
42011,full,department,42
42019,full,department,42
42023,full,department,42
42182,full,department,03
42182,full,department,42
42182,full,department,71
42204,full,department,42
42230,full,department,42
43080,full,department,42
43080,full,department,43
43080,full,department,63
43162,full,department,43
44067,full,department,35
44067,full,department,44
44180,full,department,44
44213,full,department,44
45028,full,department,41
45028,full,department,45
45030,full,department,45
45031,full,department,45
45053,full,department,18
45053,full,department,45
45082,full,department,45
45085,full,department,45
45085,full,department,89
45115,full,department,45
45115,full,department,89
45145,full,department,45
45146,full,department,41
45146,full,department,45
45155,full,department,45
45187,full,department,45
45224,full,department,45
45248,full,department,28
45248,full,department,45
45252,full,department,45
45258,full,department,45
45258,full,department,77
45315,full,department,45
47310,full,department,47
49018,full,department,49
49125,full,department,49
49127,full,department,49
49127,full,department,72
49215,full,department,49
49215,full,department,79
49215,full,department,86
49228,full,department,49
49248,full,department,35
49248,full,department,44
49248,full,department,49
49248,full,department,53
49261,full,department,49
49373,full,department,49
49373,full,department,79
50031,full,department,50
50099,full,department,50
50236,full,department,50
50341,full,department,50
50394,full,department,50
50410,full,department,35
50410,full,department,50
50487,full,department,35
50487,full,department,50
50601,full,department,14
50601,full,department,50
50639,full,department,14
50639,full,department,50
51217,full,department,02
51217,full,department,51
51250,full,department,02
51250,full,department,51
51380,full,department,02
51380,full,department,51
51380,full,department,77
51388,full,department,51
53062,full,department,49
53062,full,department,53
54039,full,department,54
54039,full,department,88
54273,full,department,54
54273,full,department,55
54322,full,department,54
54322,full,department,55
54329,full,department,54
54563,full,department,54
55181,full,department,54
55181,full,department,55
55351,full,department,08
55351,full,department,54
55351,full,department,55
56057,full,department,29
56057,full,department,56
56061,full,department,35
56061,full,department,56
56117,full,department,56
56152,full,department,56
56166,full,department,29
56166,full,department,56
57089,full,department,57
57132,full,department,54
57132,full,department,57
57177,full,department,54
57177,full,department,57
57483,full,department,57
57572,full,department,57
57630,full,department,54
57630,full,department,57
57630,full,department,67
58086,full,department,18
58086,full,department,58
59601,full,department,59
60104,full,department,60
60104,full,department,80
60286,full,department,60
60286,full,department,80
61508,full,department,14
61508,full,department,61
62080,full,department,62
62080,full,department,80
62268,full,department,62
62361,full,department,62
62588,full,department,62
62588,full,department,80
62767,full,department,62
63040,full,department,63
63178,full,department,43
63178,full,department,63
63430,full,department,42
63430,full,department,63
64063,full,department,40
64063,full,department,64
64233,full,department,32
64233,full,department,40
64233,full,department,64
64256,full,department,64
64430,full,department,40
64430,full,department,64
64499,full,department,40
64499,full,department,64
65059,full,department,65
65258,full,department,31
65258,full,department,65
66003,full,department,66
66088,full,department,66
67095,full,department,57
67095,full,department,67
67434,full,department,57
67434,full,department,67
69006,full,department,42
69006,full,department,69
69018,full,department,69
70279,full,department,21
70279,full,department,39
70279,full,department,70
70310,full,department,70
70311,full,department,70
70334,full,department,25
70334,full,department,39
70334,full,department,70
70447,full,department,25
70447,full,department,70
70550,full,department,70
71014,full,department,21
71014,full,department,71
71120,full,department,42
71120,full,department,69
71120,full,department,71
71137,full,department,69
71137,full,department,71
71263,full,department,71
71417,full,department,71
71419,full,department,71
71512,full,department,71
72039,full,department,72
72090,full,department,72
72124,full,department,72
72132,full,department,61
72132,full,department,72
72264,full,department,53
72264,full,department,72
72269,full,department,41
72269,full,department,72
73006,full,department,73
73054,full,department,73
73055,full,department,73
73157,full,department,73
73181,full,department,73
73248,full,department,73
73270,full,department,73
73304,full,department,73
73330,full,department,01
73330,full,department,73
74056,full,department,74
74191,full,department,74
74236,full,department,73
74236,full,department,74
74258,full,department,74
74269,full,department,01
74269,full,department,73
74269,full,department,74
74280,full,department,74
76035,full,department,60
76035,full,department,76
76035,full,department,80
76101,full,department,76
76101,full,department,80
76146,full,department,76
76164,full,department,76
76312,full,department,27
76312,full,department,60
76312,full,department,76
76462,full,department,76
77051,full,department,77
77051,full,department,89
77088,full,department,77
77182,full,department,02
77182,full,department,51
77182,full,department,77
77379,full,department,10
77379,full,department,51
77379,full,department,77
79101,full,department,79
79101,full,department,85
79195,full,department,49
79195,full,department,79
79270,full,department,79
79270,full,department,86
80010,full,department,80
80013,full,department,80
80016,full,department,62
80016,full,department,80
80211,full,department,60
80211,full,department,80
80253,full,department,62
80253,full,department,80
80561,full,department,60
80561,full,department,80
80606,full,department,80
80620,full,department,02
80620,full,department,80
80630,full,department,80
80680,full,department,80
80685,full,department,60
80685,full,department,80
80688,full,department,62
80688,full,department,80
82013,full,department,32
82013,full,department,82
82112,full,department,82
82134,full,department,81
82134,full,department,82
82186,full,department,32
82186,full,department,47
82186,full,department,82
83012,full,department,04
83012,full,department,83
83032,full,department,83
83055,full,department,83
83121,full,department,83
84071,full,department,84
84133,full,department,84
84137,full,department,26
84137,full,department,84
85051,full,department,85
85059,full,department,85
85128,full,department,85
85156,full,department,85
86066,full,department,36
86066,full,department,37
86066,full,department,86
86070,full,department,86
86092,full,department,37
86092,full,department,86
86103,full,department,86
86128,full,department,86
86139,full,department,79
86139,full,department,86
86177,full,department,86
86294,full,department,86
87002,full,department,23
87002,full,department,87
87126,full,department,16
87126,full,department,87
87154,full,department,16
87154,full,department,87
88075,full,department,68
88075,full,department,88
88078,full,department,88
88090,full,department,54
88090,full,department,88
88181,full,department,88
88304,full,department,54
88304,full,department,88
88367,full,department,54
88367,full,department,88
88372,full,department,54
88372,full,department,88
88408,full,department,70
88408,full,department,88
88468,full,department,70
88468,full,department,88
88487,full,department,88
88530,full,department,88
89003,full,department,89
89086,full,department,45
89086,full,department,89
89419,full,department,45
89419,full,department,89
89464,full,department,89
91016,full,department,28
91016,full,department,45
91016,full,department,91
01034,full,epci,EPCI:200040350
01034,full,epci,EPCI:240100883
01093,full,epci,EPCI:200069193
01093,full,epci,EPCI:200070118
01093,full,epci,EPCI:200070555
01185,full,epci,EPCI:200040350
01185,full,epci,EPCI:200042935
01185,full,epci,EPCI:240100883
01305,full,epci,EPCI:200069698
01305,full,epci,EPCI:200070308
01305,full,epci,EPCI:200071371
01305,full,epci,EPCI:200071538
01305,full,epci,EPCI:200071751
01443,full,epci,EPCI:200069193
01443,full,epci,EPCI:240100883
02408,full,epci,EPCI:200040426
02408,full,epci,EPCI:200043495
02408,full,epci,EPCI:200071769
02408,full,epci,EPCI:200071785
02408,full,epci,EPCI:240200444
02408,full,epci,EPCI:240200469
02408,full,epci,EPCI:240200501
02408,full,epci,EPCI:240200576
02408,full,epci,EPCI:240200592
02558,full,epci,EPCI:200030633
02558,full,epci,EPCI:200043263
02558,full,epci,EPCI:200071983
02558,full,epci,EPCI:240200444
02810,full,epci,EPCI:200071991
02810,full,epci,EPCI:200072031
02810,full,epci,EPCI:240200519
02810,full,epci,EPCI:246000871
03118,full,epci,EPCI:200071199
03118,full,epci,EPCI:200071363
03118,full,epci,EPCI:200071389
03118,full,epci,EPCI:200072098
03185,full,epci,EPCI:200049484
03185,full,epci,EPCI:200067544
03185,full,epci,EPCI:200071082
03185,full,epci,EPCI:200071496
03185,full,epci,EPCI:200071512
03185,full,epci,EPCI:240300558
03185,full,epci,EPCI:240300566
03185,full,epci,EPCI:240300657
04094,full,epci,EPCI:200034700
04094,full,epci,EPCI:200040202
04094,full,epci,EPCI:200054807
06033,full,epci,EPCI:200030195
06033,full,epci,EPCI:200039931
06033,full,epci,EPCI:240600585
06099,full,epci,EPCI:200030195
06099,full,epci,EPCI:200039857
06099,full,epci,EPCI:200039931
06099,full,epci,EPCI:200068625
07042,full,epci,EPCI:240700864
07064,full,epci,EPCI:200016905
07064,full,epci,EPCI:200041465
07064,full,epci,EPCI:200071413
07064,full,epci,EPCI:200072007
07064,full,epci,EPCI:200073245
07129,full,epci,EPCI:200016905
07129,full,epci,EPCI:200073096
07186,full,epci,EPCI:200041465
07186,full,epci,EPCI:200071405
07186,full,epci,EPCI:200071413
07186,full,epci,EPCI:240700815
08185,full,epci,EPCI:240800821
08363,full,epci,EPCI:200041622
08363,full,epci,EPCI:200067759
08363,full,epci,EPCI:240800821
09167,full,epci,EPCI:200066223
09167,full,epci,EPCI:200066819
09167,full,epci,EPCI:200068807
10003,full,epci,EPCI:200069250
10003,full,epci,EPCI:241000447
10003,full,epci,EPCI:241000488
10003,full,epci,EPCI:248900664
10268,full,epci,EPCI:200006716
10268,full,epci,EPCI:200037133
10268,full,epci,EPCI:200040251
10268,full,epci,EPCI:241000488
10268,full,epci,EPCI:248900664
10323,full,epci,EPCI:200000545
10323,full,epci,EPCI:200006716
10323,full,epci,EPCI:200066835
10323,full,epci,EPCI:200070126
10323,full,epci,EPCI:241000488
11049,full,epci,EPCI:200035707
11049,full,epci,EPCI:200035715
11203,full,epci,EPCI:200035715
11203,full,epci,EPCI:200035863
11203,full,epci,EPCI:241100593
11206,full,epci,EPCI:200035707
11206,full,epci,EPCI:200035715
11206,full,epci,EPCI:200043776
11206,full,epci,EPCI:200071926
11379,full,epci,EPCI:200035863
11379,full,epci,EPCI:200070365
11379,full,epci,EPCI:241100593
14174,full,epci,EPCI:200035814
14174,full,epci,EPCI:200066710
14174,full,epci,EPCI:200068799
14174,full,epci,EPCI:241400514
14258,full,epci,EPCI:200066710
14258,full,epci,EPCI:200068450
14258,full,epci,EPCI:241400514
14258,full,epci,EPCI:246100390
14371,full,epci,EPCI:200069532
14478,full,epci,EPCI:200066017
14478,full,epci,EPCI:200066413
14478,full,epci,EPCI:200069458
14478,full,epci,EPCI:200069532
14689,full,epci,EPCI:200066710
14689,full,epci,EPCI:241400514
14752,full,epci,EPCI:200066389
14752,full,epci,EPCI:200066801
14752,full,epci,EPCI:200069516
14752,full,epci,EPCI:200069524
16028,full,epci,EPCI:200029734
16028,full,epci,EPCI:200041523
16028,full,epci,EPCI:200070282
16028,full,epci,EPCI:200070514
16090,full,epci,EPCI:200029734
16090,full,epci,EPCI:200070282
16090,full,epci,EPCI:200070514
16167,full,epci,EPCI:200041689
16167,full,epci,EPCI:200070514
16167,full,epci,EPCI:241600303
16366,full,epci,EPCI:200070514
17131,full,epci,EPCI:241700632
17131,full,epci,EPCI:241700640
17218,full,epci,EPCI:200041499
17218,full,epci,EPCI:200073260
17224,full,epci,EPCI:200041689
17224,full,epci,EPCI:200070514
17224,full,epci,EPCI:200072023
17240,full,epci,EPCI:200041523
17240,full,epci,EPCI:243301181
17283,full,epci,EPCI:200036473
17283,full,epci,EPCI:200041523
17434,full,epci,EPCI:200041317
17434,full,epci,EPCI:200041499
17434,full,epci,EPCI:200041614
17434,full,epci,EPCI:200041689
17434,full,epci,EPCI:200041762
18087,full,epci,EPCI:200007177
18087,full,epci,EPCI:241800374
18087,full,epci,EPCI:241800424
18087,full,epci,EPCI:241800507
18109,full,epci,EPCI:200000933
18109,full,epci,EPCI:200066330
18141,full,epci,EPCI:200066330
18141,full,epci,EPCI:200070571
18141,full,epci,EPCI:200090561
18141,full,epci,EPCI:241800507
18207,full,epci,EPCI:200027076
18207,full,epci,EPCI:241800457
18207,full,epci,EPCI:241800507
18223,full,epci,EPCI:200066330
18279,full,epci,EPCI:200018406
18279,full,epci,EPCI:200070571
18279,full,epci,EPCI:200090561
18279,full,epci,EPCI:243600202
18279,full,epci,EPCI:244100806
19153,full,epci,EPCI:200041150
19153,full,epci,EPCI:200043172
19153,full,epci,EPCI:241927243
21038,full,epci,EPCI:200010650
21038,full,epci,EPCI:200070902
21038,full,epci,EPCI:242101509
21317,full,epci,EPCI:200027308
21317,full,epci,EPCI:200036549
21317,full,epci,EPCI:200039063
21317,full,epci,EPCI:200070332
21317,full,epci,EPCI:200070910
21317,full,epci,EPCI:200072825
21317,full,epci,EPCI:242100154
21317,full,epci,EPCI:242101434
21317,full,epci,EPCI:247000623
21416,full,epci,EPCI:200072825
21464,full,epci,EPCI:200070894
22004,full,epci,EPCI:200065928
22004,full,epci,EPCI:200067981
22020,full,epci,EPCI:200038990
22020,full,epci,EPCI:200068989
22020,full,epci,EPCI:200069391
22136,full,epci,EPCI:200066777
22136,full,epci,EPCI:200067460
22136,full,epci,EPCI:245614433
22203,full,epci,EPCI:200069391
22203,full,epci,EPCI:200069409
24294,full,epci,EPCI:200034197
24294,full,epci,EPCI:200035533
24294,full,epci,EPCI:200040384
24294,full,epci,EPCI:200069094
24294,full,epci,EPCI:242400935
24299,full,epci,EPCI:200040095
24299,full,epci,EPCI:200069094
24299,full,epci,EPCI:200070647
24309,full,epci,EPCI:200040095
24309,full,epci,EPCI:200040392
24309,full,epci,EPCI:200069094
24396,full,epci,EPCI:200027217
24396,full,epci,EPCI:200041051
24520,full,epci,EPCI:200027217
24520,full,epci,EPCI:200040830
24520,full,epci,EPCI:200041440
24547,full,epci,EPCI:200041150
24547,full,epci,EPCI:200041168
24547,full,epci,EPCI:200043172
25047,full,epci,EPCI:200041853
25047,full,epci,EPCI:200068294
25047,full,epci,EPCI:242504371
25047,full,epci,EPCI:242504447
25047,full,epci,EPCI:247000714
25356,full,epci,EPCI:200023075
25434,full,epci,EPCI:200068070
25462,full,epci,EPCI:200068070
25462,full,epci,EPCI:200069565
25462,full,epci,EPCI:200069623
25462,full,epci,EPCI:242500320
25462,full,epci,EPCI:242500338
25462,full,epci,EPCI:242504488
25462,full,epci,EPCI:242504496
25578,full,epci,EPCI:200023075
25578,full,epci,EPCI:200068070
25578,full,epci,EPCI:242500320
25578,full,epci,EPCI:242504181
25578,full,epci,EPCI:242504371
26176,full,epci,EPCI:200040459
26176,full,epci,EPCI:242600252
26176,full,epci,EPCI:242600492
26307,full,epci,EPCI:200067767
26307,full,epci,EPCI:200068781
26307,full,epci,EPCI:200070431
27056,full,epci,EPCI:200066017
27056,full,epci,EPCI:200066413
27056,full,epci,EPCI:200066462
27056,full,epci,EPCI:200069532
27165,full,epci,EPCI:200066413
27165,full,epci,EPCI:242700276
27170,full,epci,EPCI:200066017
27170,full,epci,EPCI:241400878
27198,full,epci,EPCI:200066462
27198,full,epci,EPCI:200071454
27226,full,epci,EPCI:200071843
27507,full,epci,EPCI:200071454
27679,full,epci,EPCI:200040277
27679,full,epci,EPCI:200066462
27679,full,epci,EPCI:200069912
28015,full,epci,EPCI:200033181
28015,full,epci,EPCI:200069953
28015,full,epci,EPCI:200070159
28015,full,epci,EPCI:200073344
28051,full,epci,EPCI:200033181
28051,full,epci,EPCI:200070159
28051,full,epci,EPCI:242852465
28089,full,epci,EPCI:200033181
28089,full,epci,EPCI:200040277
28089,full,epci,EPCI:200069912
28116,full,epci,EPCI:200033181
28116,full,epci,EPCI:200058360
28196,full,epci,EPCI:200033181
28196,full,epci,EPCI:200058360
28196,full,epci,EPCI:200070167
28196,full,epci,EPCI:242852465
28199,full,epci,EPCI:200035764
28199,full,epci,EPCI:200070159
28199,full,epci,EPCI:244500542
28422,full,epci,EPCI:200033181
28422,full,epci,EPCI:200070159
28422,full,epci,EPCI:242852465
29026,full,epci,EPCI:200066868
29026,full,epci,EPCI:200067197
29026,full,epci,EPCI:200067247
29026,full,epci,EPCI:200068120
29199,full,epci,EPCI:200065928
29199,full,epci,EPCI:200067197
29199,full,epci,EPCI:200067981
29199,full,epci,EPCI:242900835
29218,full,epci,EPCI:242900629
29274,full,epci,EPCI:242900694
29274,full,epci,EPCI:245614417
2A130,full,epci,EPCI:200038958
2B042,full,epci,EPCI:200036499
2B042,full,epci,EPCI:200073138
2B042,full,epci,EPCI:200073252
30029,full,epci,EPCI:200034692
30029,full,epci,EPCI:200035129
30029,full,epci,EPCI:200039808
30132,full,epci,EPCI:200066918
30132,full,epci,EPCI:200069128
30132,full,epci,EPCI:200069136
30269,full,epci,EPCI:200034601
30269,full,epci,EPCI:200066918
30269,full,epci,EPCI:200069136
30334,full,epci,EPCI:200034379
30334,full,epci,EPCI:243000684
31106,full,epci,EPCI:200034023
31106,full,epci,EPCI:200071298
31106,full,epci,EPCI:243100567
31106,full,epci,EPCI:248100158
31107,full,epci,EPCI:200066223
31107,full,epci,EPCI:200066819
31107,full,epci,EPCI:200067940
31107,full,epci,EPCI:200068815
31135,full,epci,EPCI:200066819
31135,full,epci,EPCI:200067940
31135,full,epci,EPCI:200068815
31135,full,epci,EPCI:200072643
31324,full,epci,EPCI:200068815
31324,full,epci,EPCI:200072643
31324,full,epci,EPCI:200073146
32160,full,epci,EPCI:200023620
32160,full,epci,EPCI:200034726
32160,full,epci,EPCI:200071314
32160,full,epci,EPCI:243100781
33042,full,epci,EPCI:200043974
33042,full,epci,EPCI:200069656
33042,full,epci,EPCI:243301405
33138,full,epci,EPCI:200035533
33138,full,epci,EPCI:200041523
33138,full,epci,EPCI:200070092
33138,full,epci,EPCI:200070282
33138,full,epci,EPCI:242400935
33213,full,epci,EPCI:200069581
33213,full,epci,EPCI:243301264
33236,full,epci,EPCI:243301389
33236,full,epci,EPCI:243301504
33402,full,epci,EPCI:200034197
33402,full,epci,EPCI:200070647
33402,full,epci,EPCI:243301371
33402,full,epci,EPCI:244700449
33498,full,epci,EPCI:243301405
34028,full,epci,EPCI:200042646
34028,full,epci,EPCI:200066553
34028,full,epci,EPCI:200071058
34111,full,epci,EPCI:200022986
34111,full,epci,EPCI:243000270
34111,full,epci,EPCI:243400736
34189,full,epci,EPCI:200035715
34189,full,epci,EPCI:200035863
34189,full,epci,EPCI:200066348
35085,full,epci,EPCI:200070670
35085,full,epci,EPCI:200070688
35085,full,epci,EPCI:243500733
35125,full,epci,EPCI:200039022
35125,full,epci,EPCI:200048551
35125,full,epci,EPCI:243500634
35162,full,epci,EPCI:200072452
35162,full,epci,EPCI:245300389
35168,full,epci,EPCI:200043990
35219,full,epci,EPCI:243500741
35223,full,epci,EPCI:200066785
35223,full,epci,EPCI:243500618
35239,full,epci,EPCI:200070662
35239,full,epci,EPCI:243500634
35257,full,epci,EPCI:200069425
35257,full,epci,EPCI:200070688
35257,full,epci,EPCI:200072452
35297,full,epci,EPCI:200038990
35297,full,epci,EPCI:200067460
37063,full,epci,EPCI:200030385
37063,full,epci,EPCI:200043065
37063,full,epci,EPCI:200072072
37063,full,epci,EPCI:243700499
37072,full,epci,EPCI:200043081
37072,full,epci,EPCI:200072668
37072,full,epci,EPCI:248600447
37115,full,epci,EPCI:200071587
37115,full,epci,EPCI:248600413
37123,full,epci,EPCI:200072650
37123,full,epci,EPCI:200072981
37123,full,epci,EPCI:243700754
37226,full,epci,EPCI:200071587
37226,full,epci,EPCI:200072650
37226,full,epci,EPCI:200072668
37226,full,epci,EPCI:248600413
38006,full,epci,EPCI:200018166
38034,full,epci,EPCI:200040491
38034,full,epci,EPCI:200059392
38034,full,epci,EPCI:200068781
38034,full,epci,EPCI:200085751
38412,full,epci,EPCI:200040111
38545,full,epci,EPCI:200030658
38545,full,epci,EPCI:200040715
38548,full,epci,EPCI:200067767
38548,full,epci,EPCI:200070431
38548,full,epci,EPCI:243801024
39013,full,epci,EPCI:200071595
39056,full,epci,EPCI:200042414
39056,full,epci,EPCI:200069615
39056,full,epci,EPCI:247100647
39097,full,epci,EPCI:200069623
39097,full,epci,EPCI:200090579
39128,full,epci,EPCI:200010650
39128,full,epci,EPCI:200069615
39128,full,epci,EPCI:243901089
39154,full,epci,EPCI:200090579
39333,full,epci,EPCI:200090579
39368,full,epci,EPCI:200069565
39368,full,epci,EPCI:243900479
39397,full,epci,EPCI:200090579
39434,full,epci,EPCI:200069615
39434,full,epci,EPCI:200071595
39475,full,epci,EPCI:200071579
39475,full,epci,EPCI:200071751
39475,full,epci,EPCI:200072056
39475,full,epci,EPCI:200090579
39478,full,epci,EPCI:200026573
39478,full,epci,EPCI:200090579
39478,full,epci,EPCI:243900354
39478,full,epci,EPCI:243900479
39478,full,epci,EPCI:243900610
39500,full,epci,EPCI:200068070
39500,full,epci,EPCI:200069623
39500,full,epci,EPCI:200071595
39500,full,epci,EPCI:242504488
39500,full,epci,EPCI:243900420
40184,full,epci,EPCI:244000543
40184,full,epci,EPCI:244000857
40184,full,epci,EPCI:244000873
40224,full,epci,EPCI:200067106
40224,full,epci,EPCI:200067288
40224,full,epci,EPCI:200069417
40224,full,epci,EPCI:244000865
40310,full,epci,EPCI:244000857
40310,full,epci,EPCI:244000865
41106,full,epci,EPCI:200000800
41106,full,epci,EPCI:200005932
41106,full,epci,EPCI:244100780
41106,full,epci,EPCI:244100806
41149,full,epci,EPCI:200072072
41149,full,epci,EPCI:243700499
41151,full,epci,EPCI:200072064
41151,full,epci,EPCI:243700820
41167,full,epci,EPCI:200030385
41173,full,epci,EPCI:200055481
41173,full,epci,EPCI:200070183
41194,full,epci,EPCI:200018406
41194,full,epci,EPCI:200072064
41194,full,epci,EPCI:243600202
41194,full,epci,EPCI:244100780
41242,full,epci,EPCI:200018406
41242,full,epci,EPCI:200040558
41242,full,epci,EPCI:200072064
41242,full,epci,EPCI:243600202
41269,full,epci,EPCI:200040772
41269,full,epci,EPCI:200055481
41269,full,epci,EPCI:200072072
42011,full,epci,EPCI:200065886
42011,full,epci,EPCI:200065894
42011,full,epci,EPCI:244200614
42011,full,epci,EPCI:244200630
42019,full,epci,EPCI:200065886
42023,full,epci,EPCI:244200622
42182,full,epci,EPCI:200035731
42182,full,epci,EPCI:200071363
42182,full,epci,EPCI:240300491
42182,full,epci,EPCI:247100639
42204,full,epci,EPCI:200065886
42204,full,epci,EPCI:244200770
42230,full,epci,EPCI:200065886
42230,full,epci,EPCI:244200614
42230,full,epci,EPCI:244200820
43080,full,epci,EPCI:200065886
43080,full,epci,EPCI:200070761
43080,full,epci,EPCI:200073393
43080,full,epci,EPCI:200073419
43080,full,epci,EPCI:200073427
43162,full,epci,EPCI:200073419
43162,full,epci,EPCI:200073427
43162,full,epci,EPCI:244301016
44067,full,epci,EPCI:243500741
44180,full,epci,EPCI:200072726
44180,full,epci,EPCI:244400552
44213,full,epci,EPCI:244400552
45028,full,epci,EPCI:200055481
45028,full,epci,EPCI:200070183
45028,full,epci,EPCI:244100798
45030,full,epci,EPCI:200067676
45030,full,epci,EPCI:200071850
45030,full,epci,EPCI:244500419
45031,full,epci,EPCI:200067676
45053,full,epci,EPCI:200068278
45053,full,epci,EPCI:200069227
45082,full,epci,EPCI:200070100
45082,full,epci,EPCI:244500427
45085,full,epci,EPCI:200067130
45085,full,epci,EPCI:200067676
45085,full,epci,EPCI:200068278
45085,full,epci,EPCI:244500203
45085,full,epci,EPCI:244500211
45115,full,epci,EPCI:200067668
45115,full,epci,EPCI:244500419
45115,full,epci,EPCI:248900748
45145,full,epci,EPCI:200067668
45145,full,epci,EPCI:244500419
45146,full,epci,EPCI:200005932
45146,full,epci,EPCI:244100780
45155,full,epci,EPCI:200068278
45155,full,epci,EPCI:200070100
45155,full,epci,EPCI:244500211
45187,full,epci,EPCI:200067676
45187,full,epci,EPCI:244500211
45224,full,epci,EPCI:200035764
45224,full,epci,EPCI:200066280
45224,full,epci,EPCI:244500484
45224,full,epci,EPCI:244500542
45248,full,epci,EPCI:200035764
45248,full,epci,EPCI:200070159
45252,full,epci,EPCI:200066280
45252,full,epci,EPCI:200071850
45252,full,epci,EPCI:244500542
45258,full,epci,EPCI:200023240
45258,full,epci,EPCI:200023919
45258,full,epci,EPCI:200071850
45315,full,epci,EPCI:200070100
45315,full,epci,EPCI:244500427
47310,full,epci,EPCI:200030674
47310,full,epci,EPCI:200068922
47310,full,epci,EPCI:244701405
49018,full,epci,EPCI:200068955
49018,full,epci,EPCI:200071876
49018,full,epci,EPCI:244900882
49125,full,epci,EPCI:200071876
49127,full,epci,EPCI:200068955
49127,full,epci,EPCI:247200348
49215,full,epci,EPCI:200071876
49215,full,epci,EPCI:247900798
49215,full,epci,EPCI:248600447
49228,full,epci,EPCI:200071876
49228,full,epci,EPCI:244900882
49248,full,epci,EPCI:200048551
49248,full,epci,EPCI:200072726
49248,full,epci,EPCI:243500634
49248,full,epci,EPCI:244900809
49261,full,epci,EPCI:200071876
49373,full,epci,EPCI:200040244
49373,full,epci,EPCI:200071553
49373,full,epci,EPCI:200071678
50031,full,epci,EPCI:200067205
50099,full,epci,EPCI:200042729
50099,full,epci,EPCI:200066389
50099,full,epci,EPCI:200067031
50236,full,epci,EPCI:200042729
50236,full,epci,EPCI:200067031
50236,full,epci,EPCI:200067205
50341,full,epci,EPCI:200067205
50394,full,epci,EPCI:200067023
50394,full,epci,EPCI:200067031
50410,full,epci,EPCI:200069425
50410,full,epci,EPCI:200070670
50487,full,epci,EPCI:200069425
50487,full,epci,EPCI:200072452
50601,full,epci,EPCI:200066389
50601,full,epci,EPCI:200068799
50639,full,epci,EPCI:200042604
50639,full,epci,EPCI:200043354
50639,full,epci,EPCI:200066389
50639,full,epci,EPCI:200067023
50639,full,epci,EPCI:200068799
50639,full,epci,EPCI:200069425
51217,full,epci,EPCI:200066850
51217,full,epci,EPCI:200067213
51217,full,epci,EPCI:200072031
51217,full,epci,EPCI:245100888
51250,full,epci,EPCI:200067213
51250,full,epci,EPCI:200072031
51250,full,epci,EPCI:240200501
51250,full,epci,EPCI:240200576
51250,full,epci,EPCI:240200592
51380,full,epci,EPCI:200066850
51380,full,epci,EPCI:200072031
51380,full,epci,EPCI:200072544
51380,full,epci,EPCI:240200584
51380,full,epci,EPCI:245100888
51388,full,epci,EPCI:200066876
51388,full,epci,EPCI:200067213
53062,full,epci,EPCI:200048551
53062,full,epci,EPCI:200071868
53062,full,epci,EPCI:245300223
53062,full,epci,EPCI:245300447
54039,full,epci,EPCI:200005957
54039,full,epci,EPCI:200069433
54039,full,epci,EPCI:200070324
54273,full,epci,EPCI:200034874
54273,full,epci,EPCI:200070738
54273,full,epci,EPCI:200070845
54273,full,epci,EPCI:245501176
54273,full,epci,EPCI:245501242
54322,full,epci,EPCI:200043693
54322,full,epci,EPCI:200066173
54322,full,epci,EPCI:200070290
54322,full,epci,EPCI:245501259
54329,full,epci,EPCI:200067643
54329,full,epci,EPCI:200069433
54329,full,epci,EPCI:200070324
54329,full,epci,EPCI:245400759
54563,full,epci,EPCI:200035772
54563,full,epci,EPCI:245400171
54563,full,epci,EPCI:245400510
55181,full,epci,EPCI:200066173
55181,full,epci,EPCI:200070845
55181,full,epci,EPCI:245501242
55351,full,epci,EPCI:200043693
55351,full,epci,EPCI:240800847
55351,full,epci,EPCI:245501259
56057,full,epci,EPCI:242900694
56057,full,epci,EPCI:245614417
56061,full,epci,EPCI:200066785
56061,full,epci,EPCI:243500741
56117,full,epci,EPCI:200066777
56117,full,epci,EPCI:200067932
56117,full,epci,EPCI:200096683
56117,full,epci,EPCI:245614433
56152,full,epci,EPCI:245600465
56166,full,epci,EPCI:200042174
56166,full,epci,EPCI:200096675
56166,full,epci,EPCI:242900694
56166,full,epci,EPCI:245614417
56166,full,epci,EPCI:245614433
57089,full,epci,EPCI:200069441
57132,full,epci,EPCI:200039907
57132,full,epci,EPCI:245400759
57132,full,epci,EPCI:245701206
57177,full,epci,EPCI:200068146
57177,full,epci,EPCI:200069433
57177,full,epci,EPCI:245701206
57483,full,epci,EPCI:200067502
57483,full,epci,EPCI:200070746
57483,full,epci,EPCI:245700133
57483,full,epci,EPCI:245701206
57572,full,epci,EPCI:200039907
57572,full,epci,EPCI:200067957
57572,full,epci,EPCI:245700133
57572,full,epci,EPCI:245701206
57630,full,epci,EPCI:200067841
57630,full,epci,EPCI:200068146
57630,full,epci,EPCI:200069433
57630,full,epci,EPCI:245700950
57630,full,epci,EPCI:245701206
58086,full,epci,EPCI:200032514
58086,full,epci,EPCI:200066330
58086,full,epci,EPCI:200067130
58086,full,epci,EPCI:200067916
58086,full,epci,EPCI:200068088
58086,full,epci,EPCI:200069227
59601,full,epci,EPCI:200043404
60104,full,epci,EPCI:200067999
60104,full,epci,EPCI:200068005
60104,full,epci,EPCI:200070969
60286,full,epci,EPCI:200071181
60286,full,epci,EPCI:246000848
61508,full,epci,EPCI:200069458
61508,full,epci,EPCI:200069532
62080,full,epci,EPCI:200035442
62080,full,epci,EPCI:200037059
62080,full,epci,EPCI:200044048
62080,full,epci,EPCI:248000747
62268,full,epci,EPCI:200018083
62268,full,epci,EPCI:200069235
62268,full,epci,EPCI:246201016
62361,full,epci,EPCI:200069482
62361,full,epci,EPCI:200069672
62588,full,epci,EPCI:200044030
62588,full,epci,EPCI:200069029
62588,full,epci,EPCI:200069235
62588,full,epci,EPCI:200070936
62767,full,epci,EPCI:200069235
62767,full,epci,EPCI:200069482
62767,full,epci,EPCI:200069672
63040,full,epci,EPCI:200067627
63040,full,epci,EPCI:200069177
63040,full,epci,EPCI:246301097
63178,full,epci,EPCI:200069177
63178,full,epci,EPCI:200070407
63178,full,epci,EPCI:200070761
63178,full,epci,EPCI:200085728
63178,full,epci,EPCI:244301099
63430,full,epci,EPCI:200065886
63430,full,epci,EPCI:200070712
63430,full,epci,EPCI:200071199
63430,full,epci,EPCI:244200820
63430,full,epci,EPCI:246301097
64063,full,epci,EPCI:200067239
64063,full,epci,EPCI:200069649
64233,full,epci,EPCI:200030435
64233,full,epci,EPCI:200035632
64233,full,epci,EPCI:200067239
64233,full,epci,EPCI:200067296
64233,full,epci,EPCI:200069649
64256,full,epci,EPCI:200067106
64430,full,epci,EPCI:200039204
64430,full,epci,EPCI:200067239
64430,full,epci,EPCI:200069417
64430,full,epci,EPCI:200069631
64430,full,epci,EPCI:200069649
64430,full,epci,EPCI:244000881
64499,full,epci,EPCI:200039204
64499,full,epci,EPCI:200067106
64499,full,epci,EPCI:200067288
64499,full,epci,EPCI:200069417
65059,full,epci,EPCI:200069300
65059,full,epci,EPCI:200070787
65059,full,epci,EPCI:200070803
65059,full,epci,EPCI:246500482
65258,full,epci,EPCI:200070787
65258,full,epci,EPCI:200070795
65258,full,epci,EPCI:200070803
65258,full,epci,EPCI:200070829
65258,full,epci,EPCI:200072643
66003,full,epci,EPCI:246600415
66003,full,epci,EPCI:246600548
66088,full,epci,EPCI:200027183
66088,full,epci,EPCI:200049211
66088,full,epci,EPCI:246600415
66088,full,epci,EPCI:246600423
67095,full,epci,EPCI:200067783
67095,full,epci,EPCI:200067841
67095,full,epci,EPCI:200068146
67095,full,epci,EPCI:200069441
67434,full,epci,EPCI:200067841
67434,full,epci,EPCI:245701206
69006,full,epci,EPCI:200040566
69006,full,epci,EPCI:200040590
69006,full,epci,EPCI:244200630
69018,full,epci,EPCI:200040566
69018,full,epci,EPCI:200067817
70279,full,epci,EPCI:200036549
70279,full,epci,EPCI:200041887
70279,full,epci,EPCI:200072825
70279,full,epci,EPCI:243900560
70279,full,epci,EPCI:247000623
70310,full,epci,EPCI:200041861
70310,full,epci,EPCI:247000664
70310,full,epci,EPCI:247000714
70310,full,epci,EPCI:247000821
70310,full,epci,EPCI:247000854
70311,full,epci,EPCI:200041721
70311,full,epci,EPCI:200041861
70311,full,epci,EPCI:200041879
70311,full,epci,EPCI:247000755
70311,full,epci,EPCI:247000854
70334,full,epci,EPCI:200041887
70334,full,epci,EPCI:243900560
70334,full,epci,EPCI:247000698
70447,full,epci,EPCI:200041853
70447,full,epci,EPCI:200068294
70447,full,epci,EPCI:242504447
70447,full,epci,EPCI:247000706
70550,full,epci,EPCI:200041853
70550,full,epci,EPCI:200041861
70550,full,epci,EPCI:200041879
70550,full,epci,EPCI:247000011
70550,full,epci,EPCI:247000367
70550,full,epci,EPCI:247000623
70550,full,epci,EPCI:247000698
70550,full,epci,EPCI:247000714
71014,full,epci,EPCI:200006682
71014,full,epci,EPCI:200070530
71014,full,epci,EPCI:200071173
71120,full,epci,EPCI:200035202
71120,full,epci,EPCI:200040566
71120,full,epci,EPCI:200067817
71120,full,epci,EPCI:200070548
71137,full,epci,EPCI:200040293
71137,full,epci,EPCI:200067817
71137,full,epci,EPCI:200069698
71137,full,epci,EPCI:200070308
71137,full,epci,EPCI:200071645
71137,full,epci,EPCI:247103765
71263,full,epci,EPCI:200071538
71263,full,epci,EPCI:200071579
71417,full,epci,EPCI:247103765
71417,full,epci,EPCI:247104094
71419,full,epci,EPCI:200042414
71419,full,epci,EPCI:200071538
71419,full,epci,EPCI:200071579
71419,full,epci,EPCI:247100647
71512,full,epci,EPCI:247103765
72039,full,epci,EPCI:200072676
72039,full,epci,EPCI:200072684
72039,full,epci,EPCI:247200686
72090,full,epci,EPCI:200072684
72090,full,epci,EPCI:200072692
72090,full,epci,EPCI:247200686
72124,full,epci,EPCI:200073112
72124,full,epci,EPCI:247200421
72124,full,epci,EPCI:247200447
72132,full,epci,EPCI:200071504
72132,full,epci,EPCI:247200686
72264,full,epci,EPCI:200040475
72264,full,epci,EPCI:245300223
72264,full,epci,EPCI:245300447
72264,full,epci,EPCI:247200090
72269,full,epci,EPCI:200072072
72269,full,epci,EPCI:200072684
72269,full,epci,EPCI:200072692
72269,full,epci,EPCI:244100293
73006,full,epci,EPCI:247300817
73054,full,epci,EPCI:247300254
73054,full,epci,EPCI:247300817
73055,full,epci,EPCI:200040798
73157,full,epci,EPCI:200070340
73181,full,epci,EPCI:200023299
73181,full,epci,EPCI:200040798
73181,full,epci,EPCI:247300015
73248,full,epci,EPCI:200070464
73248,full,epci,EPCI:247300361
73248,full,epci,EPCI:247300452
73248,full,epci,EPCI:247300676
73270,full,epci,EPCI:200041010
73270,full,epci,EPCI:200069110
73270,full,epci,EPCI:247300676
73304,full,epci,EPCI:247300254
73330,full,epci,EPCI:200040350
73330,full,epci,EPCI:200068674
73330,full,epci,EPCI:247300262
74056,full,epci,EPCI:200023372
74191,full,epci,EPCI:247400682
74236,full,epci,EPCI:200034882
74236,full,epci,EPCI:200068997
74258,full,epci,EPCI:200034098
74269,full,epci,EPCI:200068674
74269,full,epci,EPCI:200070852
74269,full,epci,EPCI:240100891
74280,full,epci,EPCI:247400617
76035,full,epci,EPCI:200069722
76035,full,epci,EPCI:200070068
76035,full,epci,EPCI:200071181
76035,full,epci,EPCI:246000848
76101,full,epci,EPCI:200069722
76101,full,epci,EPCI:200070068
76101,full,epci,EPCI:200071181
76101,full,epci,EPCI:247600604
76146,full,epci,EPCI:200069730
76146,full,epci,EPCI:200070068
76146,full,epci,EPCI:200070449
76164,full,epci,EPCI:200010700
76312,full,epci,EPCI:200069730
76312,full,epci,EPCI:200070142
76312,full,epci,EPCI:200071843
76312,full,epci,EPCI:246000848
76312,full,epci,EPCI:246000913
76462,full,epci,EPCI:200070068
76462,full,epci,EPCI:247600604
76462,full,epci,EPCI:247600729
77051,full,epci,EPCI:200040251
77051,full,epci,EPCI:248900896
77088,full,epci,EPCI:200023240
77088,full,epci,EPCI:200072346
77182,full,epci,EPCI:200037133
77182,full,epci,EPCI:200066835
77182,full,epci,EPCI:200072544
77182,full,epci,EPCI:200090504
77182,full,epci,EPCI:240200584
77379,full,epci,EPCI:200006716
77379,full,epci,EPCI:200037133
77379,full,epci,EPCI:200040251
77379,full,epci,EPCI:200066835
79101,full,epci,EPCI:200069748
79101,full,epci,EPCI:200071934
79101,full,epci,EPCI:248500415
79101,full,epci,EPCI:248500563
79195,full,epci,EPCI:200040244
79195,full,epci,EPCI:200071678
79270,full,epci,EPCI:200041333
79270,full,epci,EPCI:200041994
79270,full,epci,EPCI:200069748
79270,full,epci,EPCI:200069755
79270,full,epci,EPCI:200069854
80010,full,epci,EPCI:200070969
80010,full,epci,EPCI:248000531
80013,full,epci,EPCI:200070936
80013,full,epci,EPCI:200070993
80013,full,epci,EPCI:200071181
80016,full,epci,EPCI:200035442
80016,full,epci,EPCI:200037059
80016,full,epci,EPCI:200070928
80016,full,epci,EPCI:200070951
80016,full,epci,EPCI:248000499
80016,full,epci,EPCI:248000747
80211,full,epci,EPCI:200068005
80211,full,epci,EPCI:200070969
80211,full,epci,EPCI:200071181
80211,full,epci,EPCI:246000848
80253,full,epci,EPCI:200035442
80253,full,epci,EPCI:200069482
80253,full,epci,EPCI:200070936
80253,full,epci,EPCI:200070951
80253,full,epci,EPCI:200071223
80253,full,epci,EPCI:248000747
80561,full,epci,EPCI:200068005
80561,full,epci,EPCI:200070977
80561,full,epci,EPCI:246000566
80561,full,epci,EPCI:246000855
80606,full,epci,EPCI:200069722
80606,full,epci,EPCI:200070944
80606,full,epci,EPCI:200070993
80606,full,epci,EPCI:200071181
80620,full,epci,EPCI:200037059
80620,full,epci,EPCI:200070928
80620,full,epci,EPCI:200070985
80620,full,epci,EPCI:240200493
80620,full,epci,EPCI:248000747
80630,full,epci,EPCI:200071181
80680,full,epci,EPCI:200070928
80680,full,epci,EPCI:200070969
80680,full,epci,EPCI:200070977
80680,full,epci,EPCI:200070985
80680,full,epci,EPCI:248000499
80685,full,epci,EPCI:200070928
80685,full,epci,EPCI:200070977
80685,full,epci,EPCI:200070985
80685,full,epci,EPCI:246000855
80688,full,epci,EPCI:200069029
80688,full,epci,EPCI:200070936
82013,full,epci,EPCI:200034726
82013,full,epci,EPCI:200066322
82013,full,epci,EPCI:200066652
82013,full,epci,EPCI:248200065
82112,full,epci,EPCI:200040418
82112,full,epci,EPCI:200066322
82112,full,epci,EPCI:248200016
82134,full,epci,EPCI:200034064
82134,full,epci,EPCI:200066124
82134,full,epci,EPCI:200066884
82186,full,epci,EPCI:200040418
82186,full,epci,EPCI:200096956
82186,full,epci,EPCI:243200391
82186,full,epci,EPCI:248200016
82186,full,epci,EPCI:248200065
83012,full,epci,EPCI:200034700
83012,full,epci,EPCI:200040202
83012,full,epci,EPCI:200040210
83012,full,epci,EPCI:200068104
83032,full,epci,EPCI:200068104
83055,full,epci,EPCI:200004802
83121,full,epci,EPCI:200040210
83121,full,epci,EPCI:248300493
84071,full,epci,EPCI:200040442
84071,full,epci,EPCI:200040624
84133,full,epci,EPCI:248400285
84137,full,epci,EPCI:200068229
84137,full,epci,EPCI:248400053
84137,full,epci,EPCI:248400335
85051,full,epci,EPCI:200071934
85051,full,epci,EPCI:200073260
85051,full,epci,EPCI:248500340
85051,full,epci,EPCI:248500415
85059,full,epci,EPCI:200071934
85059,full,epci,EPCI:248500415
85059,full,epci,EPCI:248500464
85128,full,epci,EPCI:200071900
85128,full,epci,EPCI:200071934
85128,full,epci,EPCI:200073260
85156,full,epci,EPCI:200071900
85156,full,epci,EPCI:200073260
86066,full,epci,EPCI:200069854
86066,full,epci,EPCI:200071587
86066,full,epci,EPCI:200072668
86066,full,epci,EPCI:243600343
86066,full,epci,EPCI:248600413
86070,full,epci,EPCI:200069854
86070,full,epci,EPCI:200070043
86070,full,epci,EPCI:248600413
86092,full,epci,EPCI:200072668
86092,full,epci,EPCI:248600413
86103,full,epci,EPCI:200043628
86103,full,epci,EPCI:200070035
86103,full,epci,EPCI:200070043
86128,full,epci,EPCI:248600413
86128,full,epci,EPCI:248600447
86139,full,epci,EPCI:200041994
86139,full,epci,EPCI:200069854
86177,full,epci,EPCI:200069763
86177,full,epci,EPCI:248600447
86294,full,epci,EPCI:200069763
87002,full,epci,EPCI:200066512
87002,full,epci,EPCI:242320000
87002,full,epci,EPCI:248719361
87126,full,epci,EPCI:200059400
87126,full,epci,EPCI:200066520
87126,full,epci,EPCI:200072049
87154,full,epci,EPCI:200059400
87154,full,epci,EPCI:200071942
87154,full,epci,EPCI:200072049
88075,full,epci,EPCI:200096634
88075,full,epci,EPCI:246800205
88078,full,epci,EPCI:200042000
88078,full,epci,EPCI:200071066
88078,full,epci,EPCI:200096642
88090,full,epci,EPCI:200035772
88090,full,epci,EPCI:200067643
88090,full,epci,EPCI:200068369
88090,full,epci,EPCI:200068757
88181,full,epci,EPCI:200071066
88304,full,epci,EPCI:200035772
88304,full,epci,EPCI:200068369
88304,full,epci,EPCI:200068682
88304,full,epci,EPCI:200068773
88304,full,epci,EPCI:245400510
88367,full,epci,EPCI:200005957
88367,full,epci,EPCI:200042000
88367,full,epci,EPCI:200067643
88367,full,epci,EPCI:200068757
88367,full,epci,EPCI:200070324
88372,full,epci,EPCI:200069433
88372,full,epci,EPCI:200070324
88372,full,epci,EPCI:200071066
88408,full,epci,EPCI:200033868
88408,full,epci,EPCI:247000854
88468,full,epci,EPCI:200033868
88468,full,epci,EPCI:247000854
88487,full,epci,EPCI:200068377
88530,full,epci,EPCI:200068377
88530,full,epci,EPCI:200068757
88530,full,epci,EPCI:200068773
89003,full,epci,EPCI:248900524
89086,full,epci,EPCI:200067130
89086,full,epci,EPCI:200067668
89086,full,epci,EPCI:200067676
89086,full,epci,EPCI:248900938
89419,full,epci,EPCI:200067130
89419,full,epci,EPCI:200068278
89419,full,epci,EPCI:248900524
89464,full,epci,EPCI:248900334
89464,full,epci,EPCI:248900748
89464,full,epci,EPCI:248900938
91016,full,epci,EPCI:200017846
91016,full,epci,EPCI:200066280
91016,full,epci,EPCI:200069953
91016,full,epci,EPCI:200070159
91016,full,epci,EPCI:244500542
01034,selected,department,01
01093,selected,department,01
01185,selected,department,01
01305,selected,department,01
01305,selected,department,71
01443,selected,department,01
02408,selected,department,02
02558,selected,department,59
02810,selected,department,02
02810,selected,department,60
03118,selected,department,03
03118,selected,department,63
03185,selected,department,03
04094,selected,department,13
04094,selected,department,83
06033,selected,department,06
06099,selected,department,06
07042,selected,department,07
07064,selected,department,07
07129,selected,department,07
07186,selected,department,07
08185,selected,department,08
08363,selected,department,08
09167,selected,department,31
10003,selected,department,10
10268,selected,department,77
10323,selected,department,10
11049,selected,department,11
11203,selected,department,11
11206,selected,department,11
11379,selected,department,11
14174,selected,department,14
14174,selected,department,61
14258,selected,department,14
14371,selected,department,14
14478,selected,department,14
14689,selected,department,14
14752,selected,department,14
14752,selected,department,50
16028,selected,department,16
16090,selected,department,16
16167,selected,department,16
16366,selected,department,16
17131,selected,department,17
17218,selected,department,17
17224,selected,department,16
17240,selected,department,33
17283,selected,department,17
17434,selected,department,17
17434,selected,department,79
18087,selected,department,18
18109,selected,department,18
18141,selected,department,18
18207,selected,department,18
18223,selected,department,18
18279,selected,department,18
18279,selected,department,41
19153,selected,department,19
21038,selected,department,21
21038,selected,department,39
21317,selected,department,21
21416,selected,department,21
21464,selected,department,21
22004,selected,department,22
22020,selected,department,22
22020,selected,department,35
22136,selected,department,56
22203,selected,department,22
24294,selected,department,33
24299,selected,department,24
24309,selected,department,24
24396,selected,department,24
24520,selected,department,24
24547,selected,department,19
25047,selected,department,25
25356,selected,department,25
25434,selected,department,25
25462,selected,department,25
25578,selected,department,25
26176,selected,department,26
26307,selected,department,26
26307,selected,department,38
27056,selected,department,14
27165,selected,department,27
27170,selected,department,14
27198,selected,department,27
27226,selected,department,27
27507,selected,department,27
27679,selected,department,28
28015,selected,department,28
28015,selected,department,78
28051,selected,department,28
28089,selected,department,28
28116,selected,department,28
28196,selected,department,28
28199,selected,department,28
28199,selected,department,45
28422,selected,department,28
29026,selected,department,29
29199,selected,department,29
29218,selected,department,29
29274,selected,department,29
2A130,selected,department,2A
2B042,selected,department,2B
30029,selected,department,30
30132,selected,department,30
30269,selected,department,30
30334,selected,department,30
31106,selected,department,31
31107,selected,department,31
31135,selected,department,31
31324,selected,department,31
32160,selected,department,31
33042,selected,department,33
33138,selected,department,33
33213,selected,department,33
33236,selected,department,33
33402,selected,department,24
33402,selected,department,33
33498,selected,department,33
34028,selected,department,34
34111,selected,department,34
34189,selected,department,11
35085,selected,department,35
35125,selected,department,35
35162,selected,department,35
35168,selected,department,35
35219,selected,department,35
35223,selected,department,35
35239,selected,department,35
35257,selected,department,35
35297,selected,department,35
37063,selected,department,37
37063,selected,department,41
37072,selected,department,37
37115,selected,department,86
37123,selected,department,37
37226,selected,department,37
37226,selected,department,86
38006,selected,department,38
38034,selected,department,26
38034,selected,department,38
38412,selected,department,38
38412,selected,department,73
38545,selected,department,38
38548,selected,department,38
39013,selected,department,39
39056,selected,department,39
39097,selected,department,39
39128,selected,department,39
39154,selected,department,39
39333,selected,department,39
39368,selected,department,39
39397,selected,department,39
39434,selected,department,39
39475,selected,department,01
39478,selected,department,39
39500,selected,department,25
39500,selected,department,39
40184,selected,department,40
40224,selected,department,40
40310,selected,department,40
41106,selected,department,45
41149,selected,department,37
41151,selected,department,37
41167,selected,department,41
41173,selected,department,45
41194,selected,department,41
41242,selected,department,41
41269,selected,department,41
42011,selected,department,42
42019,selected,department,42
42023,selected,department,42
42182,selected,department,42
42204,selected,department,42
42230,selected,department,42
43080,selected,department,42
43080,selected,department,43
43162,selected,department,43
44067,selected,department,35
44067,selected,department,44
44180,selected,department,44
44213,selected,department,44
45028,selected,department,41
45028,selected,department,45
45030,selected,department,45
45031,selected,department,45
45053,selected,department,18
45082,selected,department,45
45085,selected,department,45
45115,selected,department,45
45115,selected,department,89
45145,selected,department,45
45146,selected,department,45
45155,selected,department,45
45187,selected,department,45
45224,selected,department,45
45248,selected,department,45
45252,selected,department,45
45258,selected,department,45
45258,selected,department,77
45315,selected,department,45
47310,selected,department,47
49018,selected,department,49
49125,selected,department,49
49127,selected,department,72
49215,selected,department,49
49228,selected,department,49
49248,selected,department,35
49261,selected,department,49
49373,selected,department,49
50031,selected,department,50
50099,selected,department,50
50236,selected,department,50
50341,selected,department,50
50394,selected,department,50
50410,selected,department,35
50487,selected,department,35
50601,selected,department,50
50639,selected,department,50
51217,selected,department,51
51250,selected,department,51
51380,selected,department,02
51380,selected,department,77
51388,selected,department,51
53062,selected,department,53
54039,selected,department,54
54273,selected,department,54
54322,selected,department,54
54329,selected,department,54
54563,selected,department,54
55181,selected,department,54
55351,selected,department,54
56057,selected,department,29
56061,selected,department,35
56061,selected,department,56
56117,selected,department,56
56152,selected,department,56
56166,selected,department,29
56166,selected,department,56
57089,selected,department,57
57132,selected,department,57
57177,selected,department,57
57483,selected,department,57
57572,selected,department,57
57630,selected,department,57
57630,selected,department,67
58086,selected,department,18
59601,selected,department,59
60104,selected,department,80
60286,selected,department,80
61508,selected,department,14
62080,selected,department,62
62268,selected,department,62
62361,selected,department,62
62588,selected,department,62
62767,selected,department,62
63040,selected,department,63
63178,selected,department,63
63430,selected,department,63
64063,selected,department,64
64233,selected,department,64
64256,selected,department,64
64430,selected,department,64
64499,selected,department,64
65059,selected,department,65
65258,selected,department,65
66003,selected,department,66
66088,selected,department,66
67095,selected,department,57
67095,selected,department,67
67434,selected,department,67
69006,selected,department,69
69018,selected,department,69
70279,selected,department,21
70310,selected,department,70
70311,selected,department,70
70334,selected,department,25
70334,selected,department,70
70447,selected,department,25
70447,selected,department,70
70550,selected,department,70
71014,selected,department,21
71014,selected,department,71
71120,selected,department,42
71120,selected,department,69
71137,selected,department,71
71263,selected,department,71
71417,selected,department,71
71419,selected,department,71
71512,selected,department,71
72039,selected,department,72
72090,selected,department,72
72124,selected,department,72
72132,selected,department,72
72264,selected,department,72
72269,selected,department,72
73006,selected,department,73
73054,selected,department,73
73055,selected,department,73
73157,selected,department,73
73181,selected,department,73
73248,selected,department,73
73270,selected,department,73
73304,selected,department,73
73330,selected,department,01
73330,selected,department,73
74056,selected,department,74
74191,selected,department,74
74236,selected,department,73
74236,selected,department,74
74258,selected,department,74
74269,selected,department,01
74269,selected,department,73
74269,selected,department,74
74280,selected,department,74
76035,selected,department,80
76101,selected,department,80
76146,selected,department,76
76164,selected,department,76
76312,selected,department,60
76462,selected,department,76
77051,selected,department,77
77051,selected,department,89
77088,selected,department,77
77182,selected,department,02
77182,selected,department,77
77379,selected,department,77
79101,selected,department,85
79195,selected,department,49
79270,selected,department,79
79270,selected,department,86
80010,selected,department,80
80013,selected,department,80
80016,selected,department,62
80016,selected,department,80
80211,selected,department,80
80253,selected,department,62
80253,selected,department,80
80561,selected,department,60
80561,selected,department,80
80606,selected,department,80
80620,selected,department,02
80620,selected,department,80
80630,selected,department,80
80680,selected,department,80
80685,selected,department,60
80685,selected,department,80
80688,selected,department,62
82013,selected,department,82
82112,selected,department,82
82134,selected,department,82
82186,selected,department,47
83012,selected,department,83
83032,selected,department,83
83055,selected,department,83
83121,selected,department,83
84071,selected,department,84
84133,selected,department,84
84137,selected,department,84
85051,selected,department,85
85059,selected,department,85
85128,selected,department,85
85156,selected,department,85
86066,selected,department,86
86070,selected,department,86
86092,selected,department,86
86103,selected,department,86
86128,selected,department,86
86139,selected,department,79
86139,selected,department,86
86177,selected,department,86
86294,selected,department,86
87002,selected,department,87
87126,selected,department,87
87154,selected,department,87
88075,selected,department,68
88075,selected,department,88
88078,selected,department,88
88090,selected,department,54
88090,selected,department,88
88181,selected,department,88
88304,selected,department,54
88367,selected,department,88
88372,selected,department,54
88372,selected,department,88
88408,selected,department,88
88468,selected,department,88
88487,selected,department,88
88530,selected,department,88
89003,selected,department,89
89086,selected,department,45
89419,selected,department,89
89464,selected,department,89
91016,selected,department,28
91016,selected,department,91
01034,selected,epci,EPCI:200040350
01034,selected,epci,EPCI:240100883
01093,selected,epci,EPCI:200069193
01093,selected,epci,EPCI:200070118
01093,selected,epci,EPCI:200070555
01185,selected,epci,EPCI:200042935
01185,selected,epci,EPCI:240100883
01305,selected,epci,EPCI:200069698
01305,selected,epci,EPCI:200070308
01305,selected,epci,EPCI:200071371
01305,selected,epci,EPCI:200071538
01443,selected,epci,EPCI:200069193
01443,selected,epci,EPCI:240100883
02408,selected,epci,EPCI:200043495
02408,selected,epci,EPCI:200071785
02558,selected,epci,EPCI:200030633
02558,selected,epci,EPCI:200043263
02810,selected,epci,EPCI:200071991
02810,selected,epci,EPCI:246000871
03118,selected,epci,EPCI:200071199
03118,selected,epci,EPCI:200071363
03185,selected,epci,EPCI:200071082
04094,selected,epci,EPCI:200034700
04094,selected,epci,EPCI:200054807
06033,selected,epci,EPCI:200030195
06033,selected,epci,EPCI:240600585
06099,selected,epci,EPCI:200030195
07042,selected,epci,EPCI:240700864
07064,selected,epci,EPCI:200073245
07129,selected,epci,EPCI:200073096
07186,selected,epci,EPCI:200071405
07186,selected,epci,EPCI:200071413
08185,selected,epci,EPCI:240800821
08363,selected,epci,EPCI:240800821
09167,selected,epci,EPCI:200066819
09167,selected,epci,EPCI:200068807
10003,selected,epci,EPCI:200069250
10268,selected,epci,EPCI:200040251
10323,selected,epci,EPCI:200000545
11049,selected,epci,EPCI:200035715
11203,selected,epci,EPCI:200035715
11203,selected,epci,EPCI:241100593
11206,selected,epci,EPCI:200035715
11379,selected,epci,EPCI:241100593
14174,selected,epci,EPCI:200035814
14174,selected,epci,EPCI:200066710
14258,selected,epci,EPCI:200066710
14371,selected,epci,EPCI:200069532
14478,selected,epci,EPCI:200069532
14689,selected,epci,EPCI:200066710
14752,selected,epci,EPCI:200066389
14752,selected,epci,EPCI:200069516
16028,selected,epci,EPCI:200070514
16090,selected,epci,EPCI:200070514
16167,selected,epci,EPCI:200070514
16366,selected,epci,EPCI:200070514
17131,selected,epci,EPCI:241700640
17218,selected,epci,EPCI:200041499
17224,selected,epci,EPCI:200070514
17240,selected,epci,EPCI:243301181
17283,selected,epci,EPCI:200036473
17434,selected,epci,EPCI:200041317
17434,selected,epci,EPCI:200041499
17434,selected,epci,EPCI:200041614
17434,selected,epci,EPCI:200041762
18087,selected,epci,EPCI:241800507
18109,selected,epci,EPCI:200066330
18141,selected,epci,EPCI:200066330
18141,selected,epci,EPCI:200090561
18141,selected,epci,EPCI:241800507
18207,selected,epci,EPCI:241800507
18223,selected,epci,EPCI:200066330
18279,selected,epci,EPCI:200018406
18279,selected,epci,EPCI:200090561
19153,selected,epci,EPCI:200043172
21038,selected,epci,EPCI:200010650
21038,selected,epci,EPCI:200070902
21317,selected,epci,EPCI:200072825
21317,selected,epci,EPCI:242100154
21416,selected,epci,EPCI:200072825
21464,selected,epci,EPCI:200070894
22004,selected,epci,EPCI:200065928
22004,selected,epci,EPCI:200067981
22020,selected,epci,EPCI:200038990
22020,selected,epci,EPCI:200068989
22020,selected,epci,EPCI:200069391
22136,selected,epci,EPCI:245614433
22203,selected,epci,EPCI:200069391
22203,selected,epci,EPCI:200069409
24294,selected,epci,EPCI:200035533
24299,selected,epci,EPCI:200040095
24299,selected,epci,EPCI:200070647
24309,selected,epci,EPCI:200040095
24396,selected,epci,EPCI:200027217
24520,selected,epci,EPCI:200027217
24547,selected,epci,EPCI:200043172
25047,selected,epci,EPCI:242504447
25356,selected,epci,EPCI:200023075
25434,selected,epci,EPCI:200068070
25462,selected,epci,EPCI:200069565
25462,selected,epci,EPCI:242500338
25578,selected,epci,EPCI:200068070
25578,selected,epci,EPCI:242504181
26176,selected,epci,EPCI:200040459
26307,selected,epci,EPCI:200068781
26307,selected,epci,EPCI:200070431
27056,selected,epci,EPCI:200069532
27165,selected,epci,EPCI:242700276
27170,selected,epci,EPCI:241400878
27198,selected,epci,EPCI:200071454
27226,selected,epci,EPCI:200071843
27507,selected,epci,EPCI:200071454
27679,selected,epci,EPCI:200040277
28015,selected,epci,EPCI:200033181
28015,selected,epci,EPCI:200069953
28015,selected,epci,EPCI:200070159
28015,selected,epci,EPCI:200073344
28051,selected,epci,EPCI:200033181
28051,selected,epci,EPCI:242852465
28089,selected,epci,EPCI:200033181
28089,selected,epci,EPCI:200040277
28116,selected,epci,EPCI:200033181
28116,selected,epci,EPCI:200058360
28196,selected,epci,EPCI:200033181
28196,selected,epci,EPCI:200058360
28196,selected,epci,EPCI:242852465
28199,selected,epci,EPCI:200035764
28199,selected,epci,EPCI:200070159
28422,selected,epci,EPCI:242852465
29026,selected,epci,EPCI:200066868
29026,selected,epci,EPCI:200068120
29199,selected,epci,EPCI:242900835
29218,selected,epci,EPCI:242900629
29274,selected,epci,EPCI:242900694
2A130,selected,epci,EPCI:200038958
2B042,selected,epci,EPCI:200036499
30029,selected,epci,EPCI:200034692
30132,selected,epci,EPCI:200066918
30269,selected,epci,EPCI:200066918
30334,selected,epci,EPCI:243000684
31106,selected,epci,EPCI:200071298
31107,selected,epci,EPCI:200066819
31135,selected,epci,EPCI:200066819
31135,selected,epci,EPCI:200068815
31324,selected,epci,EPCI:200068815
32160,selected,epci,EPCI:243100781
33042,selected,epci,EPCI:243301405
33138,selected,epci,EPCI:200035533
33138,selected,epci,EPCI:200070092
33213,selected,epci,EPCI:200069581
33213,selected,epci,EPCI:243301264
33236,selected,epci,EPCI:243301504
33402,selected,epci,EPCI:200070647
33402,selected,epci,EPCI:243301371
33498,selected,epci,EPCI:243301405
34028,selected,epci,EPCI:200071058
34111,selected,epci,EPCI:200022986
34189,selected,epci,EPCI:200035715
35085,selected,epci,EPCI:200070670
35085,selected,epci,EPCI:243500733
35125,selected,epci,EPCI:200039022
35125,selected,epci,EPCI:243500634
35162,selected,epci,EPCI:200072452
35168,selected,epci,EPCI:200043990
35219,selected,epci,EPCI:243500741
35223,selected,epci,EPCI:243500618
35239,selected,epci,EPCI:200070662
35239,selected,epci,EPCI:243500634
35257,selected,epci,EPCI:200072452
35297,selected,epci,EPCI:200038990
37063,selected,epci,EPCI:200030385
37063,selected,epci,EPCI:200043065
37063,selected,epci,EPCI:243700499
37072,selected,epci,EPCI:200043081
37115,selected,epci,EPCI:248600413
37123,selected,epci,EPCI:200072650
37123,selected,epci,EPCI:243700754
37226,selected,epci,EPCI:200072650
37226,selected,epci,EPCI:248600413
38006,selected,epci,EPCI:200018166
38034,selected,epci,EPCI:200040491
38034,selected,epci,EPCI:200059392
38034,selected,epci,EPCI:200068781
38034,selected,epci,EPCI:200085751
38412,selected,epci,EPCI:200040111
38545,selected,epci,EPCI:200040715
38548,selected,epci,EPCI:200070431
38548,selected,epci,EPCI:243801024
39013,selected,epci,EPCI:200071595
39056,selected,epci,EPCI:200069615
39097,selected,epci,EPCI:200069623
39128,selected,epci,EPCI:200010650
39154,selected,epci,EPCI:200090579
39333,selected,epci,EPCI:200090579
39368,selected,epci,EPCI:243900479
39397,selected,epci,EPCI:200090579
39434,selected,epci,EPCI:200069615
39434,selected,epci,EPCI:200071595
39475,selected,epci,EPCI:200071751
39478,selected,epci,EPCI:200090579
39478,selected,epci,EPCI:243900354
39478,selected,epci,EPCI:243900479
39500,selected,epci,EPCI:200068070
39500,selected,epci,EPCI:200069623
39500,selected,epci,EPCI:200071595
40184,selected,epci,EPCI:244000543
40224,selected,epci,EPCI:244000865
40310,selected,epci,EPCI:244000865
41106,selected,epci,EPCI:200005932
41149,selected,epci,EPCI:243700499
41151,selected,epci,EPCI:243700820
41167,selected,epci,EPCI:200030385
41173,selected,epci,EPCI:200070183
41194,selected,epci,EPCI:200018406
41242,selected,epci,EPCI:200018406
41269,selected,epci,EPCI:200055481
41269,selected,epci,EPCI:200072072
42011,selected,epci,EPCI:200065886
42011,selected,epci,EPCI:200065894
42019,selected,epci,EPCI:200065886
42023,selected,epci,EPCI:244200622
42182,selected,epci,EPCI:200035731
42204,selected,epci,EPCI:200065886
42204,selected,epci,EPCI:244200770
42230,selected,epci,EPCI:200065886
43080,selected,epci,EPCI:200065886
43080,selected,epci,EPCI:200073427
43162,selected,epci,EPCI:200073427
44067,selected,epci,EPCI:243500741
44180,selected,epci,EPCI:244400552
44213,selected,epci,EPCI:244400552
45028,selected,epci,EPCI:200055481
45028,selected,epci,EPCI:200070183
45028,selected,epci,EPCI:244100798
45030,selected,epci,EPCI:200067676
45030,selected,epci,EPCI:200071850
45030,selected,epci,EPCI:244500419
45031,selected,epci,EPCI:200067676
45053,selected,epci,EPCI:200069227
45082,selected,epci,EPCI:200070100
45082,selected,epci,EPCI:244500427
45085,selected,epci,EPCI:200067676
45085,selected,epci,EPCI:244500203
45085,selected,epci,EPCI:244500211
45115,selected,epci,EPCI:244500419
45115,selected,epci,EPCI:248900748
45145,selected,epci,EPCI:244500419
45146,selected,epci,EPCI:200005932
45155,selected,epci,EPCI:200070100
45155,selected,epci,EPCI:244500211
45187,selected,epci,EPCI:244500211
45224,selected,epci,EPCI:200035764
45224,selected,epci,EPCI:200066280
45224,selected,epci,EPCI:244500484
45248,selected,epci,EPCI:200035764
45252,selected,epci,EPCI:200066280
45252,selected,epci,EPCI:200071850
45258,selected,epci,EPCI:200023240
45258,selected,epci,EPCI:200071850
45315,selected,epci,EPCI:200070100
45315,selected,epci,EPCI:244500427
47310,selected,epci,EPCI:200030674
49018,selected,epci,EPCI:200071876
49125,selected,epci,EPCI:200071876
49127,selected,epci,EPCI:247200348
49215,selected,epci,EPCI:200071876
49228,selected,epci,EPCI:200071876
49248,selected,epci,EPCI:243500634
49261,selected,epci,EPCI:200071876
49373,selected,epci,EPCI:200071553
49373,selected,epci,EPCI:200071678
50031,selected,epci,EPCI:200067205
50099,selected,epci,EPCI:200066389
50236,selected,epci,EPCI:200067205
50341,selected,epci,EPCI:200067205
50394,selected,epci,EPCI:200067023
50410,selected,epci,EPCI:200070670
50487,selected,epci,EPCI:200072452
50601,selected,epci,EPCI:200066389
50639,selected,epci,EPCI:200042604
50639,selected,epci,EPCI:200066389
50639,selected,epci,EPCI:200067023
51217,selected,epci,EPCI:200066850
51250,selected,epci,EPCI:200067213
51380,selected,epci,EPCI:200072544
51380,selected,epci,EPCI:240200584
51388,selected,epci,EPCI:200067213
53062,selected,epci,EPCI:245300447
54039,selected,epci,EPCI:200070324
54273,selected,epci,EPCI:200070845
54322,selected,epci,EPCI:200043693
54322,selected,epci,EPCI:200070290
54329,selected,epci,EPCI:200070324
54563,selected,epci,EPCI:200035772
54563,selected,epci,EPCI:245400171
55181,selected,epci,EPCI:200070845
55351,selected,epci,EPCI:200043693
56057,selected,epci,EPCI:242900694
56061,selected,epci,EPCI:243500741
56117,selected,epci,EPCI:200067932
56117,selected,epci,EPCI:245614433
56152,selected,epci,EPCI:245600465
56166,selected,epci,EPCI:200042174
56166,selected,epci,EPCI:242900694
56166,selected,epci,EPCI:245614433
57089,selected,epci,EPCI:200069441
57132,selected,epci,EPCI:200039907
57177,selected,epci,EPCI:200068146
57483,selected,epci,EPCI:200067502
57483,selected,epci,EPCI:200070746
57483,selected,epci,EPCI:245700133
57572,selected,epci,EPCI:200039907
57572,selected,epci,EPCI:200067957
57572,selected,epci,EPCI:245700133
57630,selected,epci,EPCI:200067841
57630,selected,epci,EPCI:200068146
57630,selected,epci,EPCI:245700950
58086,selected,epci,EPCI:200069227
59601,selected,epci,EPCI:200043404
60104,selected,epci,EPCI:200070969
60286,selected,epci,EPCI:200071181
61508,selected,epci,EPCI:200069532
62080,selected,epci,EPCI:200035442
62080,selected,epci,EPCI:200044048
62268,selected,epci,EPCI:200018083
62268,selected,epci,EPCI:246201016
62361,selected,epci,EPCI:200069482
62588,selected,epci,EPCI:200069029
62767,selected,epci,EPCI:200069482
63040,selected,epci,EPCI:200067627
63040,selected,epci,EPCI:200069177
63040,selected,epci,EPCI:246301097
63178,selected,epci,EPCI:200069177
63430,selected,epci,EPCI:200071199
63430,selected,epci,EPCI:246301097
64063,selected,epci,EPCI:200067239
64233,selected,epci,EPCI:200067239
64256,selected,epci,EPCI:200067106
64430,selected,epci,EPCI:200039204
64499,selected,epci,EPCI:200039204
65059,selected,epci,EPCI:200069300
65059,selected,epci,EPCI:200070803
65258,selected,epci,EPCI:200070803
66003,selected,epci,EPCI:246600415
66088,selected,epci,EPCI:246600415
67095,selected,epci,EPCI:200067783
67095,selected,epci,EPCI:200067841
67095,selected,epci,EPCI:200068146
67095,selected,epci,EPCI:200069441
67434,selected,epci,EPCI:200067841
69006,selected,epci,EPCI:200040566
69006,selected,epci,EPCI:200040590
69018,selected,epci,EPCI:200040566
69018,selected,epci,EPCI:200067817
70279,selected,epci,EPCI:200072825
70310,selected,epci,EPCI:247000664
70310,selected,epci,EPCI:247000821
70311,selected,epci,EPCI:247000755
70334,selected,epci,EPCI:200041887
70447,selected,epci,EPCI:242504447
70447,selected,epci,EPCI:247000706
70550,selected,epci,EPCI:247000011
71014,selected,epci,EPCI:200006682
71120,selected,epci,EPCI:200035202
71120,selected,epci,EPCI:200040566
71137,selected,epci,EPCI:200069698
71137,selected,epci,EPCI:200070308
71263,selected,epci,EPCI:200071538
71417,selected,epci,EPCI:247103765
71417,selected,epci,EPCI:247104094
71419,selected,epci,EPCI:200071538
71512,selected,epci,EPCI:247103765
72039,selected,epci,EPCI:200072684
72039,selected,epci,EPCI:247200686
72090,selected,epci,EPCI:200072684
72090,selected,epci,EPCI:247200686
72124,selected,epci,EPCI:247200421
72124,selected,epci,EPCI:247200447
72132,selected,epci,EPCI:247200686
72264,selected,epci,EPCI:247200090
72269,selected,epci,EPCI:200072684
73006,selected,epci,EPCI:247300817
73054,selected,epci,EPCI:247300254
73054,selected,epci,EPCI:247300817
73055,selected,epci,EPCI:200040798
73157,selected,epci,EPCI:200070340
73181,selected,epci,EPCI:200040798
73181,selected,epci,EPCI:247300015
73248,selected,epci,EPCI:200070464
73248,selected,epci,EPCI:247300361
73248,selected,epci,EPCI:247300452
73270,selected,epci,EPCI:200041010
73304,selected,epci,EPCI:247300254
73330,selected,epci,EPCI:200040350
73330,selected,epci,EPCI:200068674
73330,selected,epci,EPCI:247300262
74056,selected,epci,EPCI:200023372
74191,selected,epci,EPCI:247400682
74236,selected,epci,EPCI:200034882
74236,selected,epci,EPCI:200068997
74258,selected,epci,EPCI:200034098
74269,selected,epci,EPCI:200068674
74269,selected,epci,EPCI:200070852
74269,selected,epci,EPCI:240100891
74280,selected,epci,EPCI:247400617
76035,selected,epci,EPCI:200071181
76101,selected,epci,EPCI:200071181
76146,selected,epci,EPCI:200070449
76164,selected,epci,EPCI:200010700
76312,selected,epci,EPCI:246000913
76462,selected,epci,EPCI:247600729
77051,selected,epci,EPCI:200040251
77051,selected,epci,EPCI:248900896
77088,selected,epci,EPCI:200023240
77088,selected,epci,EPCI:200072346
77182,selected,epci,EPCI:200037133
77182,selected,epci,EPCI:200072544
77182,selected,epci,EPCI:200090504
77182,selected,epci,EPCI:240200584
77379,selected,epci,EPCI:200037133
77379,selected,epci,EPCI:200040251
79101,selected,epci,EPCI:200071934
79195,selected,epci,EPCI:200071678
79270,selected,epci,EPCI:200041994
79270,selected,epci,EPCI:200069854
80010,selected,epci,EPCI:200070969
80010,selected,epci,EPCI:248000531
80013,selected,epci,EPCI:200070993
80013,selected,epci,EPCI:200071181
80016,selected,epci,EPCI:200035442
80016,selected,epci,EPCI:200070951
80016,selected,epci,EPCI:248000499
80211,selected,epci,EPCI:200070969
80211,selected,epci,EPCI:200071181
80253,selected,epci,EPCI:200035442
80253,selected,epci,EPCI:200069482
80253,selected,epci,EPCI:200070951
80253,selected,epci,EPCI:200071223
80561,selected,epci,EPCI:200070977
80561,selected,epci,EPCI:246000566
80561,selected,epci,EPCI:246000855
80606,selected,epci,EPCI:200070944
80606,selected,epci,EPCI:200070993
80606,selected,epci,EPCI:200071181
80620,selected,epci,EPCI:200070985
80620,selected,epci,EPCI:240200493
80630,selected,epci,EPCI:200071181
80680,selected,epci,EPCI:200070969
80680,selected,epci,EPCI:200070977
80680,selected,epci,EPCI:200070985
80680,selected,epci,EPCI:248000499
80685,selected,epci,EPCI:200070977
80685,selected,epci,EPCI:200070985
80685,selected,epci,EPCI:246000855
80688,selected,epci,EPCI:200069029
82013,selected,epci,EPCI:200066322
82013,selected,epci,EPCI:200066652
82112,selected,epci,EPCI:200066322
82134,selected,epci,EPCI:200066884
82186,selected,epci,EPCI:200096956
83012,selected,epci,EPCI:200068104
83032,selected,epci,EPCI:200068104
83055,selected,epci,EPCI:200004802
83121,selected,epci,EPCI:248300493
84071,selected,epci,EPCI:200040442
84133,selected,epci,EPCI:248400285
84137,selected,epci,EPCI:248400053
85051,selected,epci,EPCI:200071934
85051,selected,epci,EPCI:248500340
85059,selected,epci,EPCI:200071934
85059,selected,epci,EPCI:248500464
85128,selected,epci,EPCI:200071900
85128,selected,epci,EPCI:200071934
85156,selected,epci,EPCI:200071900
86066,selected,epci,EPCI:200069854
86066,selected,epci,EPCI:248600413
86070,selected,epci,EPCI:200069854
86070,selected,epci,EPCI:248600413
86092,selected,epci,EPCI:248600413
86103,selected,epci,EPCI:200043628
86128,selected,epci,EPCI:248600413
86139,selected,epci,EPCI:200041994
86139,selected,epci,EPCI:200069854
86177,selected,epci,EPCI:200069763
86294,selected,epci,EPCI:200069763
87002,selected,epci,EPCI:200066512
87126,selected,epci,EPCI:200059400
87154,selected,epci,EPCI:200059400
88075,selected,epci,EPCI:200096634
88075,selected,epci,EPCI:246800205
88078,selected,epci,EPCI:200071066
88078,selected,epci,EPCI:200096642
88090,selected,epci,EPCI:200035772
88090,selected,epci,EPCI:200067643
88090,selected,epci,EPCI:200068757
88181,selected,epci,EPCI:200071066
88304,selected,epci,EPCI:200035772
88367,selected,epci,EPCI:200068757
88372,selected,epci,EPCI:200070324
88372,selected,epci,EPCI:200071066
88408,selected,epci,EPCI:200033868
88468,selected,epci,EPCI:200033868
88487,selected,epci,EPCI:200068377
88530,selected,epci,EPCI:200068377
88530,selected,epci,EPCI:200068757
89003,selected,epci,EPCI:248900524
89086,selected,epci,EPCI:200067676
89419,selected,epci,EPCI:248900524
89464,selected,epci,EPCI:248900334
89464,selected,epci,EPCI:248900748
91016,selected,epci,EPCI:200017846
91016,selected,epci,EPCI:200069953
91016,selected,epci,EPCI:200070159
