path,source_url,publisher,sha256,size_bytes,license,retrieval,required_rebuild,verified,notes,source_observation_year,source_geography,publication_date,retrieved_at_utc,license_url
data/raw/stock-stockunitelegale-parquet.parquet,https://static.data.gouv.fr/resources/base-sirene-des-entreprises-et-de-leurs-etablissements-siren-siret/20261001-073325/stock-stockunitelegale-parquet.parquet,INSEE,ca39d8b9813442f7169970a9e1b9dcc755c7ed30301e39f658cebef2882037a5,713585991,Licence Ouverte / Open Licence 2.0,http_binary,true,true,Exact 2026-10-01 release; stock 2026-09-30; resource redirect may change later.,,,,,
data/raw/stock-stocketablissement-parquet.parquet,https://static.data.gouv.fr/resources/base-sirene-des-entreprises-et-de-leurs-etablissements-siren-siret/20261001-073823/stock-stocketablissement-parquet.parquet,INSEE,fb02cfad68e6b42459dbc06e44cfcbca42c9fea11e553a5477dbdda5260e6843,2220887978,Licence Ouverte / Open Licence 2.0,http_binary,true,true,Exact 2026-10-01 release; stock 2026-09-30; resource redirect may change later.,,,,,
data/raw/stock-stocketablissementhistorique-parquet.parquet,https://static.data.gouv.fr/resources/base-sirene-des-entreprises-et-de-leurs-etablissements-siren-siret/20261001-074108/stock-stocketablissementhistorique-parquet.parquet,INSEE,cf4980a84e60f67226ea17987864f5d0c910eb4a612760118a4bced096f7ddc8,877620853,Licence Ouverte / Open Licence 2.0,http_binary,true,true,Exact 2026-10-01 release; stock 2026-09-30; resource redirect may change later.,,,,,
data/raw/stock-stockunitelegalehistorique-parquet.parquet,https://static.data.gouv.fr/resources/base-sirene-des-entreprises-et-de-leurs-etablissements-siren-siret/20261001-073513/stock-stockunitelegalehistorique-parquet.parquet,INSEE,ba5f3ee5cf079d67b2f2afecd73fabcc2d76b095e022636ed443fd3cc79b244f,863403921,Licence Ouverte / Open Licence 2.0,http_binary,true,true,Exact 2026-10-01 release; stock 2026-09-30; resource redirect may change later.,,,,,
data/raw/stock-stocketablissementlienssuccession-parquet.parquet,https://static.data.gouv.fr/resources/base-sirene-des-entreprises-et-de-leurs-etablissements-siren-siret/20261001-074252/stock-stocketablissementlienssuccession-parquet.parquet,INSEE,8f5ca5a725c3ecc58f773195f74ca3ce0ddb06148a9aac4881c23d87983b08b8,119372997,Licence Ouverte / Open Licence 2.0,http_binary,true,true,Exact 2026-10-01 release; stock 2026-09-30; resource redirect may change later.,,,,,
data/raw/stock-stockdoublons-parquet.parquet,https://static.data.gouv.fr/resources/base-sirene-des-entreprises-et-de-leurs-etablissements-siren-siret/20261001-073650/stock-stockdoublons-parquet.parquet,INSEE,92eef0d6a10635d8fb325d22d8f9e3b08ca9a0904ac05751f3b7465782b0d723,1092469,Licence Ouverte / Open Licence 2.0,http_binary,true,true,Exact 2026-10-01 release; stock 2026-09-30; resource redirect may change later.,,,,,
data/raw/frr_2025.xlsx,https://www.collectivites-locales.gouv.fr/files/files/3.%20Animer%20les%20territoires/5.%20La%20coh%C3%A9sion%20territoriale%20et%20l'am%C3%A9nagement%20du%20territoire/Liste%20communes%20FRR_juillet2025.xlsx,French public institution,c05b0c96f15e14686d5dc82154a2f8c20355a54b58b96ecc537d1db38a4622a1,1200412,Source-specific official terms; attribution required,http_binary,true,true,Official source; failed discovery URLs excluded.,,,,,
data/raw/faq_2025.pdf,https://www.collectivites-locales.gouv.fr/files/files/3.%20Animer%20les%20territoires/5.%20La%20coh%C3%A9sion%20territoriale%20et%20l'am%C3%A9nagement%20du%20territoire/FAQ%20FRR_MAJ%20juillet2025.pdf,French public institution,7bdf15794ac92303e06a04dcd04e8d81b09cf37b19ac84b19d48067ddbd191c9,474659,Source-specific official terms; attribution required,http_binary,false,true,Official source; failed discovery URLs excluded.,,,,,
data/raw/zrr_2021.xls,https://static.data.gouv.fr/resources/zones-de-revitalisation-rurale-zrr/20210907-124104/diffusion-zonages-zrr-cog2021.xls,French public institution,3e3da78ccc8f9cf6d5befaaf19e83964e76a8d35d15766b424268a4513d166be,6437376,Source-specific official terms; attribution required,http_binary,true,true,Official source; failed discovery URLs excluded.,,,,,
data/raw/service_public_frr.html,https://entreprendre.service-public.gouv.fr/vosdroits/F31139,French public institution,a08c4f49f740428b350cec00cc820d2f535c76c47a4c7956cbbc1cc469914d67,242468,Source-specific official terms; attribution required,http_binary,false,true,Official source; failed discovery URLs excluded.,,,,,
data/raw/frr_2026_bofip.html,https://bofip.impots.gouv.fr/bofip/14772-PGP.html/identifiant=BOI-BIC-CHAMP-80-10-75-20-20260729,French public institution,f64220038826e4c3767443302c1584cc5d9d1ffc1ed7d4b3f01a704ef5add05f,88248,Source-specific official terms; attribution required,http_binary,false,true,Official source; failed discovery URLs excluded.,,,,,
data/raw/communes_cog2026.csv,https://www.insee.fr/fr/statistiques/fichier/8740222/v_commune_2026.csv,French public institution,7be1153de3a63df48fa0ca77f8490c8a0c5c9c4eb12f5cec1ca7f70b0237b1d3,3565935,Source-specific official terms; attribution required,http_binary,true,true,Official source; failed discovery URLs excluded.,,,,,
data/raw/movements_cog2026.csv,https://www.insee.fr/fr/statistiques/fichier/8740222/v_mvt_commune_2026.csv,French public institution,8b339fad8232e97233af3fd9468715af845e2cf8b14cb67b24d9a301ef8645f1,2076555,Source-specific official terms; attribution required,http_binary,true,true,Official source; failed discovery URLs excluded.,,,,,
data/raw/communes_history_cog2026.csv,https://www.insee.fr/fr/statistiques/fichier/8740222/v_commune_depuis_1943.csv,French public institution,08c532ed8dade0a048aa4e1d72b8a25852a3aa05ce79c7911276031235d6eeee,3440210,Source-specific official terms; attribution required,http_binary,true,true,Official source; failed discovery URLs excluded.,,,,,
data/raw/communes_2024_5m.geojson.gz,https://object.data.gouv.fr/contours-administratifs/2024/geojson/communes-5m.geojson.gz,French public institution,2425dbf02c647480125615ca72d1a16e60abd6de154f21c86eb8a28d79f6ae5b,89858695,ODbL1.0; attribution; derived geographic databases share alike,http_binary,true,true,Official source; failed discovery URLs excluded.,,,,,https://opendatacommons.org/licenses/odbl/1-0/
data/raw/epci_2024.zip,https://www.insee.fr/fr/statistiques/fichier/2510634/epci_au_01-01-2024.zip,French public institution,b6c9dee214175983f45dcb89a16d069e5fa7a0fd3897a4a8da56d67aab90dafb,1324286,Source-specific official terms; attribution required,http_binary,true,true,Official source; failed discovery URLs excluded.,,,,,
data/raw/epci_2023.zip,https://www.insee.fr/fr/statistiques/fichier/2510634/Intercommunalite_Metropole_au_01-01-2023.zip,French public institution,65e228464d18b45249f642690848b687a1bbc2b5399e18475b938275b475d868,1140307,Source-specific official terms; attribution required,http_binary,true,true,Official source; failed discovery URLs excluded.,,,,,
data/raw/population_2021.xlsx,https://www.insee.fr/fr/statistiques/fichier/7739582/ensemble.xlsx,INSEE,1daa24ca2aa9f56e36d576fc5e10a22cf0dc9b18aa70de06de37df704523c1a9,2467301,INSEE public data reuse terms,http_binary,true,true,"Population municipale 2021, effective Jan2024, COG2023.",,,,,
data/raw/legal/BV2022_au_01-01-2023.zip,https://www.insee.fr/fr/statistiques/fichier/6676988/BV2022_au_01-01-2023.zip,INSEE,64741bc7282bcc9ebf5bb5a47f6e037b8ac2b7662664b6520714f6e60780a57a,1046521,INSEE public data reuse terms,http_binary,true,true,"Bassin de vie 2022 in COG2023, dependence sensitivity; not proof of assignment path.",,,,,
docs/sources/frr_2024/frr_2024_legifrance_web_148.txt,https://www.legifrance.gouv.fr/jorf/id/JORFTEXT000049746820,Légifrance,1b81fb6a6ee28519b16af2dd4f9acc1ec3c8eff56838fa785810c6de2b5d98c8,17705,Official legal text; preserve attribution,archived_official_text,true,true,"Official web-tool snapshots, line completeness checked by extraction script; HTTP page returns403 in downloader. Not a third-party assignment file.",,,,,
docs/sources/frr_2024/frr_2024_legifrance_web_155.txt,https://www.legifrance.gouv.fr/jorf/id/JORFTEXT000049746820,Légifrance,9ed1e39e46226cff1127551e4ceb8894b0bb8229b8046e90dacd97f488f0f27d,14939,Official legal text; preserve attribution,archived_official_text,true,true,"Official web-tool snapshots, line completeness checked by extraction script; HTTP page returns403 in downloader. Not a third-party assignment file.",,,,,
docs/sources/frr_2024/frr_2024_legifrance_web_160.txt,https://www.legifrance.gouv.fr/jorf/id/JORFTEXT000049746820,Légifrance,09a39c0878923997d5f3178305190b0f2a4ceb0f1e853f52643dcd0b853be43f,18054,Official legal text; preserve attribution,archived_official_text,true,true,"Official web-tool snapshots, line completeness checked by extraction script; HTTP page returns403 in downloader. Not a third-party assignment file.",,,,,
docs/sources/frr_2024/frr_2024_legifrance_web_166.txt,https://www.legifrance.gouv.fr/jorf/id/JORFTEXT000049746820,Légifrance,cfd34329077913c27bb04bab86c23ac08d326e3094cb4bd2056d5a660084929b,15701,Official legal text; preserve attribution,archived_official_text,true,true,"Official web-tool snapshots, line completeness checked by extraction script; HTTP page returns403 in downloader. Not a third-party assignment file.",,,,,
docs/sources/frr_2024/frr_2024_legifrance_web_169.txt,https://www.legifrance.gouv.fr/jorf/id/JORFTEXT000049746820,Légifrance,706f517e94ea55a33d9e0827cbc24b7ceba3fd3d1a6398209c97257f1db24438,15439,Official legal text; preserve attribution,archived_official_text,true,true,"Official web-tool snapshots, line completeness checked by extraction script; HTTP page returns403 in downloader. Not a third-party assignment file.",,,,,
docs/sources/frr_2024/frr_2024_legifrance_web_172.txt,https://www.legifrance.gouv.fr/jorf/id/JORFTEXT000049746820,Légifrance,54dc0ef7e8ce22571f9803ebcff6d798e2ef6db5e9366531fa12037d5d51914c,19501,Official legal text; preserve attribution,archived_official_text,true,true,"Official web-tool snapshots, line completeness checked by extraction script; HTTP page returns403 in downloader. Not a third-party assignment file.",,,,,
docs/sources/frr_2024/frr_2024_legifrance_web_181.txt,https://www.legifrance.gouv.fr/jorf/id/JORFTEXT000049746820,Légifrance,e233ee7a537d6f6a5f5875843c0720b515bc32ae8931f36e0c88ef89464d80b5,16315,Official legal text; preserve attribution,archived_official_text,true,true,"Official web-tool snapshots, line completeness checked by extraction script; HTTP page returns403 in downloader. Not a third-party assignment file.",,,,,
docs/sources/frr_2024/frr_2024_legifrance_web_185.txt,https://www.legifrance.gouv.fr/jorf/id/JORFTEXT000049746820,Légifrance,f4218df3ad47192e85edab4fe75182484b660f89cf80ac119f3e8e901acd9120,18563,Official legal text; preserve attribution,archived_official_text,true,true,"Official web-tool snapshots, line completeness checked by extraction script; HTTP page returns403 in downloader. Not a third-party assignment file.",,,,,
docs/sources/frr_2024/frr_2024_legifrance_web_190.txt,https://www.legifrance.gouv.fr/jorf/id/JORFTEXT000049746820,Légifrance,e5da25d1c769f8f3791b5b1cf81d9075b0d460f983aadd7712ffe9bf6daf91e2,19453,Official legal text; preserve attribution,archived_official_text,true,true,"Official web-tool snapshots, line completeness checked by extraction script; HTTP page returns403 in downloader. Not a third-party assignment file.",,,,,
docs/sources/frr_2024/frr_2024_legifrance_web_196.txt,https://www.legifrance.gouv.fr/jorf/id/JORFTEXT000049746820,Légifrance,65b64c88a2d024b9b7ab17b83b14b85b873e7030c892a7aec0b7dbc3e88fddfd,15771,Official legal text; preserve attribution,archived_official_text,true,true,"Official web-tool snapshots, line completeness checked by extraction script; HTTP page returns403 in downloader. Not a third-party assignment file.",,,,,
docs/sources/frr_2024/frr_2024_legifrance_web_201.txt,https://www.legifrance.gouv.fr/jorf/id/JORFTEXT000049746820,Légifrance,86d0a62cd82c12db14015ffa70147c675480397d9df9f8d1709b1fb9076a85c6,18316,Official legal text; preserve attribution,archived_official_text,true,true,"Official web-tool snapshots, line completeness checked by extraction script; HTTP page returns403 in downloader. Not a third-party assignment file.",,,,,
docs/sources/frr_2024/frr_2024_legifrance_web_207.txt,https://www.legifrance.gouv.fr/jorf/id/JORFTEXT000049746820,Légifrance,214451427f0fe476ad85c0006f49eaeae808d49316f32b0e30e19c187e68cef8,17750,Official legal text; preserve attribution,archived_official_text,true,true,"Official web-tool snapshots, line completeness checked by extraction script; HTTP page returns403 in downloader. Not a third-party assignment file.",,,,,
docs/sources/frr_2024/frr_2024_legifrance_web_215.txt,https://www.legifrance.gouv.fr/jorf/id/JORFTEXT000049746820,Légifrance,56ae49d02779b9f75f89aac721d1fe09c3d24e53bc19958453669f73b5f76dc9,17270,Official legal text; preserve attribution,archived_official_text,true,true,"Official web-tool snapshots, line completeness checked by extraction script; HTTP page returns403 in downloader. Not a third-party assignment file.",,,,,
docs/sources/frr_2024/frr_2024_legifrance_web_218.txt,https://www.legifrance.gouv.fr/jorf/id/JORFTEXT000049746820,Légifrance,beae11d06eeccd6f3cd5c2c433beee31d61801ccc5a8287f9232ba28e743b35d,18487,Official legal text; preserve attribution,archived_official_text,true,true,"Official web-tool snapshots, line completeness checked by extraction script; HTTP page returns403 in downloader. Not a third-party assignment file.",,,,,
docs/sources/frr_2024/frr_2024_legifrance_web_223.txt,https://www.legifrance.gouv.fr/jorf/id/JORFTEXT000049746820,Légifrance,93299acae6304ab93339a4aba74cf4bb69e206cd279c11cf6a0304c8fecfc98d,17344,Official legal text; preserve attribution,archived_official_text,true,true,"Official web-tool snapshots, line completeness checked by extraction script; HTTP page returns403 in downloader. Not a third-party assignment file.",,,,,
docs/sources/frr_2024/frr_2024_legifrance_web_230.txt,https://www.legifrance.gouv.fr/jorf/id/JORFTEXT000049746820,Légifrance,d5b26791687382df60d4ccf44344eec6f6b14987a3defb8d0d2245a2128c2f6c,18524,Official legal text; preserve attribution,archived_official_text,true,true,"Official web-tool snapshots, line completeness checked by extraction script; HTTP page returns403 in downloader. Not a third-party assignment file.",,,,,
docs/sources/frr_2024/frr_2024_legifrance_web_238.txt,https://www.legifrance.gouv.fr/jorf/id/JORFTEXT000049746820,Légifrance,05c3d533736862e6b1eff15b13c155ed41f81a0bf97c8f402c61cf9d0dbb3281,15623,Official legal text; preserve attribution,archived_official_text,true,true,"Official web-tool snapshots, line completeness checked by extraction script; HTTP page returns403 in downloader. Not a third-party assignment file.",,,,,
docs/sources/frr_2024/frr_2024_legifrance_web_240.txt,https://www.legifrance.gouv.fr/jorf/id/JORFTEXT000049746820,Légifrance,ad0edafae8a193ce4c4f00f72d71104f965300ee604fa3241d4681eb47cd078a,16566,Official legal text; preserve attribution,archived_official_text,true,true,"Official web-tool snapshots, line completeness checked by extraction script; HTTP page returns403 in downloader. Not a third-party assignment file.",,,,,
docs/sources/frr_2024/frr_2024_legifrance_web_245.txt,https://www.legifrance.gouv.fr/jorf/id/JORFTEXT000049746820,Légifrance,7fda540da6c99585620ec35519dc364bab829c6b0e667881a7addb2d8e5242a9,19228,Official legal text; preserve attribution,archived_official_text,true,true,"Official web-tool snapshots, line completeness checked by extraction script; HTTP page returns403 in downloader. Not a third-party assignment file.",,,,,
docs/sources/frr_2024/frr_2024_legifrance_web_251.txt,https://www.legifrance.gouv.fr/jorf/id/JORFTEXT000049746820,Légifrance,d66a410114eb53ed71594e09aebd847b2b0d9cab059abeedb892023590f15d47,18132,Official legal text; preserve attribution,archived_official_text,true,true,"Official web-tool snapshots, line completeness checked by extraction script; HTTP page returns403 in downloader. Not a third-party assignment file.",,,,,
docs/sources/frr_2024/frr_2024_legifrance_web_256.txt,https://www.legifrance.gouv.fr/jorf/id/JORFTEXT000049746820,Légifrance,b2d06cb651aafecc1cf5f111f3d6159bac27c0f9fab0faec4065086bb5a9cf56,16663,Official legal text; preserve attribution,archived_official_text,true,true,"Official web-tool snapshots, line completeness checked by extraction script; HTTP page returns403 in downloader. Not a third-party assignment file.",,,,,
docs/sources/frr_2024/frr_2024_legifrance_web_259.txt,https://www.legifrance.gouv.fr/jorf/id/JORFTEXT000049746820,Légifrance,8195066982b2e1a9c00f42f9e0653cda0ff6f63eb80f622ac61931eb8a407dea,20477,Official legal text; preserve attribution,archived_official_text,true,true,"Official web-tool snapshots, line completeness checked by extraction script; HTTP page returns403 in downloader. Not a third-party assignment file.",,,,,
docs/sources/frr_2024/frr_2024_legifrance_web_264.txt,https://www.legifrance.gouv.fr/jorf/id/JORFTEXT000049746820,Légifrance,e607cfe9246156e13913f2ad207a714d60904f5ae0aa019a0b4c7893c4ad12b2,17127,Official legal text; preserve attribution,archived_official_text,true,true,"Official web-tool snapshots, line completeness checked by extraction script; HTTP page returns403 in downloader. Not a third-party assignment file.",,,,,
docs/sources/frr_2024/frr_2024_legifrance_web_269.txt,https://www.legifrance.gouv.fr/jorf/id/JORFTEXT000049746820,Légifrance,ab9f4682fd5fcdfcc83b83dbf250646dfe4f6601befb3a35a9f6b1196e906389,19817,Official legal text; preserve attribution,archived_official_text,true,true,"Official web-tool snapshots, line completeness checked by extraction script; HTTP page returns403 in downloader. Not a third-party assignment file.",,,,,
docs/sources/frr_2024/frr_2024_legifrance_web_278.txt,https://www.legifrance.gouv.fr/jorf/id/JORFTEXT000049746820,Légifrance,596232866ab8561800692f3194b0eb9d8c3fe588d491e739ac43a264ed618436,16168,Official legal text; preserve attribution,archived_official_text,true,true,"Official web-tool snapshots, line completeness checked by extraction script; HTTP page returns403 in downloader. Not a third-party assignment file.",,,,,
docs/sources/frr_2024/frr_2024_legifrance_web_281.txt,https://www.legifrance.gouv.fr/jorf/id/JORFTEXT000049746820,Légifrance,7fdd0ad0ef609c35b7e2193384aa18ccb0209804837ecba72e814cc13ba18bac,14840,Official legal text; preserve attribution,archived_official_text,true,true,"Official web-tool snapshots, line completeness checked by extraction script; HTTP page returns403 in downloader. Not a third-party assignment file.",,,,,
docs/sources/frr_2024/frr_2024_legifrance_web_285.txt,https://www.legifrance.gouv.fr/jorf/id/JORFTEXT000049746820,Légifrance,f2c592bb795b0e72f61de1e4ad0acc0cc387b06c8bdfe28f30d329330ba0a94c,11047,Official legal text; preserve attribution,archived_official_text,true,true,"Official web-tool snapshots, line completeness checked by extraction script; HTTP page returns403 in downloader. Not a third-party assignment file.",,,,,
docs/sources/frr_2024/frr_2024_legifrance_web_299.txt,https://www.legifrance.gouv.fr/jorf/id/JORFTEXT000049746820,Légifrance,b5e6c1c5d0a67ebd216f50c1a9bb573dc6de8408b5b781d35064ae635825e6d7,16217,Official legal text; preserve attribution,archived_official_text,true,true,"Official web-tool snapshots, line completeness checked by extraction script; HTTP page returns403 in downloader. Not a third-party assignment file.",,,,,
docs/sources/frr_2024/frr_2024_legifrance_web_303.txt,https://www.legifrance.gouv.fr/jorf/id/JORFTEXT000049746820,Légifrance,2d73bcebf38f5fa0ba4ea5f057110377d09e43cb5883a12417cb44d6fd994d33,17569,Official legal text; preserve attribution,archived_official_text,true,true,"Official web-tool snapshots, line completeness checked by extraction script; HTTP page returns403 in downloader. Not a third-party assignment file.",,,,,
docs/sources/frr_2024/frr_2024_legifrance_web_314.txt,https://www.legifrance.gouv.fr/jorf/id/JORFTEXT000049746820,Légifrance,8e32ce1a8219d6353708465bf4dd419234ab733ce40d3c959fc2786550c4e4fb,17953,Official legal text; preserve attribution,archived_official_text,true,true,"Official web-tool snapshots, line completeness checked by extraction script; HTTP page returns403 in downloader. Not a third-party assignment file.",,,,,
docs/sources/frr_2024/frr_2024_legifrance_web_317.txt,https://www.legifrance.gouv.fr/jorf/id/JORFTEXT000049746820,Légifrance,02b193b032f38c32f825247925c5efd6e4ca779aeacc89e2bab3f8033a72ac66,10412,Official legal text; preserve attribution,archived_official_text,true,true,"Official web-tool snapshots, line completeness checked by extraction script; HTTP page returns403 in downloader. Not a third-party assignment file.",,,,,
docs/sources/frr_2024/frr_2024_legifrance_web_324.txt,https://www.legifrance.gouv.fr/jorf/id/JORFTEXT000049746820,Légifrance,f035bf2e093f7d877f21e478a710c463ef9fdb6d017149026743d7ffd0c9d297,20556,Official legal text; preserve attribution,archived_official_text,true,true,"Official web-tool snapshots, line completeness checked by extraction script; HTTP page returns403 in downloader. Not a third-party assignment file.",,,,,
docs/sources/frr_2024/frr_2024_legifrance_web_331.txt,https://www.legifrance.gouv.fr/jorf/id/JORFTEXT000049746820,Légifrance,8649aff1c00ff1f8a6d1e0ae0f87e22ce9aae50daad83c288ee4a50a3c9bc40b,21235,Official legal text; preserve attribution,archived_official_text,true,true,"Official web-tool snapshots, line completeness checked by extraction script; HTTP page returns403 in downloader. Not a third-party assignment file.",,,,,
docs/sources/frr_2024/frr_2024_legifrance_web_394.txt,https://www.legifrance.gouv.fr/jorf/id/JORFTEXT000049746820,Légifrance,ce1512a97a9bea44a2f56efbf564a7e46c947c5f54862ec129545f02f1047d16,17705,Official legal text; preserve attribution,archived_official_text,true,true,"Official web-tool snapshots, line completeness checked by extraction script; HTTP page returns403 in downloader. Not a third-party assignment file.",,,,,
data/raw/assignment2024/insee_filosofi2020_geog2023_csv.zip,https://www.insee.fr/fr/statistiques/fichier/6692392/base-cc-filosofi-2020_CSV.zip,INSEE,44229f0a9ce3dcd95014e6cfadb79beae85597944862664c41493ca3be65a8fd,1225829,Licence Ouverte / Open Licence 2.0,http_binary,true,true,"MED20, native COM/EPCI/BV2022/DEP medians; exact initial income thresholds reproduced; never aggregate commune medians.",2020,2023-01-01,2023-04-24,2026-10-03T16:30:28.667850+00:00,https://www.etalab.gouv.fr/licence-ouverte-open-licence
data/raw/assignment2024/base-cc-serie-historique-2020_csv.zip,https://www.insee.fr/fr/statistiques/fichier/7632565/base-cc-serie-historique-2020_csv.zip,INSEE,89bff69833bb186a3e91ba11d338dad96f5d367275fad0bf5cd82fdb0acc7e32,5312044,Licence Ouverte / Open Licence 2.0,http_binary,true,true,P20_POP and SUPERF; exact initial density medians reproduced; exclude 45 municipal arrondissements from whole-commune aggregation.,2020,2023-01-01,2023-06-27,2026-10-03T16:35:57.829018+00:00,https://www.etalab.gouv.fr/licence-ouverte-open-licence
data/raw/assignment2024/mountain_cog2022.xlsx,https://static.data.gouv.fr/resources/communes-de-la-loi-montagne-au-code-officiel-geographique-cog-2020-2022/20220323-152301/dgaln-icapp-sidauh-opendata-loi-montagne-1985-cog-2022.xlsx,DGALN-SIDAUH / Ministère de la Cohésion des territoires,21b0ae60fc6e0bbf8547fff70d29219b69e1825f1626fd93bd5fdae20bceb44f,257936,Licence Ouverte / Open Licence 2.0,http_binary,true,true,"Resource updated2022-03-23, created2022-03-10; publication date null in official metadata. Loi Montagne1985 any/partial coverage; not massif geography; population inside classified parts unobserved. Retrieval UTC was not recorded in the preserved download logs; left blank.",not applicable: legal mountain zoning,2022-01-01,,,https://www.etalab.gouv.fr/licence-ouverte-open-licence
docs/sources/assignment2024/senat_debate_2023_11_26.pdf,https://www.senat.fr/cra/s20231126/s20231126.pdf,Sénat,7c03edeac0af0c5fbef361cb13d9793b9c0417656e27e1f58615fda8d3e4ccda,980421,Official parliamentary record; preserve attribution; resource-specific license not verified,http_binary,false,true,"Optional source-year evidence: minister specifies recensement2020/Filosofi2020, PDF page66 (printed63); not an assignment microdata input.",not applicable: legislative statement,not applicable,2023-11-26,2026-10-03T16:33:24.184518+00:00,
