claim,paper_location,source_url,source_type,verified,notes
stock_date = 2026-09-30,main_fr.tex §4; appendix_fr.tex §1–2,https://www.data.gouv.fr/datasets/base-sirene-des-entreprises-et-de-leurs-etablissements-siren-siret,derived_official_public_data,true,reports/data_quality.json; SHA256 34801affbb69f8b55945bdd49a4e88c76b2fb1061413e0a0ed29d8ff2e435385; Audited raw-data pipeline; no implication of causal clearance.
analysis_start = 2019-01,main_fr.tex §4; appendix_fr.tex §1–2,https://www.data.gouv.fr/datasets/base-sirene-des-entreprises-et-de-leurs-etablissements-siren-siret,derived_official_public_data,true,reports/data_quality.json; SHA256 34801affbb69f8b55945bdd49a4e88c76b2fb1061413e0a0ed29d8ff2e435385; Audited raw-data pipeline; no implication of causal clearance.
analysis_end = 2026-06,main_fr.tex §4; appendix_fr.tex §1–2,https://www.data.gouv.fr/datasets/base-sirene-des-entreprises-et-de-leurs-etablissements-siren-siret,derived_official_public_data,true,reports/data_quality.json; SHA256 34801affbb69f8b55945bdd49a4e88c76b2fb1061413e0a0ed29d8ff2e435385; Audited raw-data pipeline; no implication of causal clearance.
birth_records = 11285045,main_fr.tex §4; appendix_fr.tex §1–2,https://www.data.gouv.fr/datasets/base-sirene-des-entreprises-et-de-leurs-etablissements-siren-siret,derived_official_public_data,true,reports/data_quality.json; SHA256 34801affbb69f8b55945bdd49a4e88c76b2fb1061413e0a0ed29d8ff2e435385; Audited raw-data pipeline; no implication of causal clearance.
births_with_historical_interval = 11285045,main_fr.tex §4; appendix_fr.tex §1–2,https://www.data.gouv.fr/datasets/base-sirene-des-entreprises-et-de-leurs-etablissements-siren-siret,derived_official_public_data,true,reports/data_quality.json; SHA256 34801affbb69f8b55945bdd49a4e88c76b2fb1061413e0a0ed29d8ff2e435385; Audited raw-data pipeline; no implication of causal clearance.
births_known_employer = 11199740,main_fr.tex §4; appendix_fr.tex §1–2,https://www.data.gouv.fr/datasets/base-sirene-des-entreprises-et-de-leurs-etablissements-siren-siret,derived_official_public_data,true,reports/data_quality.json; SHA256 34801affbb69f8b55945bdd49a4e88c76b2fb1061413e0a0ed29d8ff2e435385; Audited raw-data pipeline; no implication of causal clearance.
births_with_partial_diffusion = 2734038,main_fr.tex §4; appendix_fr.tex §1–2,https://www.data.gouv.fr/datasets/base-sirene-des-entreprises-et-de-leurs-etablissements-siren-siret,derived_official_public_data,true,reports/data_quality.json; SHA256 34801affbb69f8b55945bdd49a4e88c76b2fb1061413e0a0ed29d8ff2e435385; Audited raw-data pipeline; no implication of causal clearance.
unit_birth_records_located_at_historical_headquarters = 6953847,main_fr.tex §4; appendix_fr.tex §1–2,https://www.data.gouv.fr/datasets/base-sirene-des-entreprises-et-de-leurs-etablissements-siren-siret,derived_official_public_data,true,reports/data_quality.json; SHA256 34801affbb69f8b55945bdd49a4e88c76b2fb1061413e0a0ed29d8ff2e435385; Audited raw-data pipeline; no implication of causal clearance.
panel_rows = 3068820,main_fr.tex §4; appendix_fr.tex §1–2,https://www.data.gouv.fr/datasets/base-sirene-des-entreprises-et-de-leurs-etablissements-siren-siret,derived_official_public_data,true,reports/data_quality.json; SHA256 34801affbb69f8b55945bdd49a4e88c76b2fb1061413e0a0ed29d8ff2e435385; Audited raw-data pipeline; no implication of causal clearance.
panel_communes = 34098,main_fr.tex §4; appendix_fr.tex §1–2,https://www.data.gouv.fr/datasets/base-sirene-des-entreprises-et-de-leurs-etablissements-siren-siret,derived_official_public_data,true,reports/data_quality.json; SHA256 34801affbb69f8b55945bdd49a4e88c76b2fb1061413e0a0ed29d8ff2e435385; Audited raw-data pipeline; no implication of causal clearance.
Full monthly border pretrend p = 8.141439091068149e-05,main_fr.tex §6.2,https://www.data.gouv.fr/datasets/base-sirene-des-entreprises-et-de-leurs-etablissements-siren-siret,derived_official_public_data,true,reports/pretrend_diagnostics.json; SHA256 98cd4c25b664ccd22c06b8dd11c390bb22599f6d540747caa2be48ba0e09cad4; Failed diagnostic is explicitly retained; verified fact does not mean model passes.
Seasonality-adjusted full pre-period restrictions also reject,main_fr.tex §6.2; appendix_fr.tex §4,https://www.data.gouv.fr/datasets/base-sirene-des-entreprises-et-de-leurs-etablissements-siren-siret,derived_official_public_data,true,reports/additional_diagnostics.json; SHA256 471292ad8e540a6139d89525ce0669480e4436f592035c839092442bead286ad; 
All seven sector tests have Holm-adjusted p>0.05,main_fr.tex §6.3,https://www.data.gouv.fr/datasets/base-sirene-des-entreprises-et-de-leurs-etablissements-siren-siret,derived_official_public_data,true,results/tables/sector_estimates.csv; SHA256 333028132c19fb66f84aa7967867f65c7d139204e82a341a1e87a6748c16d2ec; 
Both treated and adjacent control absolute registrations rise in primary comparison,main_fr.tex §7,https://www.data.gouv.fr/datasets/base-sirene-des-entreprises-et-de-leurs-etablissements-siren-siret,derived_official_public_data,true,results/tables/spatial_descriptive.csv; SHA256 db0cb9c38175b4232025a148a708a7261b24fa127733acaf6c25c003f226deda; Within-group changes are descriptive; no policy counterfactual.
12/18 month retention only for horizons ending by 2026-06-30; unknown separate,"main_fr.tex §4.3, §7; appendix_fr.tex §5",https://www.data.gouv.fr/datasets/base-sirene-des-entreprises-et-de-leurs-etablissements-siren-siret,derived_official_public_data,true,reports/secondary_outcomes_quality.json; SHA256 d92a19fcd13552beaff1b7e33fbc79f6f4e974e0d306d00519a0655fadf3392a; 
"20 commune-month observations, 340 aggregate checks, 180 attribute checks, zero mismatches",appendix_fr.tex §6,https://www.data.gouv.fr/datasets/base-sirene-des-entreprises-et-de-leurs-etablissements-siren-siret,derived_official_public_data,true,reports/review_C_observation_checks.json; SHA256 40aa7380c7a2619c800c7eb43c026563f1b15a76538f22553ab0e6333fcd242d; 
"Historical headquarters/non-headquarters and legal-unit age at registration reconstructed; 20 independent cells, 520 comparisons with zero discrepancy",appendix_fr.tex §2,https://www.data.gouv.fr/datasets/base-sirene-des-entreprises-et-de-leurs-etablissements-siren-siret,derived_official_public_data,true,"reports/birth_structure_quality.json; SHA256 2f14cbcb26c413bc3b635a69a39d8be8e46ef931c682b92b91b65041a571357e; Age rule before1800 is explicitly analyst-defined after source inspection, not official sentinel."
"broad monthly per1000 contrast = -0.006729253884, SE = 0.029704859080",main comparison table,https://www.data.gouv.fr/datasets/base-sirene-des-entreprises-et-de-leurs-etablissements-siren-siret,derived_official_public_data,true,results/tables/broad_did.csv; SHA256 f207d0c59e59aa6e75736153db533e4ef6d1bd72bf88b58085233ad33690ee6a; independent computation audit; no causal clearance
"matched monthly per1000 contrast = -0.017140045464, SE = 0.041620121639",main comparison table,https://www.data.gouv.fr/datasets/base-sirene-des-entreprises-et-de-leurs-etablissements-siren-siret,derived_official_public_data,true,results/tables/matched_did.csv; SHA256 cc13288623a6c5e87484f8018c2a0fba2d8dc7adf44927baa757581778c97ca4; independent computation audit; no causal clearance
"border monthly per1000 contrast = 0.146030387895, SE = 0.047963991006",main comparison table,https://www.data.gouv.fr/datasets/base-sirene-des-entreprises-et-de-leurs-etablissements-siren-siret,derived_official_public_data,true,results/tables/main_border_estimates.csv; SHA256 18c198eee0bb73c4369c34b252f7fabe2e7efac77c64c6e09270f73250e0c868; independent computation audit; no causal clearance
1044480 statutory path field comparisons; zero differences,annexe assignment,https://www.insee.fr/fr/statistiques/6692392,derived_official_public_data,true,reports/review_C_assignment_paths.json; SHA256 9e7570e2f4f571200fe0487364ff8a564a8701fa9745fc1b8391d109820798ab; independent computation audit; no causal clearance
"BV primary RBC=0.444046380608, HC3 SE=0.238674368526, CI=[-0.023746785737,0.911839546952]",bassin table,https://www.data.gouv.fr/datasets/base-sirene-des-entreprises-et-de-leurs-etablissements-siren-siret,derived_official_public_data,true,results/tables/bassin_rd_estimates.csv; SHA256 f4e6fc65ce3d503427121aca7bb0346ab81a2aaaab5a33a6e22b2e2f25847925; independent computation audit; no causal clearance
BV 53 pre-policy HC3 restrictions reject; cluster ranks32/9 cannot test all53,bassin diagnostics,https://www.data.gouv.fr/datasets/base-sirene-des-entreprises-et-de-leurs-etablissements-siren-siret,derived_official_public_data,true,reports/bassin_rd_results.json; SHA256 6e991edb2d6012b8b875fd51946c9b871b9334ea85afc3f5be2c08da411a157d; independent computation audit; no causal clearance
BV coverage -44.3749 percentage points / Holm .072342; all63 covariates retained,annexe covariates,https://www.insee.fr/fr/statistiques/6692392,derived_official_public_data,true,reports/review_B_V_covariate_discontinuities_assignment_only.csv; SHA256 b2e65d0262089fe04d41b262c018d532e982f4135416aa178dca8b50ac2484c9; independent computation audit; no causal clearance
BV independent72-month aggregation and all20 period-bandwidth results agree,annexe audits,https://www.data.gouv.fr/datasets/base-sirene-des-entreprises-et-de-leurs-etablissements-siren-siret,derived_official_public_data,true,reports/review_B_V_results.json; SHA256 7a95c19af997e5f404d1e8ae5fe0de2b5dfa8dbf579815970aa84e8d182b43b1; independent computation audit; no causal clearance
