title,authors,year,journal_or_series,DOI,HAL_ID,URL,verified,used_in_paper
L’impact d’exonérations fiscales sur la création d’établissements et l’emploi en France rurale : une approche par discontinuité de la régression,Adrien Lorenceau,2009,Économie et Statistique 427–428: 27–62,10.3406/estat.2009.8051,,https://www.insee.fr/fr/statistiques/fichier/1377120/es427c.pdf,True,true
Replacing churches and mason lodges? Tax exemptions and rural development,Luc Behaghel; Adrien Lorenceau; Simon Quantin,2015,Journal of Public Economics 125: 1–15,10.1016/j.jpubeco.2015.03.006,,https://www.iza.org/publications/dp/7808/replacing-churches-and-mason-lodges-tax-exemptions-and-rural-development,True,true
Place-based tax exemptions and displacement effects: An evaluation of the Zones Franches Urbaines program,Pauline Givord; Roland Rathelot; Patrick Sillard,2013,Regional Science and Urban Economics 43: 151–163,10.1016/j.regsciurbeco.2012.06.006,,https://www.insee.fr/fr/statistiques/1381018,True,true
A long-term evaluation of the first generation of French urban enterprise zones,Pauline Givord; Simon Quantin; Corentin Trevien,2018,Journal of Urban Economics 105: 149–161,10.1016/j.jue.2017.09.004,,https://www.insee.fr/en/statistiques/fichier/1380935/G2012-01.pdf,True,true
The impact of Urban Enterprise Zones on establishment location decisions and labor market outcomes: evidence from France,Thierry Mayer; Florian Mayneris; Loriane Py,2017,Journal of Economic Geography 17(4): 709–752,10.1093/jeg/lbv035,,https://academic.oup.com/joeg/issue/17/4,True,true
Can Tax Breaks Beat Geography? Lessons from the French Enterprise Zone Experience,Anthony Briant; Miren Lafourcade; Benoît Schmutz,2015,American Economic Journal: Economic Policy 7(2): 88–124,10.1257/pol.20120137,halshs-00695225,https://www.aeaweb.org/articles?id=10.1257/pol.20120137,True,true
Assessing the Incidence and Efficiency of a Prominent Place Based Policy,Matias Busso; Jesse Gregory; Patrick Kline,2013,American Economic Review 103(2): 897–947,10.1257/aer.103.2.897,,https://www.aeaweb.org/articles?id=10.1257/aer.103.2.897,True,true
Difference-in-Differences Estimation with Spatial Spillovers,Kyle Butts,2023,arXiv:2105.03737v3; first version 2021,10.48550/arXiv.2105.03737,,https://arxiv.org/abs/2105.03737,True,true
JUE Insight: Difference-in-differences with geocoded microdata,Kyle Butts,2023,Journal of Urban Economics 133: 103493,10.1016/j.jue.2022.103493,,https://arxiv.org/abs/2110.10192,True,true
Minimum Wage Effects Across State Borders: Estimates Using Contiguous Counties,Arindrajit Dube; T. William Lester; Michael Reich,2010,Review of Economics and Statistics 92(4): 945–964,10.1162/rest_a_00039,,https://escholarship.org/content/qt86w5m90m/qt86w5m90m_noSplash_477de9e826d71c581169a0c3c81f2040.pdf,True,true
A More Credible Approach to Parallel Trends,Ashesh Rambachan; Jonathan Roth,2023,Review of Economic Studies 90(5): 2555–2591,10.1093/restud/rdad018,,https://economics.mit.edu/people/faculty/ashesh-rambachan/publications,True,true
Robust Nonparametric Confidence Intervals for Regression-Discontinuity Designs,Sebastian Calonico; Matias D. Cattaneo; Rocío Titiunik,2014,Econometrica 82(6): 2295–2326,10.3982/ECTA11757,,https://rdpackages.github.io/references/Calonico-Cattaneo-Titiunik_2014_ECMA.pdf,true,true
Inference in Regression Discontinuity Designs with a Discrete Running Variable,Michal Kolesár; Christoph Rothe,2018,American Economic Review 108(8): 2277–2304,10.1257/aer.20160945,,https://www.aeaweb.org/articles?id=10.1257/aer.20160945,true,true
Regression Discontinuity Designs,Matias D. Cattaneo; Rocío Titiunik,2022,Annual Review of Economics 14: 821–851,10.1146/annurev-economics-051520-021409,,https://mdcattaneo.github.io/papers/Cattaneo-Titiunik_2022_ARE.pdf,true,true
