period,bandwidth,point_difference,se_difference
primary_2024H2,500,6.217248937900877e-15,5.551115123125783e-17
placebo_2019H2,500,5.329070518200751e-15,4.773959005888173e-15
placebo_2020H2,500,1.7763568394002505e-15,1.887379141862766e-15
placebo_2021H2,500,8.215650382226158e-15,1.2212453270876722e-15
placebo_2022H2,500,1.7763568394002505e-15,1.1657341758564144e-15
primary_2024H2,750,2.0872192862952943e-14,5.551115123125783e-17
placebo_2019H2,750,1.1546319456101628e-14,1.5543122344752192e-15
placebo_2020H2,750,2.398081733190338e-14,1.1379786002407855e-15
placebo_2021H2,750,2.6645352591003757e-15,1.6930901125533637e-15
placebo_2022H2,750,2.1760371282653068e-14,4.801714581503802e-15
primary_2024H2,1000,3.9968028886505635e-15,1.1102230246251565e-15
placebo_2019H2,1000,3.552713678800501e-15,1.9984014443252818e-15
placebo_2020H2,1000,9.769962616701378e-15,8.881784197001252e-16
placebo_2021H2,1000,3.552713678800501e-15,6.38378239159465e-16
placebo_2022H2,1000,1.3766765505351941e-14,2.1094237467877974e-15
month_2019-01-01,1000,3.552713678800501e-15,3.4416913763379853e-15
month_2019-02-01,1000,6.661338147750939e-16,4.6074255521944e-15
month_2019-03-01,1000,3.774758283725532e-15,2.831068712794149e-15
month_2019-04-01,1000,6.439293542825908e-15,2.942091015256665e-15
month_2019-05-01,1000,3.552713678800501e-15,3.3306690738754696e-16
month_2019-06-01,1000,2.6645352591003757e-15,3.9968028886505635e-15
month_2019-07-01,1000,1.176836406102666e-14,2.220446049250313e-15
month_2019-08-01,1000,2.220446049250313e-15,2.6645352591003757e-15
month_2019-09-01,1000,4.440892098500626e-15,2.7755575615628914e-15
month_2019-10-01,1000,1.865174681370263e-14,4.440892098500626e-15
month_2019-11-01,1000,2.220446049250313e-15,3.2751579226442118e-15
month_2019-12-01,1000,4.6629367034256575e-15,1.942890293094024e-15
month_2020-01-01,1000,1.4210854715202004e-14,1.0880185641326534e-14
month_2020-02-01,1000,7.549516567451064e-15,3.1086244689504383e-15
month_2020-03-01,1000,7.105427357601002e-15,5.88418203051333e-15
month_2020-04-01,1000,2.7755575615628914e-15,4.6074255521944e-15
month_2020-05-01,1000,1.1546319456101628e-14,3.552713678800501e-15
month_2020-06-01,1000,0.0,3.6637359812630166e-15
month_2020-07-01,1000,3.774758283725532e-15,6.494804694057166e-15
month_2020-08-01,1000,0.0,3.219646771412954e-15
month_2020-09-01,1000,2.220446049250313e-15,2.831068712794149e-15
month_2020-10-01,1000,4.440892098500626e-16,4.218847493575595e-15
month_2020-11-01,1000,2.4424906541753444e-15,2.4424906541753444e-15
month_2020-12-01,1000,7.993605777301127e-15,1.4210854715202004e-14
month_2021-01-01,1000,2.1316282072803006e-14,5.995204332975845e-15
month_2021-02-01,1000,1.199040866595169e-14,3.83026943495679e-15
month_2021-03-01,1000,4.440892098500626e-15,5.551115123125783e-16
month_2021-04-01,1000,3.9968028886505635e-15,2.55351295663786e-15
month_2021-05-01,1000,4.884981308350689e-15,5.329070518200751e-15
month_2021-06-01,1000,7.993605777301127e-15,5.9396931817445875e-15
month_2021-07-01,1000,1.0658141036401503e-14,3.9968028886505635e-15
month_2021-08-01,1000,1.0658141036401503e-14,1.9984014443252818e-15
month_2021-09-01,1000,1.0658141036401503e-14,1.609823385706477e-15
month_2021-10-01,1000,7.105427357601002e-15,5.551115123125783e-15
month_2021-11-01,1000,6.661338147750939e-15,2.7200464103316335e-15
month_2021-12-01,1000,2.220446049250313e-15,3.497202527569243e-15
month_2022-01-01,1000,3.907985046680551e-14,6.772360450213455e-15
month_2022-02-01,1000,5.329070518200751e-15,9.43689570931383e-16
month_2022-03-01,1000,9.992007221626409e-15,8.881784197001252e-16
month_2022-04-01,1000,2.220446049250313e-15,2.220446049250313e-16
month_2022-05-01,1000,5.995204332975845e-15,3.2751579226442118e-15
month_2022-06-01,1000,5.773159728050814e-15,8.326672684688674e-15
month_2022-07-01,1000,2.6645352591003757e-15,3.4416913763379853e-15
month_2022-08-01,1000,4.440892098500626e-15,0.0
month_2022-09-01,1000,1.1102230246251565e-14,3.164135620181696e-15
month_2022-10-01,1000,7.549516567451064e-15,1.6653345369377348e-15
month_2022-11-01,1000,6.661338147750939e-15,3.3306690738754696e-15
month_2022-12-01,1000,5.329070518200751e-15,1.7763568394002505e-15
month_2023-01-01,1000,1.2434497875801753e-14,8.326672684688674e-16
month_2023-02-01,1000,5.329070518200751e-15,2.942091015256665e-15
month_2023-03-01,1000,1.021405182655144e-14,6.661338147750939e-16
month_2023-04-01,1000,5.329070518200751e-15,2.3314683517128287e-15
month_2023-05-01,1000,0.0,2.9976021664879227e-15
month_2023-06-01,1000,1.1102230246251565e-14,2.55351295663786e-15
month_2023-07-01,1000,1.4654943925052066e-14,3.4416913763379853e-15
month_2023-08-01,1000,1.3322676295501878e-15,2.220446049250313e-15
month_2023-09-01,1000,1.1546319456101628e-14,3.0531133177191805e-15
month_2023-10-01,1000,4.440892098500626e-16,3.885780586188048e-15
month_2023-11-01,1000,3.552713678800501e-15,5.88418203051333e-15
month_2023-12-01,1000,9.992007221626409e-15,4.6629367034256575e-15
month_2024-01-01,1000,5.329070518200751e-15,1.021405182655144e-14
month_2024-02-01,1000,1.0880185641326534e-14,1.1657341758564144e-15
month_2024-03-01,1000,8.43769498715119e-15,1.4988010832439613e-15
month_2024-04-01,1000,4.440892098500626e-16,4.829470157119431e-15
month_2024-05-01,1000,8.881784197001252e-15,2.7755575615628914e-15
month_2024-06-01,1000,8.881784197001252e-15,5.551115123125783e-15
month_2024-07-01,1000,1.7763568394002505e-15,3.9968028886505635e-15
month_2024-08-01,1000,9.769962616701378e-15,4.996003610813204e-16
month_2024-09-01,1000,1.7763568394002505e-15,1.8318679906315083e-15
month_2024-10-01,1000,1.2434497875801753e-14,4.551914400963142e-15
month_2024-11-01,1000,3.9968028886505635e-15,1.4432899320127035e-15
month_2024-12-01,1000,7.549516567451064e-15,1.0325074129013956e-14
month_2025-01-01,1000,6.217248937900877e-15,5.551115123125783e-16
month_2025-02-01,1000,8.881784197001252e-16,1.9984014443252818e-15
month_2025-03-01,1000,1.554312234475219e-14,2.0539125955565396e-15
month_2025-04-01,1000,1.0658141036401503e-14,6.217248937900877e-15
month_2025-05-01,1000,4.440892098500626e-16,2.4424906541753444e-15
month_2025-06-01,1000,1.687538997430238e-14,4.218847493575595e-15
month_2025-07-01,1000,7.993605777301127e-15,1.4988010832439613e-15
month_2025-08-01,1000,5.10702591327572e-15,4.718447854656915e-15
month_2025-09-01,1000,1.4210854715202004e-14,3.885780586188048e-15
month_2025-10-01,1000,5.773159728050814e-15,2.1094237467877974e-15
month_2025-11-01,1000,2.7533531010703882e-14,3.3306690738754696e-15
month_2025-12-01,1000,4.440892098500626e-15,5.551115123125783e-17
month_2026-01-01,1000,6.661338147750939e-15,8.881784197001252e-16
month_2026-02-01,1000,1.3322676295501878e-15,3.7192471324942744e-15
month_2026-03-01,1000,6.661338147750939e-15,2.7200464103316335e-15
month_2026-04-01,1000,7.549516567451064e-15,5.551115123125783e-16
month_2026-05-01,1000,1.3322676295501878e-15,1.1102230246251565e-16
month_2026-06-01,1000,8.43769498715119e-15,9.992007221626409e-16
primary_2024H2,1500,2.220446049250313e-15,3.2751579226442118e-15
placebo_2019H2,1500,6.217248937900877e-15,4.718447854656915e-15
placebo_2020H2,1500,1.021405182655144e-14,1.9984014443252818e-15
placebo_2021H2,1500,3.9968028886505635e-15,3.191891195797325e-15
placebo_2022H2,1500,9.325873406851315e-15,4.746203430272544e-15
