h,variable,status,n_bv,bias_corrected_jump,hc3_se,hc3_ci_low,hc3_ci_high,hc3_p,left_mean,right_mean,max_weighted_leverage,selected_joint_groups,selected_joint_se,selected_joint_ci_low,selected_joint_ci_high,selected_joint_p,full_joint_groups,full_joint_se,full_joint_ci_low,full_joint_ci_high,full_joint_p,constant_value,hc3_p_holm_within_h,selected_joint_p_holm_within_h,full_joint_p_holm_within_h
500,full_bv_population2020,estimated_assignment_covariate_only,101,-14336.080267003348,13418.235974595396,-40635.33951327004,11963.178979263339,0.2853388753522429,18904.463414634145,20212.383333333335,0.3539142566444222,36.0,10579.218394555444,-35813.035404482216,7140.87487047552,0.18406223807994482,15.0,9132.404077950303,-33923.13896206942,5250.978428062721,0.13878086117590543,,1.0,1.0,1.0
500,full_bv_density2020,estimated_assignment_covariate_only,101,-16.289355621834417,6.631996894309207,-29.287830680261955,-3.29088056340688,0.01404241282565781,47.9443546067786,48.25022646958491,0.3539142566444222,36.0,5.187206474381623,-26.819944610948056,-5.7587666327207785,0.003422308996429458,15.0,4.580016145509389,-26.11251328116755,-6.466197962501283,0.0031591525139751044,,0.6178661643289436,0.15058159584289615,0.12952525307297927
500,full_bv_n_communes,estimated_assignment_covariate_only,101,-20.39758244640049,31.126027609206243,-81.4034755422441,40.60831064944311,0.5122602155515144,30.024390243902438,27.233333333333334,0.3539142566444222,36.0,24.177170077958333,-69.47984710432065,28.68468221151967,0.40458260935166745,15.0,20.411229553874456,-64.17531587756699,23.380150984766004,0.33459439574327643,,1.0,1.0,1.0
500,mapped_full_population2020,estimated_assignment_covariate_only,101,-14336.080267003348,13418.235974595396,-40635.33951327004,11963.178979263339,0.2853388753522429,18904.463414634145,20212.383333333335,0.3539142566444222,36.0,10579.218394555444,-35813.035404482216,7140.87487047552,0.18406223807994482,15.0,9132.404077950303,-33923.13896206942,5250.978428062721,0.13878086117590543,,1.0,1.0,1.0
500,mapped_full_n_communes,estimated_assignment_covariate_only,101,-20.39758244640049,31.126027609206243,-81.4034755422441,40.60831064944311,0.5122602155515144,30.024390243902438,27.233333333333334,0.3539142566444222,36.0,24.177170077958333,-69.47984710432065,28.68468221151967,0.40458260935166745,15.0,20.411229553874456,-64.17531587756699,23.380150984766004,0.33459439574327643,,1.0,1.0,1.0
500,selected_population2020,estimated_assignment_covariate_only,101,-19939.919991955758,10774.078438162995,-41056.72569736478,1176.8857134532664,0.06420827492161585,11507.292682926829,7779.966666666666,0.3539142566444222,36.0,7806.675958309631,-35788.314748201476,-4091.525235710036,0.01515203509558487,15.0,7283.15237816181,-35560.72825870772,-4319.111725203797,0.016023706980626762,,1.0,0.6363854740145645,0.5928771582831902
500,selected_n_communes,estimated_assignment_covariate_only,101,-18.94409026521939,18.915909451984543,-56.01859152592989,18.130410995491108,0.3165900717229083,14.463414634146341,7.35,0.3539142566444222,36.0,13.865378565542377,-47.09230521931933,9.204124688880551,0.18056336744396953,15.0,13.890296469964902,-48.7358132252196,10.847632694780817,0.19414642447401456,,1.0,1.0,1.0
500,selected_population_share,estimated_assignment_covariate_only,101,-0.5933708994589088,0.17234061342977028,-0.9311522948547984,-0.25558950406301906,0.0005752725610987903,0.5857979899659077,0.4077112625006169,0.3539142566444222,36.0,0.13043593619451074,-0.8581699276561408,-0.3285718712616767,6.211215009607205e-05,15.0,0.0954574356870851,-0.798106736783255,-0.3886350621345624,2.2520801485382963e-05,,0.025887265249445564,0.002795046754323242,0.0009683944638714674
500,selected_commune_share,estimated_assignment_covariate_only,101,-0.46033230301588124,0.1884629361456818,-0.8297128702820895,-0.09095173574967297,0.01458344655544745,0.49871630439851766,0.3700884594434571,0.3539142566444222,36.0,0.1610621792327022,-0.7873059100174676,-0.13335869601429484,0.007131219693149793,15.0,0.11059488846735878,-0.6975347475523297,-0.2231298584794328,0.0009582728858056125,,0.6270882018842403,0.3066424468054411,0.040247461203835724
500,mapped_full_population_share,constant_by_construction_no_balance_test,101,0.0,,,,,,,,,,,,,,,,,,1.0,,,
500,fixed_prepolicy_population2020,estimated_assignment_covariate_only,101,-17572.709710345312,10963.509572428835,-39060.793616465955,3915.37419577533,0.10897082861334766,11874.707317073171,8477.083333333334,0.3539142566444222,36.0,8732.242675817728,-35300.10479792887,154.68537723824193,0.05192366365146636,15.0,7489.047744454461,-33635.119617825534,-1510.2998028650945,0.03419368507812012,,1.0,1.0,1.0
500,fixed_prepolicy_population_share,estimated_assignment_covariate_only,101,-0.4531206570299773,0.20971733915778268,-0.864159088712803,-0.042082225347151614,0.030724270312453568,0.612564963050058,0.44404366331701883,0.3539142566444222,36.0,0.20359399539760104,-0.8664384412308108,-0.03980287282914369,0.032578934526148746,15.0,0.062270483836493536,-0.5866775618126348,-0.31956375224731975,4.0531464067438315e-06,,1.0,1.0,0.0001823915883034724
500,log_full_bv_population2020,estimated_assignment_covariate_only,101,-0.5564037613234945,0.49862708643515047,-1.5336948924525298,0.420887369805541,0.2644771372192096,9.674500756790056,9.717143729566548,0.3539142566444222,36.0,0.406940420143711,-1.3825367345827675,0.2697292119357787,0.18025319358645212,15.0,0.2733594382475907,-1.1427014454933762,0.029893922846387366,0.061193763231715784,,1.0,1.0,1.0
500,old_zrr_full_population_share,estimated_assignment_covariate_only,101,0.44597495023355554,0.21222547906230776,0.03002065466967302,0.8619292457974381,0.0356040790923961,0.3754599373647477,0.5208014281000862,0.3539142566444222,36.0,0.2072792974571976,0.025175605103537668,0.8667742953635734,0.03841282964829994,15.0,0.06663774785545609,0.30305119572040856,0.5888987047467025,1.022857151570722e-05,,1.0,1.0,0.0004500571466911177
500,unknown_zrr_full_population_share,estimated_assignment_covariate_only,101,0.0053509630591555305,0.006046004900891459,-0.006498988796944389,0.01720091491525545,0.3761344441621921,0.002795176585276105,0.000457191713519065,0.3539142566444222,36.0,0.005820868437923615,-0.006466028105975386,0.017167954224286446,0.3642455691604489,15.0,0.005187338211682029,-0.005774770882982886,0.016476697001293946,0.31977824834506063,,1.0,1.0,1.0
500,not_analysis_stable_population_share,estimated_assignment_covariate_only,101,0.04699160517170897,0.03792334147531516,-0.02733677829332283,0.12131998863674077,0.2153007266408935,0.0326560884853527,0.04436695684971132,0.3539142566444222,36.0,0.034117803739386124,-0.022271218694107975,0.11625442903752592,0.17715410485746616,15.0,0.021248300833754424,0.0014185324026183346,0.09256467794079962,0.04413400712755441,,1.0,1.0,1.0
500,missing_metadata_population_share,estimated_assignment_covariate_only,101,0.0053509630591555305,0.006046004900891459,-0.006498988796944389,0.01720091491525545,0.3761344441621921,0.002795176585276105,0.000457191713519065,0.3539142566444222,36.0,0.005820868437923615,-0.006466028105975386,0.017167954224286446,0.3642455691604489,15.0,0.005187338211682029,-0.005774770882982886,0.016476697001293946,0.31977824834506063,,1.0,1.0,1.0
500,selected_n_epci,estimated_assignment_covariate_only,101,-0.27217837947040735,0.6272997185917972,-1.5016632354224408,0.9573064764816261,0.6643691268791393,1.4878048780487805,1.4833333333333334,0.3539142566444222,36.0,0.5280722717921263,-1.3442220851247728,0.7998653261839581,0.6095008513065945,15.0,0.5579549470641381,-1.4688727223909646,0.9245159634501499,0.6332321593849117,,1.0,1.0,1.0
500,selected_n_departments,estimated_assignment_covariate_only,101,-0.14051060513246894,0.30906178542200136,-0.7462605735572378,0.4652393632923,0.6493711513516556,1.146341463414634,1.1166666666666667,0.3539142566444222,36.0,0.27578715010033317,-0.7003882850607225,0.4193670747957846,0.6136068648323889,15.0,0.3077043703772762,-0.8004708425315107,0.5194496322665728,0.6549330962333269,,1.0,1.0,1.0
500,full_n_epci_primitives,estimated_assignment_covariate_only,101,-0.5572480969015619,1.539429273087121,-3.5744740288989947,2.459977835095871,0.7173643117749444,3.1951219512195124,3.3833333333333333,0.3539142566444222,36.0,1.350190786190569,-3.2982811165975994,2.1837849227944757,0.6823306021405848,15.0,0.9441523175370945,-2.582253418921038,1.4677572251179143,0.5644557389870383,,1.0,1.0,1.0
500,full_n_departments,estimated_assignment_covariate_only,101,0.7365894735798739,0.5896326416295826,-0.41906926812332057,1.8922482152830684,0.21157929497785855,1.5609756097560976,1.7333333333333334,0.3539142566444222,36.0,0.5324026186678108,-0.3442453035988926,1.8174242507586404,0.17526696665267535,15.0,0.5108291399387315,-0.35903006556077055,1.8322090127205184,0.17131226393572913,,1.0,1.0,1.0
500,eligible_A_epci_full_population_share,estimated_assignment_covariate_only,101,0.24330777351019325,0.19987727935978594,-0.1484444953628383,0.6350600423832248,0.22349549588337636,0.1466984269990293,0.41633152615943786,0.3539142566444222,36.0,0.1301296095088986,-0.02086937845394296,0.5074849254743294,0.06990479651304733,15.0,0.0691680788075076,0.09495699885506204,0.39165854816532447,0.0034134993747140623,,1.0,1.0,0.1365399749885625
500,eligible_A_epci_unknown_full_population_share,constant_by_construction_no_balance_test,101,0.0,,,,,,,,,,,,,,,,,,0.0,,,
500,eligible_A_epci_prepolicy_population_share,estimated_assignment_covariate_only,101,0.1324866104747532,0.195939400307656,-0.25154755728062894,0.5165207782301353,0.49893833488074535,0.02991674154409287,0.0577765018241356,0.3539142566444222,36.0,0.17087895869384853,-0.21441611834079147,0.4793893392902979,0.4433552620202327,15.0,0.07094519297790847,-0.019675694995962334,0.28464891594546876,0.082915928804768,,1.0,1.0,1.0
500,eligible_A_isolated_commune_full_population_share,constant_by_construction_no_balance_test,101,0.0,,,,,,,,,,,,,,,,,,0.0,,,
500,eligible_A_isolated_commune_unknown_full_population_share,constant_by_construction_no_balance_test,101,0.0,,,,,,,,,,,,,,,,,,0.0,,,
500,eligible_A_isolated_commune_prepolicy_population_share,constant_by_construction_no_balance_test,101,0.0,,,,,,,,,,,,,,,,,,0.0,,,
500,eligible_C_department_full_population_share,estimated_assignment_covariate_only,101,0.0868488110595035,0.06575772522801171,-0.04203396209268036,0.21573158421168737,0.18658831000539544,0.035862545483051615,0.023032446378816088,0.3539142566444222,36.0,0.07287266942884968,-0.06109057290077059,0.2347881950197776,0.24136287213296456,15.0,0.06147571853364908,-0.04500349168159497,0.21870111380060198,0.17957821828182768,,1.0,1.0,1.0
500,eligible_C_department_unknown_full_population_share,constant_by_construction_no_balance_test,101,0.0,,,,,,,,,,,,,,,,,,0.0,,,
500,eligible_C_department_prepolicy_population_share,constant_by_construction_no_balance_test,101,0.0,,,,,,,,,,,,,,,,,,0.0,,,
500,eligible_D_potential_full_population_share,estimated_assignment_covariate_only,101,-0.04056915408307435,0.03198880482532735,-0.10326605944919705,0.02212775128304835,0.20471591430511693,0.0012635496452623805,0.028388693733407643,0.3539142566444222,36.0,0.03040087246156044,-0.10228620629301571,0.021147898126867008,0.19066611042321868,15.0,0.03657042373181523,-0.11900491207455294,0.03786660390840424,0.2859747966391254,,1.0,1.0,1.0
500,eligible_D_potential_unknown_full_population_share,constant_by_construction_no_balance_test,101,0.0,,,,,,,,,,,,,,,,,,0.0,,,
500,eligible_D_potential_prepolicy_population_share,estimated_assignment_covariate_only,101,-0.003070342070199619,0.003306629200719779,-0.00955121621383885,0.0034105320734396137,0.35312680882286684,0.0,0.0020484171322160136,0.3539142566444222,36.0,0.0031721781963952077,-0.009510206176524403,0.0033695220361251643,0.3397369029319317,15.0,0.0035125884847148725,-0.010604095092346368,0.004463410951947131,0.39681249491797277,,1.0,1.0,1.0
500,alternative_screen_any_full_population_share,estimated_assignment_covariate_only,101,0.29619882026572186,0.2048980578266123,-0.10539399357664359,0.6977916341080873,0.148291908696446,0.17309755817305492,0.41663908000631,0.3539142566444222,36.0,0.14708672347098595,-0.0024031031930924485,0.5948007437245362,0.051771927140511,15.0,0.088173648692528,0.10708515232492402,0.48531248820651973,0.00467693479532865,,1.0,1.0,0.18240045701781735
500,alternative_screen_any_unknown_full_population_share,constant_by_construction_no_balance_test,101,0.0,,,,,,,,,,,,,,,,,,0.0,,,
500,alternative_screen_any_prepolicy_population_share,estimated_assignment_covariate_only,101,0.1324866104747532,0.195939400307656,-0.25154755728062894,0.5165207782301353,0.49893833488074535,0.02991674154409287,0.0577765018241356,0.3539142566444222,36.0,0.17087895869384853,-0.21441611834079147,0.4793893392902979,0.4433552620202327,15.0,0.07094519297790847,-0.019675694995962334,0.28464891594546876,0.082915928804768,,1.0,1.0,1.0
500,alternative_screen_unknown_full_population_share,constant_by_construction_no_balance_test,101,0.0,,,,,,,,,,,,,,,,,,0.0,,,
500,alternative_screen_unknown_unknown_full_population_share,constant_by_construction_no_balance_test,101,0.0,,,,,,,,,,,,,,,,,,0.0,,,
500,alternative_screen_unknown_prepolicy_population_share,constant_by_construction_no_balance_test,101,0.0,,,,,,,,,,,,,,,,,,0.0,,,
500,administrative_change_since2017_full_population_share,estimated_assignment_covariate_only,101,0.04699160517170897,0.03792334147531516,-0.02733677829332283,0.12131998863674077,0.2153007266408935,0.0326560884853527,0.04436695684971132,0.3539142566444222,36.0,0.034117803739386124,-0.022271218694107975,0.11625442903752592,0.17715410485746616,15.0,0.021248300833754424,0.0014185324026183346,0.09256467794079962,0.04413400712755441,,1.0,1.0,1.0
500,administrative_change_since2017_unknown_full_population_share,estimated_assignment_covariate_only,101,0.0053509630591555305,0.006046004900891459,-0.006498988796944389,0.01720091491525545,0.3761344441621921,0.002795176585276105,0.000457191713519065,0.3539142566444222,36.0,0.005820868437923615,-0.006466028105975386,0.017167954224286446,0.3642455691604489,15.0,0.005187338211682029,-0.005774770882982886,0.016476697001293946,0.31977824834506063,,1.0,1.0,1.0
500,administrative_change_since2017_prepolicy_population_share,constant_by_construction_no_balance_test,101,0.0,,,,,,,,,,,,,,,,,,0.0,,,
500,epci_change_2023_2024_full_population_share,constant_by_construction_no_balance_test,101,0.0,,,,,,,,,,,,,,,,,,0.0,,,
500,epci_change_2023_2024_unknown_full_population_share,estimated_assignment_covariate_only,101,0.0053509630591555305,0.006046004900891459,-0.006498988796944389,0.01720091491525545,0.3761344441621921,0.002795176585276105,0.000457191713519065,0.3539142566444222,36.0,0.005820868437923615,-0.006466028105975386,0.017167954224286446,0.3642455691604489,15.0,0.005187338211682029,-0.005774770882982886,0.016476697001293946,0.31977824834506063,,1.0,1.0,1.0
500,epci_change_2023_2024_prepolicy_population_share,constant_by_construction_no_balance_test,101,0.0,,,,,,,,,,,,,,,,,,0.0,,,
500,full_epci_income_missing_population_share,constant_by_construction_no_balance_test,101,0.0,,,,,,,,,,,,,,,,,,0.0,,,
500,full_weighted_epci_income_mean_diagnostic,estimated_assignment_covariate_only,101,91.51886357086187,372.05194627174944,-637.6895514997983,820.727278641522,0.805694539914258,21924.61714920057,21589.248521903508,0.3539142566444222,36.0,274.72652833721986,-466.2056397072206,649.2433668489443,0.7410256957041936,15.0,300.1381717347387,-552.2134917015303,735.251218843254,0.7649112371893975,,1.0,1.0,1.0
500,full_epci_income_min,estimated_assignment_covariate_only,101,821.5158452624491,904.9409002406055,-952.1357273463916,2595.16741787129,0.36397776937302817,21216.585365853658,20872.333333333332,0.3539142566444222,36.0,672.1722582579184,-543.0663853768879,2186.098075901786,0.22980667976926086,15.0,586.3846252713421,-436.1540930186811,2079.1857835435794,0.18299391599968406,,1.0,1.0,1.0
500,full_epci_income_max,estimated_assignment_covariate_only,101,688.0895199893785,459.9945576514771,-213.48324609195026,1589.662286070707,0.13468897406620456,22700.975609756097,22491.5,0.3539142566444222,36.0,358.70154090532554,-40.11332207813746,1416.2923620568945,0.06326257508425938,15.0,209.75175628059898,238.21674535155404,1137.962294627203,0.005470526679449776,,1.0,1.0,0.2078800138190915
500,full_epci_income_le21570_population_share,estimated_assignment_covariate_only,101,-0.23684502301651067,0.377990958018602,-0.9776936872147621,0.5040036411817408,0.5309285997969774,0.26414554909354776,0.575699533991766,0.3539142566444222,36.0,0.2738879247838229,-0.792867070572183,0.31917702453916164,0.393063566465378,15.0,0.25021563608009806,-0.7735041883897714,0.2998141423567501,0.35991360592678534,,1.0,1.0,1.0
500,full_epci_income_le22822p5_population_share,estimated_assignment_covariate_only,101,-0.07233011646944643,0.04467752670039136,-0.15989645972054012,0.01523622678164728,0.10546074461080296,0.9546114476343206,0.9385628659480775,0.3539142566444222,36.0,0.04245777500958208,-0.15852398213226826,0.013863749193375421,0.09732504731440123,15.0,0.0332214442340237,-0.143583027815955,-0.0010772051229378382,0.0470656409820605,,1.0,1.0,1.0
500,full_epci_income_equals_bv_population_share,estimated_assignment_covariate_only,101,0.0005157703871644285,0.0005583127490700262,-0.0005785024931223714,0.0016100432674512285,0.35558945759716387,0.0,0.0009585102012871417,0.3539142566444222,36.0,0.0004255162581913242,-0.00034807354218919855,0.0013796143165180556,0.23359142713596387,15.0,0.00023718412900291386,7.0610246938077005e-06,0.0010244797496350494,0.04729972285453906,,1.0,1.0,1.0
500,full_weighted_abs_epci_bv_income_difference,estimated_assignment_covariate_only,101,-1.8639461245667235,179.43200863484577,-353.5442207225444,349.816328473411,0.9917116957066467,433.0519219149592,510.1876460659612,0.3539142566444222,36.0,147.37312017241882,-301.04728579758466,297.3193935484512,0.9899806038752919,15.0,153.10176551267128,-330.234574692723,326.50668244358957,0.9904581404537757,,1.0,1.0,1.0
500,full_nearest_epci_income_to21570,estimated_assignment_covariate_only,101,40.06891154903039,263.3276317077772,-476.0437627324404,556.1815858305013,0.8790578093585883,239.02439024390245,286.0,0.3539142566444222,36.0,228.8448907849128,-424.5109155730048,504.64873867106564,0.8620163435381893,15.0,222.20724990284432,-436.5182400012201,516.6560630992808,0.8594837459607357,,1.0,1.0,1.0
500,selected_epci_income_missing_population_share,constant_by_construction_no_balance_test,101,0.0,,,,,,,,,,,,,,,,,,0.0,,,
500,selected_weighted_epci_income_mean_diagnostic,estimated_assignment_covariate_only,101,759.2256639166517,379.86148229901215,14.71083949658862,1503.7404883367149,0.045641815063821686,22243.194214714284,22137.913107010634,0.3539142566444222,36.0,303.18923552268103,143.7187931218965,1374.732534711407,0.017086478858254792,15.0,308.0560167502476,98.51122005800676,1419.9401077752966,0.02726815467738413,,1.0,0.7005456331884465,0.9543854137084445
500,selected_epci_income_min,estimated_assignment_covariate_only,101,746.8520135340696,416.8061190203269,-70.07296828168637,1563.7769953498255,0.07315777774606061,22011.463414634145,22006.666666666668,0.3539142566444222,36.0,316.03488536908685,105.26708714259814,1388.436939925541,0.02380304385030459,15.0,437.23174305319026,-190.91680850112732,1684.6208355692665,0.10967802956960156,,1.0,0.9521217540121836,1.0
500,selected_epci_income_max,estimated_assignment_covariate_only,101,662.473546556128,481.34465965089845,-280.9446505103231,1605.891743622579,0.16872948562311474,22497.80487804878,22333.333333333332,0.3539142566444222,36.0,396.7627487152142,-142.99765524502664,1467.9447483572826,0.10390089557388028,15.0,324.4827779124847,-33.47279596887404,1358.41988908113,0.06050196788434172,,1.0,1.0,1.0
500,selected_epci_income_le21570_population_share,estimated_assignment_covariate_only,101,-0.6357841747050986,0.36088380516073243,-1.3431034354239042,0.07153508601370706,0.07811288974847377,0.169828678061583,0.23253920636626618,0.3539142566444222,36.0,0.2783315840311728,-1.200827330129259,-0.07074101928093834,0.02853325338130697,15.0,0.29648906492992483,-1.271689974279739,0.00012162486954159224,0.05003819030065053,,1.0,1.0,1.0
500,selected_epci_income_le22822p5_population_share,estimated_assignment_covariate_only,101,-0.3163102027603677,0.24022140391379165,-0.7871355027470486,0.15451509722631313,0.18792429532810073,0.8185618036451205,0.8645658448534783,0.3539142566444222,36.0,0.20640896078670326,-0.7353426705153681,0.10272226499463266,0.13440304488971488,15.0,0.14227659861209455,-0.621463157465688,-0.011157248055047364,0.0431779315826519,,1.0,1.0,1.0
500,selected_epci_income_equals_bv_population_share,constant_by_construction_no_balance_test,101,0.0,,,,,,,,,,,,,,,,,,0.0,,,
500,selected_weighted_abs_epci_bv_income_difference,estimated_assignment_covariate_only,101,573.742458892546,338.2460600022505,-89.20763662443903,1236.692554409531,0.08984269798704546,608.8370212821962,877.6513033198659,0.3539142566444222,36.0,254.5726963407549,56.932409735112515,1090.5525080499795,0.03057830693926305,15.0,228.22996513570268,84.23786788574643,1063.2470498993455,0.024792538347192077,,1.0,1.0,0.8925313804989148
500,selected_nearest_epci_income_to21570,estimated_assignment_covariate_only,101,481.82900697438396,400.0531251071899,-302.2607101384047,1265.9187240871727,0.228430161388248,599.0243902439024,678.0,0.3539142566444222,36.0,265.7957359824923,-57.7650239388085,1021.4230378875764,0.07845057028735969,15.0,311.11767527468777,-185.45204133042768,1149.1100552791956,0.1437572466282226,,1.0,1.0,1.0
750,full_bv_population2020,estimated_assignment_covariate_only,158,-7885.303871787153,9595.79027049358,-26692.707205154435,10922.099461580128,0.41122137797436265,17112.354838709678,18947.78125,0.2218568470092223,37.0,8780.366769544013,-25692.71304350746,9922.105299933155,0.37512038958409366,11.0,7268.282359317142,-24080.046183633065,8309.438440058759,0.3034309393884558,,1.0,1.0,1.0
750,full_bv_density2020,estimated_assignment_covariate_only,158,-12.018617720673191,5.439652384592373,-22.680140482891666,-1.3570949584547183,0.027143640633228508,48.046997987845174,49.87477007729041,0.2218568470092223,37.0,3.5502804469621823,-19.218920196955384,-4.818315244390998,0.0017307469928104287,11.0,1.468978862643743,-15.291706597244982,-8.7455288441014,9.667943596479455e-06,,1.0,0.07788361467646929,0.000429977673791035
750,full_bv_n_communes,estimated_assignment_covariate_only,158,-14.089540959049131,19.79659272967333,-52.890149725816336,24.711067807718074,0.4766409966849172,26.56451612903226,24.520833333333332,0.2218568470092223,37.0,18.119367243027362,-50.8373209661946,22.65823904809634,0.441887834967032,11.0,16.33782150082518,-50.49247580150583,22.31339388340757,0.4086790671576884,,1.0,1.0,1.0
750,mapped_full_population2020,estimated_assignment_covariate_only,158,-7885.303871787153,9595.79027049358,-26692.707205154435,10922.099461580128,0.41122137797436265,17112.354838709678,18947.78125,0.2218568470092223,37.0,8780.366769544013,-25692.71304350746,9922.105299933155,0.37512038958409366,11.0,7268.282359317142,-24080.046183633065,8309.438440058759,0.3034309393884558,,1.0,1.0,1.0
750,mapped_full_n_communes,estimated_assignment_covariate_only,158,-14.089540959049131,19.79659272967333,-52.890149725816336,24.711067807718074,0.4766409966849172,26.56451612903226,24.520833333333332,0.2218568470092223,37.0,18.119367243027362,-50.8373209661946,22.65823904809634,0.441887834967032,11.0,16.33782150082518,-50.49247580150583,22.31339388340757,0.4086790671576884,,1.0,1.0,1.0
750,selected_population2020,estimated_assignment_covariate_only,158,-13681.873884211185,7761.947439295677,-28895.011315123607,1531.2635467012387,0.07795351110251078,10423.322580645161,8090.677083333333,0.2218568470092223,37.0,6587.94807667766,-27042.85185729184,-320.8959111305285,0.04501611955781119,11.0,7574.9569804232915,-30559.929834255334,3196.1820658329634,0.10102665760753045,,1.0,1.0,1.0
750,selected_n_communes,estimated_assignment_covariate_only,158,-15.069165166374653,11.905279189863913,-38.40308360440211,8.264753271652808,0.2056008554612352,13.516129032258064,7.6875,0.2218568470092223,37.0,10.580117217890917,-36.52663742564919,6.388307092899886,0.16297345371587033,11.0,12.648234956272049,-43.25118888122546,13.112858548476154,0.2610038670592192,,1.0,1.0,1.0
750,selected_population_share,estimated_assignment_covariate_only,158,-0.5110347133818958,0.15411026588146642,-0.8130852841574618,-0.2089841426063297,0.0009130507604565195,0.5989900866800416,0.46156791870306596,0.2218568470092223,37.0,0.10784509597993996,-0.7297547055739728,-0.29231472118981866,3.3304188220516306e-05,11.0,0.06237812580082835,-0.6500218389914779,-0.3720475877723136,9.555059417578556e-06,,0.04200033498099989,0.00153199265814375,0.000429977673791035
750,selected_commune_share,estimated_assignment_covariate_only,158,-0.4135641529471592,0.15864412341512163,-0.7245009211997251,-0.10262738469459332,0.009137480617497463,0.5430630929836275,0.4144834766238381,0.2218568470092223,37.0,0.13374676665092297,-0.6848151680424281,-0.1423131378518902,0.0038255093889232256,11.0,0.03332109296986733,-0.4878081747832564,-0.339320131111062,2.126283556295254e-07,,0.41118662778738585,0.16832241311262192,9.780904358958168e-06
750,mapped_full_population_share,constant_by_construction_no_balance_test,158,0.0,,,,,,,,,,,,,,,,,,1.0,,,
750,fixed_prepolicy_population2020,estimated_assignment_covariate_only,158,-11661.912007074498,7847.634654462043,-27042.993293648535,3719.169279499538,0.13726810273630577,10842.854838709678,8575.125,0.2218568470092223,37.0,7305.747723370013,-26478.655137517802,3154.8311233688073,0.11917187319793325,11.0,7954.438787282779,-29385.506114596126,6061.682100447131,0.17335045542641025,,1.0,1.0,1.0
750,fixed_prepolicy_population_share,estimated_assignment_covariate_only,158,-0.37771492815319774,0.16733740741784042,-0.7056902199584707,-0.04973963634792483,0.023995232517984643,0.6245210862087056,0.4880804244761119,0.2218568470092223,37.0,0.15392640947186764,-0.6898921557955529,-0.06553770051084262,0.019103392932592247,11.0,0.09459897989563656,-0.5884945906149157,-0.1669352656914798,0.0025477531756169583,,1.0,0.8214458961014666,0.09681462067344442
750,log_full_bv_population2020,estimated_assignment_covariate_only,158,-0.2884039081801113,0.4041494162246003,-1.0805222083532158,0.5037143919929931,0.4754701425683281,9.58354535430522,9.67325374453636,0.2218568470092223,37.0,0.3840158044916711,-1.0672240575513507,0.49041624119112825,0.45752149515191665,11.0,0.27444147358856436,-0.899897618073301,0.32308980171307844,0.31804759759621465,,1.0,1.0,1.0
750,old_zrr_full_population_share,estimated_assignment_covariate_only,158,0.3872402590930749,0.16899496249888946,0.056016219026554515,0.7184642991595953,0.02193851093896627,0.34055291877442184,0.47902013332712007,0.2218568470092223,37.0,0.15838990726700716,0.06601063834900789,0.7084698798371419,0.019515855010054532,11.0,0.09365865194583534,0.1785557778698976,0.5959247403162522,0.002029267288327613,,0.9652944813145159,0.8214458961014666,0.07914142424477691
750,unknown_zrr_full_population_share,estimated_assignment_covariate_only,158,0.0019961029268085245,0.0018665267367783589,-0.0016622222534581326,0.005654428107075182,0.2848799998163243,0.002232023185323261,0.0007209278727403114,0.2218568470092223,37.0,0.001909546302408006,-0.0018766364736995532,0.005868842327316602,0.30283969760469287,11.0,0.0003497542684675764,0.001216801852595342,0.002775404001021707,0.00019636662577598903,,1.0,1.0,0.008443764908367528
750,not_analysis_stable_population_share,estimated_assignment_covariate_only,158,0.030177088400697216,0.035884263344167604,-0.04015477536562212,0.10050895216701655,0.4003725557385195,0.060975803024811655,0.04933472278515535,0.2218568470092223,37.0,0.042189544754475866,-0.055387274219951516,0.11574145102134595,0.47905322733905475,11.0,0.021572176844699326,-0.017888716948435773,0.0782428937498302,0.1920885494272262,,1.0,1.0,1.0
750,missing_metadata_population_share,estimated_assignment_covariate_only,158,0.0019961029268085245,0.0018665267367783589,-0.0016622222534581326,0.005654428107075182,0.2848799998163243,0.002232023185323261,0.0007209278727403114,0.2218568470092223,37.0,0.001909546302408006,-0.0018766364736995532,0.005868842327316602,0.30283969760469287,11.0,0.0003497542684675764,0.001216801852595342,0.002775404001021707,0.00019636662577598903,,1.0,1.0,0.008443764908367528
750,selected_n_epci,estimated_assignment_covariate_only,158,-0.16468840381674088,0.44979213723964545,-1.0462647933357432,0.7168879857022614,0.7142581049920129,1.564516129032258,1.4895833333333333,0.2218568470092223,37.0,0.41218247663795077,-1.0006332119954333,0.6712564043619517,0.6918470940912496,11.0,0.5381418944776489,-1.3637432667724068,1.034366459138925,0.7658568791416915,,1.0,1.0,1.0
750,selected_n_departments,estimated_assignment_covariate_only,158,-0.06932161003344661,0.2239437801079787,-0.5082433536068423,0.36960013353994897,0.7569038193598543,1.1774193548387097,1.1458333333333333,0.2218568470092223,37.0,0.21159147820837784,-0.4984490176464434,0.35980579757955017,0.7450966658104259,11.0,0.26258213886616216,-0.6543910754731952,0.515747855406302,0.7971408955111345,,1.0,1.0,1.0
750,full_n_epci_primitives,estimated_assignment_covariate_only,158,-0.014123579793569263,1.1548380891350234,-2.277564642473272,2.2493174828861333,0.9902421772766534,2.967741935483871,3.28125,0.2218568470092223,37.0,1.1666255142077377,-2.380149786549015,2.3519026269618766,0.9904076077502202,11.0,0.9323288100247087,-2.091481624215861,2.0632344646287226,0.9882115149725796,,1.0,1.0,1.0
750,full_n_departments,estimated_assignment_covariate_only,158,0.43330479341776074,0.42659307681957714,-0.4028022732027391,1.2694118600382605,0.30975640632847257,1.564516129032258,1.7083333333333333,0.2218568470092223,37.0,0.42480725303939837,-0.4282442480444272,1.2948538348799485,0.31453296465918557,11.0,0.420729397524011,-0.5041387233692894,1.370748310204811,0.3273277172977006,,1.0,1.0,1.0
750,eligible_A_epci_full_population_share,estimated_assignment_covariate_only,158,0.19895886924468373,0.15734822111504754,-0.10943797717225431,0.5073557156616217,0.20606875900889443,0.108342365356534,0.3944461809664735,0.2218568470092223,37.0,0.1364169175003664,-0.07770746277005439,0.47562520125942187,0.15338341116363394,11.0,0.054366194500135814,0.07782343904544856,0.3200942994439189,0.004391943431528136,,1.0,1.0,0.16250190696654102
750,eligible_A_epci_unknown_full_population_share,constant_by_construction_no_balance_test,158,0.0,,,,,,,,,,,,,,,,,,0.0,,,
750,eligible_A_epci_prepolicy_population_share,estimated_assignment_covariate_only,158,0.1451212366428603,0.13740770879480138,-0.12419292379311803,0.41443539707883864,0.29090605624184174,0.019783651666254964,0.046282306450443046,0.2218568470092223,37.0,0.1232466993414451,-0.1048346549321657,0.3950771282178863,0.24672772905328846,11.0,0.06145575785816246,0.00818927488213897,0.2820531984035817,0.039858362169313974,,1.0,1.0,1.0
750,eligible_A_isolated_commune_full_population_share,constant_by_construction_no_balance_test,158,0.0,,,,,,,,,,,,,,,,,,0.0,,,
750,eligible_A_isolated_commune_unknown_full_population_share,constant_by_construction_no_balance_test,158,0.0,,,,,,,,,,,,,,,,,,0.0,,,
750,eligible_A_isolated_commune_prepolicy_population_share,constant_by_construction_no_balance_test,158,0.0,,,,,,,,,,,,,,,,,,0.0,,,
750,eligible_C_department_full_population_share,estimated_assignment_covariate_only,158,0.04637921491055087,0.04164898625214868,-0.03525129813626439,0.12800972795736615,0.26546212278963865,0.02783119370088363,0.015063075245463917,0.2218568470092223,37.0,0.03902839732463809,-0.03277404357142909,0.12553247339253082,0.24247798643731533,11.0,0.022225499216932853,-0.003142283399013533,0.09590071322011529,0.06347377663636634,,1.0,1.0,1.0
750,eligible_C_department_unknown_full_population_share,constant_by_construction_no_balance_test,158,0.0,,,,,,,,,,,,,,,,,,0.0,,,
750,eligible_C_department_prepolicy_population_share,constant_by_construction_no_balance_test,158,0.0,,,,,,,,,,,,,,,,,,0.0,,,
750,eligible_D_potential_full_population_share,estimated_assignment_covariate_only,158,-0.019611809339479806,0.016538084560672236,-0.05202585945167531,0.012802240772715696,0.23567863367914343,0.014100591699933676,0.02871036238043082,0.2218568470092223,37.0,0.016756274983857584,-0.053595110113020164,0.014371491434060552,0.24952353382582085,11.0,0.020021748488423207,-0.06422304503080584,0.024999426351846224,0.35042299822119727,,1.0,1.0,1.0
750,eligible_D_potential_unknown_full_population_share,constant_by_construction_no_balance_test,158,0.0,,,,,,,,,,,,,,,,,,0.0,,,
750,eligible_D_potential_prepolicy_population_share,estimated_assignment_covariate_only,158,-0.01105907059997674,0.010741382774324305,-0.032111793981811305,0.009993652781857827,0.30320905619858174,0.012467484545193636,0.0012802607076350084,0.2218568470092223,37.0,0.009333937204437375,-0.029989172649824414,0.007871031449870936,0.24385019874773037,11.0,0.010090837740495608,-0.0335428582184491,0.011424717018495619,0.29879140571851776,,1.0,1.0,1.0
750,alternative_screen_any_full_population_share,estimated_assignment_covariate_only,158,0.20647193484649096,0.15845222601979989,-0.10408872142251724,0.5170325911154992,0.19255605092619354,0.143180513303709,0.39463840212076867,0.2218568470092223,37.0,0.14279663745929524,-0.08313306894488598,0.4960769386378679,0.15685115657984203,11.0,0.06421562542469182,0.0633906049345076,0.3495532647584743,0.009248686782331931,,1.0,1.0,0.32370403738161757
750,alternative_screen_any_unknown_full_population_share,constant_by_construction_no_balance_test,158,0.0,,,,,,,,,,,,,,,,,,0.0,,,
750,alternative_screen_any_prepolicy_population_share,estimated_assignment_covariate_only,158,0.13517424021210497,0.13779700706532552,-0.1349029308133444,0.40525141123755437,0.32660928876231354,0.0322511362114486,0.046282306450443046,0.2218568470092223,37.0,0.12351804301253,-0.11533196183445235,0.38568044225866227,0.2810618413389459,11.0,0.07036527599437613,-0.02160936506020031,0.2919578454844103,0.08366553637964864,,1.0,1.0,1.0
750,alternative_screen_unknown_full_population_share,constant_by_construction_no_balance_test,158,0.0,,,,,,,,,,,,,,,,,,0.0,,,
750,alternative_screen_unknown_unknown_full_population_share,constant_by_construction_no_balance_test,158,0.0,,,,,,,,,,,,,,,,,,0.0,,,
750,alternative_screen_unknown_prepolicy_population_share,constant_by_construction_no_balance_test,158,0.0,,,,,,,,,,,,,,,,,,0.0,,,
750,administrative_change_since2017_full_population_share,estimated_assignment_covariate_only,158,0.030177088400697216,0.035884263344167604,-0.04015477536562212,0.10050895216701655,0.4003725557385195,0.060975803024811655,0.04933472278515535,0.2218568470092223,37.0,0.042189544754475866,-0.055387274219951516,0.11574145102134595,0.47905322733905475,11.0,0.021572176844699326,-0.017888716948435773,0.0782428937498302,0.1920885494272262,,1.0,1.0,1.0
750,administrative_change_since2017_unknown_full_population_share,estimated_assignment_covariate_only,158,0.0019961029268085245,0.0018665267367783589,-0.0016622222534581326,0.005654428107075182,0.2848799998163243,0.002232023185323261,0.0007209278727403114,0.2218568470092223,37.0,0.001909546302408006,-0.0018766364736995532,0.005868842327316602,0.30283969760469287,11.0,0.0003497542684675764,0.001216801852595342,0.002775404001021707,0.00019636662577598903,,1.0,1.0,0.008443764908367528
750,administrative_change_since2017_prepolicy_population_share,constant_by_construction_no_balance_test,158,0.0,,,,,,,,,,,,,,,,,,0.0,,,
750,epci_change_2023_2024_full_population_share,constant_by_construction_no_balance_test,158,0.0,,,,,,,,,,,,,,,,,,0.0,,,
750,epci_change_2023_2024_unknown_full_population_share,estimated_assignment_covariate_only,158,0.0019961029268085245,0.0018665267367783589,-0.0016622222534581326,0.005654428107075182,0.2848799998163243,0.002232023185323261,0.0007209278727403114,0.2218568470092223,37.0,0.001909546302408006,-0.0018766364736995532,0.005868842327316602,0.30283969760469287,11.0,0.0003497542684675764,0.001216801852595342,0.002775404001021707,0.00019636662577598903,,1.0,1.0,0.008443764908367528
750,epci_change_2023_2024_prepolicy_population_share,constant_by_construction_no_balance_test,158,0.0,,,,,,,,,,,,,,,,,,0.0,,,
750,full_epci_income_missing_population_share,constant_by_construction_no_balance_test,158,0.0,,,,,,,,,,,,,,,,,,0.0,,,
750,full_weighted_epci_income_mean_diagnostic,estimated_assignment_covariate_only,158,13.427950630197302,254.56907974659813,-485.5182772506399,512.3741785110345,0.9579328790161485,22029.084638853925,21535.287068701033,0.2218568470092223,37.0,229.3754337956196,-451.76699062298724,478.62289188338184,0.9536411703584111,11.0,216.4406995426031,-468.8319811671466,495.6878824275412,0.9517535839708846,,1.0,1.0,1.0
750,full_epci_income_min,estimated_assignment_covariate_only,158,257.1112656426776,635.0206115582561,-987.5062624521038,1501.728793737459,0.6855609504476237,21377.41935483871,20829.270833333332,0.2218568470092223,37.0,549.8561225123412,-858.0486378269732,1372.2711691123284,0.6428908675569538,11.0,399.4008160360879,-632.809210073831,1147.031741359186,0.5342269752663711,,1.0,1.0,1.0
750,full_epci_income_max,estimated_assignment_covariate_only,158,374.43567056596294,423.5424052608008,-455.69218967067457,1204.5635308026003,0.3766653898304143,22898.064516129034,22345.625,0.2218568470092223,37.0,453.70777894134966,-545.7263541031525,1294.5976952350784,0.41464846970917646,11.0,339.1613261303092,-381.26285726893025,1130.1341984008561,0.295447648916785,,1.0,1.0,1.0
750,full_epci_income_le21570_population_share,estimated_assignment_covariate_only,158,-0.16770233122549488,0.2556181042667973,-0.6687046093848219,0.3332999469338322,0.5117816996867476,0.2151703979437668,0.5810939698344689,0.2218568470092223,37.0,0.21994689726148492,-0.6137753140957758,0.2783706516447861,0.4507483026365844,11.0,0.09736997859627759,-0.38465616355085547,0.0492515010998657,0.11573887868002936,,1.0,1.0,1.0
750,full_epci_income_le22822p5_population_share,estimated_assignment_covariate_only,158,0.012459943286074138,0.034612073263428446,-0.05537847374050735,0.08029836031265562,0.7188558426336595,0.9387012685170385,0.9569793437521028,0.2218568470092223,37.0,0.03920717507555519,-0.06705589328004957,0.09197577985219785,0.7524746429808429,11.0,0.04632712379387724,-0.09076332113885309,0.11568320771100137,0.7934312966179825,,1.0,1.0,1.0
750,full_epci_income_equals_bv_population_share,estimated_assignment_covariate_only,158,-0.0006331450499146166,0.008701006674336062,-0.017686804760855927,0.016420514661026696,0.9419916323555998,0.016336127641760487,0.009216438411718193,0.2218568470092223,37.0,0.008854608135139382,-0.018591122689823488,0.017324832589994257,0.9433919532737636,11.0,0.001645317182575655,-0.004299140188216924,0.0030328500883876905,0.7084309352984892,,1.0,1.0,1.0
750,full_weighted_abs_epci_bv_income_difference,estimated_assignment_covariate_only,158,3.24090691551055,153.78187446548915,-298.16602851190794,304.64784234292904,0.9831860666502626,433.4649205210089,576.1305258969653,0.2218568470092223,37.0,156.14302626812028,-313.43182795379704,319.91364178481814,0.9835549032871042,11.0,173.92390506778295,-384.2857032514783,390.7675170824994,0.9854995921342535,,1.0,1.0,1.0
750,full_nearest_epci_income_to21570,estimated_assignment_covariate_only,158,-6.888896394832528,198.92486297406845,-396.774463453572,382.9966706639069,0.9723742646386191,310.96774193548384,313.4375,0.2218568470092223,37.0,199.87216363884284,-412.24843243375255,398.47063964408756,0.97269554652593,11.0,170.96865270097305,-387.83079394597087,374.05300115630587,0.968652385202989,,1.0,1.0,1.0
750,selected_epci_income_missing_population_share,constant_by_construction_no_balance_test,158,0.0,,,,,,,,,,,,,,,,,,0.0,,,
750,selected_weighted_epci_income_mean_diagnostic,estimated_assignment_covariate_only,158,572.8223188978664,348.1846499434463,-109.60705496097455,1255.2516927567071,0.09993512639021883,22372.91596427376,22030.869776941166,0.2218568470092223,37.0,336.4120507836975,-109.45294315408114,1255.0975809498138,0.09723744290287475,11.0,284.3743945042918,-60.80331800115084,1206.4479557968834,0.07165585467371773,,1.0,1.0,1.0
750,selected_epci_income_min,estimated_assignment_covariate_only,158,658.6713733640972,382.9531868582586,-91.9030806429272,1409.2458273711218,0.08543629024086126,22113.064516129034,21883.958333333332,0.2218568470092223,37.0,330.968448338449,-12.563751224919201,1329.9064979531136,0.05421190553698493,11.0,422.1771106843136,-281.99784936192407,1599.3405960901187,0.14977868947065254,,1.0,1.0,1.0
750,selected_epci_income_max,estimated_assignment_covariate_only,158,394.4068123645302,434.10344779233293,-456.420310873106,1245.2339356021664,0.3635851247385278,22763.709677419356,22198.854166666668,0.2218568470092223,37.0,452.8372772217265,-523.9897529891743,1312.8033777182347,0.3895428273711139,11.0,327.97420923374546,-336.36526567165595,1125.1788904007162,0.25684919632089753,,1.0,1.0,1.0
750,selected_epci_income_le21570_population_share,estimated_assignment_covariate_only,158,-0.42021130125029066,0.2618663236308883,-0.9334598643307419,0.09303726183016053,0.10856454065486701,0.12843509355685329,0.29844264423697003,0.2218568470092223,37.0,0.22644908941390463,-0.8794713410181162,0.039048738517534876,0.07170448122863968,11.0,0.1279672904379665,-0.7053401928558052,-0.13508240964477608,0.008236707210637004,,1.0,1.0,0.29652145958293213
750,selected_epci_income_le22822p5_population_share,estimated_assignment_covariate_only,158,-0.10318126270824979,0.1846355548736343,-0.4650603005261419,0.2586977751096423,0.5762726610997219,0.8294393080429152,0.8924989867573103,0.2218568470092223,37.0,0.17958167968449643,-0.4673897899623698,0.2610272645458702,0.5691591893356513,11.0,0.11824766017255815,-0.3666534684926737,0.16029094307617414,0.4033541830916232,,1.0,1.0,1.0
750,selected_epci_income_equals_bv_population_share,estimated_assignment_covariate_only,158,0.0013133658094034951,0.009659801280442531,-0.017619496798077762,0.020246228416884754,0.8918513291051028,0.016129032258064516,0.010416666666666666,0.2218568470092223,37.0,0.009798182142240793,-0.01855826861378883,0.021185000232595824,0.8941161017096579,11.0,0.0012831677878243413,-0.0015457101922378225,0.004172441811044813,0.33017786395289883,,1.0,1.0,1.0
750,selected_weighted_abs_epci_bv_income_difference,estimated_assignment_covariate_only,158,481.44631569155587,306.241435277042,-118.77586802530044,1081.6684994084121,0.11592421526032956,612.6657016683926,897.6149151539495,0.2218568470092223,37.0,285.04366256230276,-96.64902636854612,1059.5416577516578,0.09985904077909323,11.0,229.87224439911606,-30.740963042494343,993.6335944256061,0.06266331070019596,,1.0,1.0,1.0
750,selected_nearest_epci_income_to21570,estimated_assignment_covariate_only,158,489.33197571384574,322.4257361054861,-142.61085474172285,1121.2748061694142,0.12910065446809174,657.258064516129,634.375,0.2218568470092223,37.0,275.4797417954942,-69.36683601323944,1048.030787440931,0.08413779480439647,11.0,262.35382362033397,-95.22877165617717,1073.8927230838685,0.09173443183814506,,1.0,1.0,1.0
1000,full_bv_population2020,estimated_assignment_covariate_only,198,-4736.867762111429,7863.888050894048,-20149.805120318648,10676.06959609579,0.5469365477527104,15978.886075949367,18571.2268907563,0.1623157990151068,33.0,7097.928714639903,-19194.875430464344,9721.139906241486,0.5093270907976657,10.0,6127.154957689981,-18597.455236873797,9123.719712650938,0.4592886121395906,,1.0,1.0,1.0
1000,full_bv_density2020,estimated_assignment_covariate_only,198,-8.64986886230777,5.073986071844546,-18.59469882118094,1.2949610965654035,0.08824138734432549,46.480958629425,49.163578331917215,0.1623157990151068,33.0,2.6987189387198556,-14.1469794532135,-3.152758271402038,0.003054806069012737,10.0,1.7425933819191892,-12.591888962961312,-4.707848761654228,0.000776479552935857,,1.0,0.13746627310557316,0.029506223011562565
1000,full_bv_n_communes,estimated_assignment_covariate_only,198,-10.694030077830998,15.400688074123526,-40.87882404024863,19.490763884586638,0.48743984993628753,25.848101265822784,24.42016806722689,0.1623157990151068,33.0,13.562026556995937,-38.31897417666741,16.930914021005417,0.43619128577270594,10.0,12.609310013103524,-39.21827104119484,17.830210885532846,0.4183629542714159,,1.0,1.0,1.0
1000,mapped_full_population2020,estimated_assignment_covariate_only,198,-4736.867762111429,7863.888050894048,-20149.805120318648,10676.06959609579,0.5469365477527104,15978.886075949367,18571.2268907563,0.1623157990151068,33.0,7097.928714639903,-19194.875430464344,9721.139906241486,0.5093270907976657,10.0,6127.154957689981,-18597.455236873797,9123.719712650938,0.4592886121395906,,1.0,1.0,1.0
1000,mapped_full_n_communes,estimated_assignment_covariate_only,198,-10.694030077830998,15.400688074123526,-40.87882404024863,19.490763884586638,0.48743984993628753,25.848101265822784,24.42016806722689,0.1623157990151068,33.0,13.562026556995937,-38.31897417666741,16.930914021005417,0.43619128577270594,10.0,12.609310013103524,-39.21827104119484,17.830210885532846,0.4183629542714159,,1.0,1.0,1.0
1000,selected_population2020,estimated_assignment_covariate_only,198,-11113.771197033093,6316.208658966931,-23493.31268744831,1265.7702933821238,0.07848181838193091,9887.620253164558,7566.100840336135,0.1623157990151068,33.0,6067.256817049187,-23472.368911016187,1244.8265169499991,0.07630968724656889,10.0,6646.815950272255,-26149.913508362544,3922.3711142963584,0.1288475871898769,,1.0,1.0,1.0
1000,selected_n_communes,estimated_assignment_covariate_only,198,-12.568929730632966,9.062687852500723,-30.33147152466303,5.193612063397097,0.16547602859267174,13.063291139240507,7.638655462184874,0.1623157990151068,33.0,8.66016528145984,-30.209109152314046,5.071249691048113,0.15641625958660624,10.0,11.379102518907615,-38.310247999343886,13.172388538077954,0.2980029352239448,,1.0,1.0,1.0
1000,selected_population_share,estimated_assignment_covariate_only,198,-0.4437487429463448,0.14038536203825974,-0.7188989964979504,-0.1685984893947392,0.0015726459353240655,0.6090631679745477,0.4461501376942669,0.1623157990151068,33.0,0.1050489135933928,-0.6577263777389857,-0.22977110815370394,0.00018580047897512575,10.0,0.07830838416425193,-0.6208946150861805,-0.2666028708065091,0.00030701585365569567,,0.07234171302490701,0.008546822032855785,0.011973618292572132
1000,selected_commune_share,estimated_assignment_covariate_only,198,-0.31571877260734127,0.14013759306080004,-0.5903834078866395,-0.04105413732804303,0.024264199678518984,0.5559436861758824,0.41516601949657084,0.1623157990151068,33.0,0.1162904001291651,-0.5525945661547544,-0.07884297905992804,0.010594017128444133,10.0,0.0545114715820294,-0.4390322884981811,-0.19240525671650144,0.00026216007167792195,,1.0,0.46613675365154184,0.010486402867116877
1000,mapped_full_population_share,constant_by_construction_no_balance_test,198,0.0,,,,,,,,,,,,,,,,,,1.0,,,
1000,fixed_prepolicy_population2020,estimated_assignment_covariate_only,198,-9110.817951152068,6391.992188743398,-21638.89243055048,3417.256528246344,0.15405642040228587,10220.012658227848,8005.680672268908,0.1623157990151068,33.0,6971.526705323784,-23311.35315204863,5089.71724974449,0.20057394472800208,10.0,6691.644865977001,-24248.37031524092,6026.734412936787,0.2064556001619765,,1.0,1.0,1.0
1000,fixed_prepolicy_population_share,estimated_assignment_covariate_only,198,-0.3219117378721314,0.14871647729826434,-0.613390677284398,-0.03043279845986474,0.0304183046701608,0.6294360822344074,0.47034627226659975,0.1623157990151068,33.0,0.15469818714782813,-0.6370216334463734,-0.006801842297889382,0.04552980119097694,10.0,0.07898194536302665,-0.5005813113023198,-0.14324216444194302,0.0027755690220631494,,1.0,1.0,0.09992048479427337
1000,log_full_bv_population2020,estimated_assignment_covariate_only,198,-0.15093710469721522,0.34564173524134983,-0.8283824573241897,0.5265082479297593,0.662338668441393,9.513348582519008,9.646722419734695,0.1623157990151068,33.0,0.3071296169988575,-0.7765396623263183,0.4746654529318879,0.6264662831908884,10.0,0.22312655730586567,-0.6556844445044175,0.3538102351099871,0.5157525569348296,,1.0,1.0,1.0
1000,old_zrr_full_population_share,estimated_assignment_covariate_only,198,0.3073853375064048,0.15026757291318102,0.012866306552323403,0.6019043684604861,0.04079705837037379,0.3335878722452151,0.4905962162452324,0.1623157990151068,33.0,0.16197918462927516,-0.022555464611445697,0.6373261396242553,0.06679119038738834,10.0,0.0804881407612944,0.12530851336753748,0.4894621616452721,0.004096103061094341,,1.0,1.0,0.14336360713830193
1000,unknown_zrr_full_population_share,estimated_assignment_covariate_only,198,-0.0009473259954364916,0.0012548092827324006,-0.003406706997058535,0.0015120550061855516,0.45027528827389485,0.0021142276268252573,0.0009746311104564825,0.1623157990151068,33.0,0.0013232482230147345,-0.0036426944225695325,0.0017480424316965492,0.47923920632319716,10.0,0.0012111670980915986,-0.0036871763216606225,0.0017925243307876392,0.45420605184432883,,1.0,1.0,1.0
1000,not_analysis_stable_population_share,estimated_assignment_covariate_only,198,0.049841428558088,0.03782359497475953,-0.02429145535827086,0.12397431247444686,0.18759278424954928,0.060674113494649705,0.06307671654700281,0.1623157990151068,33.0,0.033520271255944735,-0.01843712964497303,0.11811998676114903,0.14682788288781823,10.0,0.005346058330806558,0.03774780441262279,0.061935052703553206,6.39274680086346e-06,,1.0,1.0,0.00028128085923799224
1000,missing_metadata_population_share,estimated_assignment_covariate_only,198,-0.0009473259954364916,0.0012548092827324006,-0.003406706997058535,0.0015120550061855516,0.45027528827389485,0.0021142276268252573,0.0009746311104564825,0.1623157990151068,33.0,0.0013232482230147345,-0.0036426944225695325,0.0017480424316965492,0.47923920632319716,10.0,0.0012111670980915986,-0.0036871763216606225,0.0017925243307876392,0.45420605184432883,,1.0,1.0,1.0
1000,selected_n_epci,estimated_assignment_covariate_only,198,-0.01613236559801723,0.3741732163305,-0.7494983935853116,0.7172336623892771,0.9656101020830207,1.5569620253164558,1.4369747899159664,0.1623157990151068,33.0,0.3946268928366358,-0.8199610418430169,0.7876963106469824,0.9676455264792818,10.0,0.3904115408431321,-0.8993046291330558,0.8670398979370213,0.9679418169257384,,1.0,1.0,1.0
1000,selected_n_departments,estimated_assignment_covariate_only,198,-0.004920081422011169,0.18938460816285346,-0.3761070926474343,0.36626692980341197,0.9792738412046667,1.1645569620253164,1.1512605042016806,0.1623157990151068,33.0,0.1690746756650913,-0.3493139258189378,0.33947376297491544,0.9769655308105303,10.0,0.19611564327254802,-0.44856448857656284,0.4387243257325405,0.9805324978447609,,1.0,1.0,1.0
1000,full_n_epci_primitives,estimated_assignment_covariate_only,198,0.10309829300350559,0.9551930680523817,-1.7690457186614794,1.9752423046684906,0.9140476442843919,2.911392405063291,3.2605042016806722,0.1623157990151068,33.0,1.05833818076905,-2.052666036061876,2.258862622068887,0.9230042297641055,10.0,0.5407798598852751,-1.1202307405020393,1.3264273265090505,0.8530329530957793,,1.0,1.0,1.0
1000,full_n_departments,estimated_assignment_covariate_only,198,0.404452417240589,0.3607373783706076,-0.30257985224320016,1.1114846867243782,0.2622102090183084,1.5316455696202531,1.6890756302521008,0.1623157990151068,33.0,0.39266576830470235,-0.3953815790546378,1.2042864135358158,0.3107247862294219,10.0,0.2577592067454074,-0.17863941856097054,0.9875442530421485,0.15106819275044536,,1.0,1.0,1.0
1000,eligible_A_epci_full_population_share,estimated_assignment_covariate_only,198,0.19309733095407106,0.1367040226163346,-0.07483762991569376,0.46103229182383587,0.15779655105687362,0.09447619307242791,0.41097847293784084,0.1623157990151068,33.0,0.12655747783639976,-0.06469181551510433,0.45088647742324645,0.13689173354237275,10.0,0.03031562464287978,0.12451862352521324,0.26167603838292885,0.0001298424143703207,,1.0,1.0,0.0053235389891831495
1000,eligible_A_epci_unknown_full_population_share,constant_by_construction_no_balance_test,198,0.0,,,,,,,,,,,,,,,,,,0.0,,,
1000,eligible_A_epci_prepolicy_population_share,estimated_assignment_covariate_only,198,0.1316148112543983,0.10620205525549717,-0.07653739213050892,0.33976701463930553,0.21523928427828332,0.015906693694356242,0.04469325551740284,0.1623157990151068,33.0,0.10218817337550434,-0.07653568640144826,0.33976530891024487,0.2069943161820722,10.0,0.005716254894635744,0.1186837443004448,0.1445458782083518,2.6134840069328563e-09,,1.0,1.0,1.2022026431891138e-07
1000,eligible_A_isolated_commune_full_population_share,constant_by_construction_no_balance_test,198,0.0,,,,,,,,,,,,,,,,,,0.0,,,
1000,eligible_A_isolated_commune_unknown_full_population_share,constant_by_construction_no_balance_test,198,0.0,,,,,,,,,,,,,,,,,,0.0,,,
1000,eligible_A_isolated_commune_prepolicy_population_share,constant_by_construction_no_balance_test,198,0.0,,,,,,,,,,,,,,,,,,0.0,,,
1000,eligible_C_department_full_population_share,estimated_assignment_covariate_only,198,0.023930382821411137,0.03928692451234292,-0.053070574286124814,0.10093133992894708,0.5424460597575459,0.024588240412591517,0.012717976645200656,0.1623157990151068,33.0,0.041437646790236815,-0.06047534160014467,0.10833610724296694,0.5676409292800515,10.0,0.01613630317534629,-0.012572470986858684,0.06043323662968096,0.17221910132310342,,1.0,1.0,1.0
1000,eligible_C_department_unknown_full_population_share,constant_by_construction_no_balance_test,198,0.0,,,,,,,,,,,,,,,,,,0.0,,,
1000,eligible_C_department_prepolicy_population_share,constant_by_construction_no_balance_test,198,0.0,,,,,,,,,,,,,,,,,,0.0,,,
1000,eligible_D_potential_full_population_share,estimated_assignment_covariate_only,198,0.021153540673365168,0.013955654180267865,-0.006199038900655696,0.04850612024738603,0.12957790574691408,0.013039758187233274,0.031287959362116695,0.1623157990151068,33.0,0.011580870242585185,-0.0024359200700414634,0.0447430014167718,0.07710276765735667,10.0,0.010670690046024237,-0.0029852372456375606,0.045292318592367896,0.07875513220681749,,1.0,1.0,1.0
1000,eligible_D_potential_unknown_full_population_share,constant_by_construction_no_balance_test,198,0.0,,,,,,,,,,,,,,,,,,0.0,,,
1000,eligible_D_potential_prepolicy_population_share,estimated_assignment_covariate_only,198,0.009213224276919835,0.009069133115091518,-0.00856194999965909,0.026988398553498757,0.30968268318417114,0.009784608124076019,0.0010328153607811832,0.1623157990151068,33.0,0.008173991077623049,-0.007436650698235918,0.02586309925207559,0.26806493453614644,10.0,0.0033684864328949,0.0015931785651507845,0.016833269988688886,0.023030644240833297,,1.0,1.0,0.7600112599474989
1000,alternative_screen_any_full_population_share,estimated_assignment_covariate_only,198,0.19814165663854896,0.13726863205363896,-0.0708999183936638,0.4671832316707617,0.14889118487365335,0.12448160296914713,0.41113354210433095,0.1623157990151068,33.0,0.12655822482985798,-0.05964901140650883,0.4559323246836068,0.127275176491273,10.0,0.027200910206613606,0.13660892278158346,0.2596743904955145,4.641678504260711e-05,,1.0,1.0,0.0019495049717894986
1000,alternative_screen_any_unknown_full_population_share,constant_by_construction_no_balance_test,198,0.0,,,,,,,,,,,,,,,,,,0.0,,,
1000,alternative_screen_any_prepolicy_population_share,estimated_assignment_covariate_only,198,0.14016131250366695,0.10656340056661319,-0.06869911467701009,0.349021739684344,0.18841391613208358,0.025691301818432263,0.04469325551740284,0.1623157990151068,33.0,0.10083635973550648,-0.06523563087472378,0.3455582558820577,0.17412694016629118,10.0,0.00644186847585197,0.12558879358958303,0.15473383141775088,4.313802873094988e-09,,1.0,1.0,1.9412112928927447e-07
1000,alternative_screen_unknown_full_population_share,constant_by_construction_no_balance_test,198,0.0,,,,,,,,,,,,,,,,,,0.0,,,
1000,alternative_screen_unknown_unknown_full_population_share,constant_by_construction_no_balance_test,198,0.0,,,,,,,,,,,,,,,,,,0.0,,,
1000,alternative_screen_unknown_prepolicy_population_share,constant_by_construction_no_balance_test,198,0.0,,,,,,,,,,,,,,,,,,0.0,,,
1000,administrative_change_since2017_full_population_share,estimated_assignment_covariate_only,198,0.049841428558088,0.03782359497475953,-0.02429145535827086,0.12397431247444686,0.18759278424954928,0.060674113494649705,0.06307671654700281,0.1623157990151068,33.0,0.033520271255944735,-0.01843712964497303,0.11811998676114903,0.14682788288781823,10.0,0.005346058330806558,0.03774780441262279,0.061935052703553206,6.39274680086346e-06,,1.0,1.0,0.00028128085923799224
1000,administrative_change_since2017_unknown_full_population_share,estimated_assignment_covariate_only,198,-0.0009473259954364916,0.0012548092827324006,-0.003406706997058535,0.0015120550061855516,0.45027528827389485,0.0021142276268252573,0.0009746311104564825,0.1623157990151068,33.0,0.0013232482230147345,-0.0036426944225695325,0.0017480424316965492,0.47923920632319716,10.0,0.0012111670980915986,-0.0036871763216606225,0.0017925243307876392,0.45420605184432883,,1.0,1.0,1.0
1000,administrative_change_since2017_prepolicy_population_share,constant_by_construction_no_balance_test,198,0.0,,,,,,,,,,,,,,,,,,0.0,,,
1000,epci_change_2023_2024_full_population_share,constant_by_construction_no_balance_test,198,0.0,,,,,,,,,,,,,,,,,,0.0,,,
1000,epci_change_2023_2024_unknown_full_population_share,estimated_assignment_covariate_only,198,-0.0009473259954364916,0.0012548092827324006,-0.003406706997058535,0.0015120550061855516,0.45027528827389485,0.0021142276268252573,0.0009746311104564825,0.1623157990151068,33.0,0.0013232482230147345,-0.0036426944225695325,0.0017480424316965492,0.47923920632319716,10.0,0.0012111670980915986,-0.0036871763216606225,0.0017925243307876392,0.45420605184432883,,1.0,1.0,1.0
1000,epci_change_2023_2024_prepolicy_population_share,constant_by_construction_no_balance_test,198,0.0,,,,,,,,,,,,,,,,,,0.0,,,
1000,full_epci_income_missing_population_share,constant_by_construction_no_balance_test,198,0.0,,,,,,,,,,,,,,,,,,0.0,,,
1000,full_weighted_epci_income_mean_diagnostic,estimated_assignment_covariate_only,198,-12.381375731289154,196.71932181772686,-397.9441615571783,373.1814100946,0.9498148427448772,22146.60835023635,21479.15689310096,0.1623157990151068,33.0,182.49466846019155,-384.1108509215498,359.3480994589715,0.9463310686571943,10.0,180.17344483409755,-419.96202449846186,395.19927303588355,0.9467156939377113,,1.0,1.0,1.0
1000,full_epci_income_min,estimated_assignment_covariate_only,198,96.73546618007458,492.81119666993493,-869.1567304710833,1062.6276628312326,0.8443807162067858,21487.59493670886,20773.949579831933,0.1623157990151068,33.0,445.86971561326186,-811.4714243916513,1004.9423567518005,0.8296176014953287,10.0,378.8538594998936,-760.291505719679,953.7624380798281,0.8042022016442039,,1.0,1.0,1.0
1000,full_epci_income_max,estimated_assignment_covariate_only,198,524.7340019976,364.65142242822014,-189.96965287301282,1239.4376568682128,0.1501500525828139,22997.59493670886,22291.344537815126,0.1623157990151068,33.0,409.933464214879,-310.27313986179524,1359.7411438569952,0.20973079575851963,10.0,297.2259624793493,-147.63783797764518,1197.1058419728452,0.11130431270164313,,1.0,1.0,1.0
1000,full_epci_income_le21570_population_share,estimated_assignment_covariate_only,198,-0.11025117781239169,0.19951767327493283,-0.5012986317104897,0.28079627608570634,0.580545197786327,0.1876722381915999,0.6053374551009012,0.1623157990151068,33.0,0.18437159184296323,-0.48580382082413986,0.2653014651993565,0.5540598609878964,10.0,0.06355514600396461,-0.2540229065743097,0.033520550949526356,0.11681388250790249,,1.0,1.0,1.0
1000,full_epci_income_le22822p5_population_share,estimated_assignment_covariate_only,198,0.06835594766909514,0.049654748282898946,-0.02896557062678888,0.16567746596497918,0.16862834322107811,0.8646051752455473,0.9553348510765096,0.1623157990151068,33.0,0.045929973356224396,-0.025200346524432385,0.16191224186262265,0.14647057035531008,10.0,0.02521961719790104,0.011305209983277408,0.12540668535491287,0.02398070054521427,,1.0,1.0,0.7673703637018909
1000,full_epci_income_equals_bv_population_share,estimated_assignment_covariate_only,198,-0.0016758878330489346,0.003565783672112353,-0.008664695407050128,0.005312919740952259,0.6383611272111029,0.012820758402394305,0.009759455916453438,0.1623157990151068,33.0,0.0037241310942664418,-0.009261694634376802,0.005909918968278934,0.6557387005779556,10.0,0.0016173720130529038,-0.005334637517193377,0.001982861851095508,0.3271558323499813,,1.0,1.0,1.0
1000,full_weighted_abs_epci_bv_income_difference,estimated_assignment_covariate_only,198,-37.88556492883674,137.57191704685133,-307.5215676247972,231.75043776712374,0.783018665884718,475.37826241838314,588.9115376668009,0.1623157990151068,33.0,136.28233177085517,-315.48359063738354,239.71246077971006,0.782805888063551,10.0,105.52510879783613,-276.59994564488414,200.82881578721066,0.7278590110946657,,1.0,1.0,1.0
1000,full_nearest_epci_income_to21570,estimated_assignment_covariate_only,198,-2.799555593429176,163.15888163362587,-322.58508735316957,316.9859761663113,0.9863101992272862,366.5822784810127,342.85714285714283,0.1623157990151068,33.0,171.0348906401574,-351.18622723341775,345.58711604655946,0.987042176180309,10.0,104.03223996544789,-238.13683238725676,232.5377212003984,0.9791184033298546,,1.0,1.0,1.0
1000,selected_epci_income_missing_population_share,constant_by_construction_no_balance_test,198,0.0,,,,,,,,,,,,,,,,,,0.0,,,
1000,selected_weighted_epci_income_mean_diagnostic,estimated_assignment_covariate_only,198,640.5291638001836,317.6430670313746,17.960192479847137,1263.09813512052,0.04374708708494037,22453.40104352055,21970.720177191553,0.1623157990151068,33.0,301.16525275296095,27.07561857608846,1253.9827090242788,0.041240058248689794,10.0,230.27865726924014,119.60264983219406,1161.4556777681732,0.021346985596185496,,1.0,1.0,0.7257975102703068
1000,selected_epci_income_min,estimated_assignment_covariate_only,198,732.1524603779217,360.83176705620605,24.935192469811454,1439.369728286032,0.04245128892904199,22192.6582278481,21837.563025210085,0.1623157990151068,33.0,306.34315159244466,108.15188035861877,1356.1530403972247,0.022908965337779114,10.0,282.6813739398212,92.68276554649049,1371.622155209353,0.02921216801116273,,1.0,0.9850855095245019,0.8763650403348819
1000,selected_epci_income_max,estimated_assignment_covariate_only,198,680.676391378227,370.8603065828429,-46.19645281962778,1407.5492355760816,0.06644668938648621,22840.632911392404,22146.55462184874,0.1623157990151068,33.0,412.29878683245806,-159.14875498895537,1520.5015377454092,0.10853497800965158,10.0,295.1136064702551,13.083032679213147,1348.2697500772408,0.04650292578708229,,1.0,1.0,1.0
1000,selected_epci_income_le21570_population_share,estimated_assignment_covariate_only,198,-0.36128137356936496,0.2018560578586646,-0.7569119770335808,0.03434922989485095,0.07348654624809392,0.10440315175861649,0.337028716751552,0.1623157990151068,33.0,0.19126111542591634,-0.7508675168877851,0.02830476974905516,0.06799139923970532,10.0,0.07601573096007987,-0.5332409038417018,-0.18932184329702814,0.0010402222276662293,,1.0,1.0,0.038488222423650485
1000,selected_epci_income_le22822p5_population_share,estimated_assignment_covariate_only,198,0.013605370205778566,0.17125284366847682,-0.32204403563450423,0.34925477604606137,0.9366778035622478,0.7562630645404623,0.8859449763598767,0.1623157990151068,33.0,0.15464499833102963,-0.30139618329402734,0.3286069237055845,0.9304423719458756,10.0,0.08628694315535904,-0.18158925630414166,0.2087999967156988,0.8781930973433099,,1.0,1.0,1.0
1000,selected_epci_income_equals_bv_population_share,estimated_assignment_covariate_only,198,0.0007564001126215622,0.004908293183521558,-0.008863677752644138,0.010376477977887263,0.8775257264393106,0.012658227848101266,0.01410675643865376,0.1623157990151068,33.0,0.00468022905813624,-0.00877691451092701,0.010289714736170134,0.8726243407801464,10.0,0.001810828682479737,-0.0033399789619468073,0.004852779187189932,0.6859487230473948,,1.0,1.0,1.0
1000,selected_weighted_abs_epci_bv_income_difference,estimated_assignment_covariate_only,198,517.9491810496468,289.8288147330059,-50.10485750897658,1086.0032196082702,0.07392349852536441,619.3539770523132,920.666229036932,0.1623157990151068,33.0,276.7509335591486,-45.774023350694165,1081.6723854499878,0.07043700678347431,10.0,191.0943273477434,85.66377968077734,950.2345824185162,0.02398032386568409,,1.0,1.0,0.7673703637018909
1000,selected_nearest_epci_income_to21570,estimated_assignment_covariate_only,198,530.336738020935,300.82100626212855,-59.2616000459351,1119.935076087805,0.07790648671012677,729.746835443038,665.7142857142857,0.1623157990151068,33.0,266.66575264347983,-12.843625097452787,1073.5171011393227,0.055334653158929624,10.0,237.8631716079451,-7.747139384267712,1068.4206154261376,0.0527322947605099,,1.0,1.0,1.0
1500,full_bv_population2020,estimated_assignment_covariate_only,269,-3517.2973857216093,5700.209039563564,-14689.501807615847,7654.907036172628,0.537203667730443,15779.41,17930.834319526628,0.10333261553039606,36.0,4398.679832416015,-12447.09218734425,5412.497415901031,0.42932149302726297,10.0,4001.914624712672,-12570.257218693307,5535.662447250088,0.40230910564465094,,1.0,1.0,1.0
1500,full_bv_density2020,estimated_assignment_covariate_only,269,-6.569077110280574,4.341344719776194,-15.077956405515048,1.9398021849538996,0.13024323753737677,45.46670436423328,48.12397899673352,0.10333261553039606,36.0,2.606994293405381,-11.861556894226238,-1.27659732633491,0.016458648439810483,10.0,1.361684651314061,-9.649421797645147,-3.4887324229160015,0.0009414265001218583,,1.0,0.7241805313516613,0.03859848650499619
1500,full_bv_n_communes,estimated_assignment_covariate_only,269,-6.622498923006042,10.938968386171496,-28.06248298792441,14.817485141912329,0.5449103688511907,24.11,25.224852071005916,0.10333261553039606,36.0,9.485817954940918,-25.87973315927105,12.634735313258968,0.48969780349488823,10.0,8.824522801614362,-26.584956386449175,13.339958540437092,0.4721377618356779,,1.0,1.0,1.0
1500,mapped_full_population2020,estimated_assignment_covariate_only,269,-3517.2973857216093,5700.209039563564,-14689.501807615847,7654.907036172628,0.537203667730443,15779.41,17930.834319526628,0.10333261553039606,36.0,4398.679832416015,-12447.09218734425,5412.497415901031,0.42932149302726297,10.0,4001.914624712672,-12570.257218693307,5535.662447250088,0.40230910564465094,,1.0,1.0,1.0
1500,mapped_full_n_communes,estimated_assignment_covariate_only,269,-6.622498923006042,10.938968386171496,-28.06248298792441,14.817485141912329,0.5449103688511907,24.11,25.224852071005916,0.10333261553039606,36.0,9.485817954940918,-25.87973315927105,12.634735313258968,0.48969780349488823,10.0,8.824522801614362,-26.584956386449175,13.339958540437092,0.4721377618356779,,1.0,1.0,1.0
1500,selected_population2020,estimated_assignment_covariate_only,269,-8945.111887012594,4535.310121509969,-17834.156383892107,-56.06739013307924,0.048572357711960654,10132.85,7303.508875739645,0.10333261553039606,36.0,4434.483988646,-17947.59299006204,57.369216036853686,0.05139862769758177,10.0,4932.754929672597,-20103.778783217396,2213.5550091922087,0.10317560980546205,,1.0,1.0,1.0
1500,selected_n_communes,estimated_assignment_covariate_only,269,-10.639142073568713,6.232943185779652,-22.85548623538118,1.5772020882437516,0.08783672333880205,12.59,7.704142011834319,0.10333261553039606,36.0,6.197294766219858,-23.220319312176,1.9420351650385719,0.09486577742946439,10.0,8.856349930584024,-30.673597504780048,9.395313357642621,0.260292839316494,,1.0,1.0,1.0
1500,selected_population_share,estimated_assignment_covariate_only,269,-0.336911263663235,0.12299005959640649,-0.5779673509286265,-0.09585517639784341,0.006156316829214157,0.6337135006476666,0.4332950274429591,0.10333261553039606,36.0,0.09285139553819967,-0.5254096178944426,-0.14841290943202737,0.000900641820120064,10.0,0.07755165666755384,-0.5123452992761721,-0.16147722805029788,0.0018655859844022456,,0.28319057414385124,0.04142952372552294,0.07275785339168758
1500,selected_commune_share,estimated_assignment_covariate_only,269,-0.23138246249203864,0.11789103065696994,-0.4624446366800071,-0.00032028830407015985,0.04968327532949427,0.5776601585435936,0.39908141527412855,0.10333261553039606,36.0,0.09020469316807656,-0.41450772525794033,-0.04825719972613693,0.01475973104715686,10.0,0.0523078919598058,-0.3497111349567953,-0.11305379002728203,0.0016628023574782578,,1.0,0.6641878971220587,0.06651209429913031
1500,mapped_full_population_share,constant_by_construction_no_balance_test,269,0.0,,,,,,,,,,,,,,,,,,1.0,,,
1500,fixed_prepolicy_population2020,estimated_assignment_covariate_only,269,-7459.239504896312,4576.469756765598,-16428.955404493667,1510.4763947010415,0.10312025732566805,10410.9,7626.763313609467,0.10333261553039606,36.0,4789.589231264434,-17182.622576348702,2264.1435665560784,0.12837624188162505,10.0,4993.679005259611,-18755.72623507365,3837.2472252810257,0.16945020039300956,,1.0,1.0,1.0
1500,fixed_prepolicy_population_share,estimated_assignment_covariate_only,269,-0.25690535144439697,0.12627222414922096,-0.5043943630246389,-0.009416339864155021,0.041897610153075686,0.6513292705637874,0.45089594473072314,0.10333261553039606,36.0,0.11385907340346943,-0.488051559064018,-0.025759143824775982,0.03039925514032001,10.0,0.07791441650198117,-0.43316000681513855,-0.08065069607365535,0.009270096262351788,,1.0,1.0,0.34299356170701617
1500,log_full_bv_population2020,estimated_assignment_covariate_only,269,-0.16559360553778646,0.261079628466166,-0.6773002744285701,0.3461130633529972,0.5259080563966627,9.503471125619159,9.612406206266153,0.10333261553039606,36.0,0.1856043557934407,-0.5423904797518477,0.21120326867627487,0.37838641366225134,10.0,0.1405360860545819,-0.4835083192297433,0.15232110815417038,0.26889184093680457,,1.0,1.0,1.0
1500,old_zrr_full_population_share,estimated_assignment_covariate_only,269,0.2461612211894284,0.1260002787966006,-0.0007947872939146061,0.4931172296727714,0.050741893861215595,0.2989285324259736,0.5200118774390967,0.10333261553039606,36.0,0.12100636934345761,0.000505231416485924,0.49181721096237085,0.04955577283261294,10.0,0.07836746063728997,0.06888170878296018,0.4234407335958966,0.011906627404023953,,1.0,1.0,0.4286385865448623
1500,unknown_zrr_full_population_share,estimated_assignment_covariate_only,269,-0.0025308280837931705,0.002986344437117395,-0.008383955625974805,0.003322299458388464,0.39673492503393704,0.0017227939559466303,0.0007048075059396041,0.10333261553039606,36.0,0.003090089856187645,-0.008804043999845669,0.0037423878322593285,0.418320235515776,10.0,0.0013577311193153465,-0.005602229260428726,0.0005405730928423843,0.09520282830735906,,1.0,1.0,1.0
1500,not_analysis_stable_population_share,estimated_assignment_covariate_only,269,0.014922385927787447,0.03865426178061569,-0.06083857501120241,0.09068334686677731,0.699461398419641,0.07342974336946936,0.0591923962546141,0.10333261553039606,36.0,0.042379169653516624,-0.07111190237848297,0.10095667423405785,0.7268626289408208,10.0,0.009632257969242483,-0.006867295430703434,0.03671206728627833,0.15574078669621302,,1.0,1.0,1.0
1500,missing_metadata_population_share,estimated_assignment_covariate_only,269,-0.0025308280837931705,0.002986344437117395,-0.008383955625974805,0.003322299458388464,0.39673492503393704,0.0017227939559466303,0.0007048075059396041,0.10333261553039606,36.0,0.003090089856187645,-0.008804043999845669,0.0037423878322593285,0.418320235515776,10.0,0.0013577311193153465,-0.005602229260428726,0.0005405730928423843,0.09520282830735906,,1.0,1.0,1.0
1500,selected_n_epci,estimated_assignment_covariate_only,269,0.14881687900139484,0.3007889777586104,-0.44071868435210093,0.7383524423548906,0.6207730062160239,1.58,1.4615384615384615,0.10333261553039606,36.0,0.21196624026162367,-0.2814974658751443,0.579131223877934,0.4872733988227249,10.0,0.24781478329414816,-0.41177910806056905,0.7094128660633587,0.5629766324890818,,1.0,1.0,1.0
1500,selected_n_departments,estimated_assignment_covariate_only,269,-0.031119890191611876,0.15319817776602038,-0.3313828011101767,0.26914302072695295,0.8390296263843592,1.18,1.1479289940828403,0.10333261553039606,36.0,0.11262383177423255,-0.25975842398641424,0.19751864360319046,0.7839296853183766,10.0,0.11426174181612846,-0.28959790786822875,0.227358127485005,0.7914935864239647,,1.0,1.0,1.0
1500,full_n_epci_primitives,estimated_assignment_covariate_only,269,0.22010463868477537,0.7043344617175843,-1.1603655393520953,1.600574816721646,0.7546604342488231,2.81,3.3195266272189348,0.10333261553039606,36.0,0.6014901855498104,-1.0009853557646642,1.441194633134215,0.7166182374773971,10.0,0.25015817912047117,-0.34579247803084245,0.7860017554003932,0.4018166588920423,,1.0,1.0,1.0
1500,full_n_departments,estimated_assignment_covariate_only,269,0.31014751448001676,0.2746917370368962,-0.22823839696304704,0.8485334259230806,0.25886628632319897,1.49,1.6923076923076923,0.10333261553039606,36.0,0.2528330373648295,-0.20313083919793862,0.8234258681579721,0.22812792519434497,10.0,0.24889636234467138,-0.2528951743781588,0.8731902033381923,0.2441899601461649,,1.0,1.0,1.0
1500,eligible_A_epci_full_population_share,estimated_assignment_covariate_only,269,0.18149972609939918,0.11286722104391694,-0.03971596218179932,0.40271541438059766,0.10781726056236526,0.08944185033431047,0.43226989654923026,0.10333261553039606,36.0,0.1238460142238225,-0.06992104925858755,0.4329205014573859,0.15170378046199745,10.0,0.04981384209589837,0.06881298639851396,0.2941864658002844,0.005371054060802124,,1.0,1.0,0.2041000543104807
1500,eligible_A_epci_unknown_full_population_share,constant_by_construction_no_balance_test,269,0.0,,,,,,,,,,,,,,,,,,0.0,,,
1500,eligible_A_epci_prepolicy_population_share,estimated_assignment_covariate_only,269,0.08119908214589977,0.07777286026419813,-0.07123292294659483,0.23363108723839437,0.29646030967386006,0.021067596919064995,0.03224096282688749,0.10333261553039606,36.0,0.04176261620470115,-0.003583536115740263,0.1659817004075398,0.059931357437763795,10.0,0.012600605014524134,0.052694533257423945,0.1097036310343756,0.00011896486204994312,,1.0,1.0,0.005234453930197497
1500,eligible_A_isolated_commune_full_population_share,constant_by_construction_no_balance_test,269,0.0,,,,,,,,,,,,,,,,,,0.0,,,
1500,eligible_A_isolated_commune_unknown_full_population_share,constant_by_construction_no_balance_test,269,0.0,,,,,,,,,,,,,,,,,,0.0,,,
1500,eligible_A_isolated_commune_prepolicy_population_share,constant_by_construction_no_balance_test,269,0.0,,,,,,,,,,,,,,,,,,0.0,,,
1500,eligible_C_department_full_population_share,estimated_assignment_covariate_only,269,0.007232175305404549,0.0436938746855386,-0.07840624542325747,0.09287059603406658,0.868535336636199,0.0194247099259473,0.018437102280970945,0.10333261553039606,36.0,0.04173479662214606,-0.07749396620112978,0.09195831681193889,0.8634227014982466,10.0,0.03851086053641311,-0.07988544370036174,0.09434979431117085,0.8552025696294938,,1.0,1.0,1.0
1500,eligible_C_department_unknown_full_population_share,constant_by_construction_no_balance_test,269,0.0,,,,,,,,,,,,,,,,,,0.0,,,
1500,eligible_C_department_prepolicy_population_share,constant_by_construction_no_balance_test,269,0.0,,,,,,,,,,,,,,,,,,0.0,,,
1500,eligible_D_potential_full_population_share,estimated_assignment_covariate_only,269,0.040043995294830714,0.028076436863632426,-0.014984809772101551,0.09507280036176298,0.15379642575899347,0.015808349865908577,0.040434262614143485,0.10333261553039606,36.0,0.030907644553728537,-0.0227018589572371,0.10278984954689853,0.20359273351605933,10.0,0.027022324110110487,-0.021084748744764313,0.10117273933442575,0.17251311491794116,,1.0,1.0,1.0
1500,eligible_D_potential_unknown_full_population_share,constant_by_construction_no_balance_test,269,0.0,,,,,,,,,,,,,,,,,,0.0,,,
1500,eligible_D_potential_prepolicy_population_share,estimated_assignment_covariate_only,269,0.014480921752309818,0.012694087406029397,-0.01039903238011128,0.03936087588473092,0.2539693315885828,0.00782605419178135,0.0007272486859938509,0.10333261553039606,36.0,0.010758166349536146,-0.007359317047319557,0.036321160551939194,0.1869439163360484,10.0,0.002942953662853521,0.007823498044270887,0.021138345460348748,0.0008239940913811994,,1.0,1.0,0.034607751838010375
1500,alternative_screen_any_full_population_share,estimated_assignment_covariate_only,269,0.16787144029797155,0.11603567842958798,-0.05955431034569211,0.3952971909416352,0.14797462751753174,0.11807801452710462,0.4327334963131879,0.10333261553039606,36.0,0.12537344950493762,-0.08665019353409628,0.42239307413003935,0.18921196312938723,10.0,0.027323710610218432,0.10606091262840389,0.2296819679675392,0.0001699881579576558,,1.0,1.0,0.0073094907921792
1500,alternative_screen_any_unknown_full_population_share,constant_by_construction_no_balance_test,269,0.0,,,,,,,,,,,,,,,,,,0.0,,,
1500,alternative_screen_any_prepolicy_population_share,estimated_assignment_covariate_only,269,0.0933682288319444,0.07865435593474689,-0.06079147602735374,0.24752793369124254,0.2351999978132685,0.028893651110846345,0.03224096282688749,0.10333261553039606,36.0,0.038949767560908594,0.01429599690303586,0.17244046076085295,0.021996009927982212,10.0,0.009729308922158753,0.07135900296516315,0.11537745469872565,5.035597483723452e-06,,1.0,0.9458284269032351,0.00023163748425127878
1500,alternative_screen_unknown_full_population_share,constant_by_construction_no_balance_test,269,0.0,,,,,,,,,,,,,,,,,,0.0,,,
1500,alternative_screen_unknown_unknown_full_population_share,constant_by_construction_no_balance_test,269,0.0,,,,,,,,,,,,,,,,,,0.0,,,
1500,alternative_screen_unknown_prepolicy_population_share,constant_by_construction_no_balance_test,269,0.0,,,,,,,,,,,,,,,,,,0.0,,,
1500,administrative_change_since2017_full_population_share,estimated_assignment_covariate_only,269,0.014922385927787447,0.03865426178061569,-0.06083857501120241,0.09068334686677731,0.699461398419641,0.07342974336946936,0.0591923962546141,0.10333261553039606,36.0,0.042379169653516624,-0.07111190237848297,0.10095667423405785,0.7268626289408208,10.0,0.009632257969242483,-0.006867295430703434,0.03671206728627833,0.15574078669621302,,1.0,1.0,1.0
1500,administrative_change_since2017_unknown_full_population_share,estimated_assignment_covariate_only,269,-0.0025308280837931705,0.002986344437117395,-0.008383955625974805,0.003322299458388464,0.39673492503393704,0.0017227939559466303,0.0007048075059396041,0.10333261553039606,36.0,0.003090089856187645,-0.008804043999845669,0.0037423878322593285,0.418320235515776,10.0,0.0013577311193153465,-0.005602229260428726,0.0005405730928423843,0.09520282830735906,,1.0,1.0,1.0
1500,administrative_change_since2017_prepolicy_population_share,constant_by_construction_no_balance_test,269,0.0,,,,,,,,,,,,,,,,,,0.0,,,
1500,epci_change_2023_2024_full_population_share,constant_by_construction_no_balance_test,269,0.0,,,,,,,,,,,,,,,,,,0.0,,,
1500,epci_change_2023_2024_unknown_full_population_share,estimated_assignment_covariate_only,269,-0.0025308280837931705,0.002986344437117395,-0.008383955625974805,0.003322299458388464,0.39673492503393704,0.0017227939559466303,0.0007048075059396041,0.10333261553039606,36.0,0.003090089856187645,-0.008804043999845669,0.0037423878322593285,0.418320235515776,10.0,0.0013577311193153465,-0.005602229260428726,0.0005405730928423843,0.09520282830735906,,1.0,1.0,1.0
1500,epci_change_2023_2024_prepolicy_population_share,constant_by_construction_no_balance_test,269,0.0,,,,,,,,,,,,,,,,,,0.0,,,
1500,full_epci_income_missing_population_share,constant_by_construction_no_balance_test,269,0.0,,,,,,,,,,,,,,,,,,0.0,,,
1500,full_weighted_epci_income_mean_diagnostic,estimated_assignment_covariate_only,269,-27.229676803355687,143.88612120983015,-309.2412922497876,254.78193864307622,0.8499010842792449,22296.44984546922,21290.91699403319,0.10333261553039606,36.0,177.96820910316129,-388.5243490801982,334.0649954734868,0.8792745871654823,10.0,178.1259666044736,-430.1786080278283,375.71925442111694,0.8818751299730778,,1.0,1.0,1.0
1500,full_epci_income_min,estimated_assignment_covariate_only,269,47.550858338243415,345.85269572714003,-630.3079692430409,725.4096859195278,0.8906444764586544,21615.4,20607.57396449704,0.10333261553039606,36.0,372.33800883992495,-708.3354853966343,803.4372020731212,0.8991103440350803,10.0,276.5636125178767,-578.0794986725956,673.1812153490824,0.8672929001570646,,1.0,1.0,1.0
1500,full_epci_income_max,estimated_assignment_covariate_only,269,483.04459573051645,343.4707562838317,-190.14571632852812,1156.234907789561,0.15961633325750846,23086.0,22180.1775147929,0.10333261553039606,36.0,290.233166366303,-106.16005635091597,1072.2492478119489,0.10497504230738258,10.0,357.3991720788627,-325.44850134538297,1291.5376928064159,0.2095068279115244,,1.0,1.0,1.0
1500,full_epci_income_le21570_population_share,estimated_assignment_covariate_only,269,0.001526503915004418,0.14949860478828794,-0.29148537720902723,0.29453838503903607,0.9918530828877702,0.1644511167403358,0.6614004954738443,0.10333261553039606,36.0,0.15604404715899425,-0.3152597533787401,0.31831276120874896,0.9922503520868642,10.0,0.02389546397843161,-0.052528791080824,0.055581798910832834,0.9504600938604804,,1.0,1.0,1.0
1500,full_epci_income_le22822p5_population_share,estimated_assignment_covariate_only,269,0.015034705723606545,0.049373620732379615,-0.08173581269819763,0.11180522414541072,0.7607402320171264,0.7570955769171117,0.9666388935423723,0.10333261553039606,36.0,0.05512035391323042,-0.09686556176360732,0.12693497321082042,0.7866395320337933,10.0,0.0649041702344146,-0.13178872786393508,0.16185813931114817,0.8219949539633056,,1.0,1.0,1.0
1500,full_epci_income_equals_bv_population_share,estimated_assignment_covariate_only,269,-0.0027343014377179814,0.019111734290238817,-0.040192612328685234,0.03472400945324927,0.8862354922252932,0.020128399137891502,0.006872042923419877,0.10333261553039606,36.0,0.019065047696453064,-0.041438405918758275,0.03596980304332231,0.8867813645523128,10.0,0.009022047485075159,-0.023143590778670103,0.01767498790323414,0.7687258138952466,,1.0,1.0,1.0
1500,full_weighted_abs_epci_bv_income_difference,estimated_assignment_covariate_only,269,-33.49937902995214,119.41160757126745,-267.5418292056668,200.5430711457625,0.7790655113945262,497.96628932314167,612.2973350018136,0.10333261553039606,36.0,128.02154931579528,-293.3969412828404,226.3981832229361,0.7951098027090892,10.0,121.71996430044163,-308.84906812077395,241.85031006086967,0.7893637232100639,,1.0,1.0,1.0
1500,full_nearest_epci_income_to21570,estimated_assignment_covariate_only,269,5.458037077322672,123.84378884994351,-237.2713287775497,248.18740293219506,0.9648470529496254,472.0,369.9408284023669,0.10333261553039606,36.0,117.68352806258584,-233.4522262670045,244.36830042164985,0.963271849050767,10.0,69.11497348395021,-150.890895242049,161.80696939669434,0.9387841464507237,,1.0,1.0,1.0
1500,selected_epci_income_missing_population_share,constant_by_construction_no_balance_test,269,0.0,,,,,,,,,,,,,,,,,,0.0,,,
1500,selected_weighted_epci_income_mean_diagnostic,estimated_assignment_covariate_only,269,451.16599263646276,271.7724487208925,-81.4982188467452,983.8302041196707,0.09689688992728739,22577.33369530355,21799.117981189956,0.10333261553039606,36.0,252.9264232483289,-62.301944463971495,964.633929736897,0.08313192512045617,10.0,201.41549824642144,-4.467519408725138,906.7995046816507,0.05184524432430539,,1.0,1.0,1.0
1500,selected_epci_income_min,estimated_assignment_covariate_only,269,490.69200056214686,304.2080168289102,-105.54475623087183,1086.9287573551655,0.10674131589686751,22317.4,21649.6449704142,0.10333261553039606,36.0,241.1633970654204,1.1042761758515098,980.2797249484422,0.04951300379472968,10.0,270.01819956354575,-120.13160365095462,1101.5156047752484,0.10254868724404516,,1.0,1.0,1.0
1500,selected_epci_income_max,estimated_assignment_covariate_only,269,591.7372007308877,347.3181553012176,-88.99387483638804,1272.4682762981633,0.08843108872542293,22962.0,21998.63905325444,0.10333261553039606,36.0,327.5305854128437,-73.1852374602023,1256.6596389219776,0.07941907605316127,10.0,257.9507604955138,8.212040241475165,1175.2623612203001,0.047463606154917154,,1.0,1.0,1.0
1500,selected_epci_income_le21570_population_share,estimated_assignment_covariate_only,269,-0.2799675994180916,0.14417259284116465,-0.5625406889445315,0.002605490108348374,0.05215018048958865,0.08411456832067957,0.40580945251691136,0.10333261553039606,36.0,0.12752039346371655,-0.5388477612023856,-0.021087437633797446,0.0348505652396403,10.0,0.040966017724657355,-0.37263916984289963,-0.18729602899328351,7.607514450894926e-05,,1.0,1.0,0.0034233815029027165
1500,selected_epci_income_le22822p5_population_share,estimated_assignment_covariate_only,269,0.06276939772207657,0.14174742671593582,-0.21505045354238833,0.34058924898654147,0.6578918419735313,0.6559827323431755,0.9091266547522504,0.10333261553039606,36.0,0.09415339802500493,-0.12837216208019608,0.2539109575243492,0.5093531407303176,10.0,0.10040537580869555,-0.16436334234126512,0.2899021377854183,0.5473877329454059,,1.0,1.0,1.0
1500,selected_epci_income_equals_bv_population_share,estimated_assignment_covariate_only,269,-0.006138213551780153,0.02001328140644797,-0.045363524320883294,0.03308709721732299,0.7590663992433965,0.02,0.009933159859170398,0.10333261553039606,36.0,0.020201807113811376,-0.047150062338512794,0.03487363523495249,0.7630452179083989,10.0,0.008806573763576542,-0.026060067470261718,0.013783640366701412,0.5034049614835322,,1.0,1.0,1.0
1500,selected_weighted_abs_epci_bv_income_difference,estimated_assignment_covariate_only,269,373.0915883010399,250.65809957988694,-118.18925930879294,864.3724359108728,0.1366327425548966,602.8979767607018,995.604552216511,0.10333261553039606,36.0,269.1331859944744,-173.27782634161656,919.4610029436964,0.1744325694908425,10.0,161.0268285305866,8.823594747107961,737.3595818549718,0.04571326567104454,,1.0,1.0,1.0
1500,selected_nearest_epci_income_to21570,estimated_assignment_covariate_only,269,353.22211652303224,248.20946400126724,-133.25949354144262,839.7037265875072,0.1547127406284429,856.5,670.1775147928994,0.10333261553039606,36.0,212.79947119428914,-78.78377707597451,785.228010122039,0.10587318489836452,10.0,234.86540538358526,-178.08034254551183,884.5245755915763,0.1668527987282325,,1.0,1.0,1.0
