h,membership_scope,graph,n_bv,n_components,largest_component_bv,largest_component_share,size_effective_components,n_membership_nodes,n_cross_threshold_nodes,cross_threshold_bv,cross_threshold_bv_share
500,selected,epci,101,74,8,0.07920792079207921,51.78172588832487,122,13,25,0.24752475247524752
500,selected,department,101,36,10,0.09900990099009901,23.55889145496536,48,19,62,0.6138613861386139
500,selected,joint,101,36,10,0.09900990099009901,23.55889145496536,170,32,62,0.6138613861386139
500,full,epci,101,45,12,0.1188118811881188,26.223650385604113,261,27,46,0.45544554455445546
500,full,department,101,15,44,0.43564356435643564,4.2275176129299625,60,26,75,0.7425742574257426
500,full,joint,101,15,44,0.43564356435643564,4.2275176129299625,321,53,75,0.7425742574257426
750,selected,epci,158,93,9,0.056962025316455694,58.60093896713615,169,23,51,0.3227848101265823
750,selected,department,158,37,19,0.12025316455696203,20.803333333333335,58,27,113,0.7151898734177216
750,selected,joint,158,37,19,0.12025316455696203,20.803333333333335,227,50,113,0.7151898734177216
750,full,epci,158,51,20,0.12658227848101267,19.687697160883282,343,52,85,0.5379746835443038
750,full,department,158,11,94,0.5949367088607594,2.5359609914668835,68,35,131,0.8291139240506329
750,full,joint,158,11,94,0.5949367088607594,2.5359609914668835,411,87,131,0.8291139240506329
1000,selected,epci,198,110,11,0.05555555555555555,66.90102389078498,199,29,63,0.3181818181818182
1000,selected,department,198,33,35,0.17676767676767677,12.367192429022081,60,33,153,0.7727272727272727
1000,selected,joint,198,33,35,0.17676767676767677,12.367192429022081,259,62,153,0.7727272727272727
1000,full,epci,198,56,24,0.12121212121212122,18.81190019193858,406,68,105,0.5303030303030303
1000,full,department,198,10,157,0.7929292929292929,1.571554557844945,70,41,172,0.8686868686868687
1000,full,joint,198,10,157,0.7929292929292929,1.571554557844945,476,109,172,0.8686868686868687
1500,selected,epci,269,130,12,0.04460966542750929,74.5221421215242,255,37,87,0.32342007434944237
1500,selected,department,269,36,80,0.29739776951672864,8.193975767183785,70,39,203,0.7546468401486989
1500,selected,joint,269,36,80,0.29739776951672864,8.193975767183785,325,76,203,0.7546468401486989
1500,full,epci,269,56,33,0.12267657992565056,16.119625751837827,505,95,145,0.5390334572490706
1500,full,department,269,10,200,0.7434944237918215,1.7672731713273904,80,48,225,0.8364312267657993
1500,full,joint,269,10,200,0.7434944237918215,1.7672731713273904,585,143,225,0.8364312267657993
